{
  "post_stream": {
    "posts": [
      {
        "id": 588140,
        "name": "Shalini Saravanan",
        "username": "24f2006531",
        "avatar_template": "/user_avatar/discourse.onlinedegree.iitm.ac.in/24f2006531/{size}/111700_2.png",
        "created_at": "2025-01-31T06:26:47.630Z",
        "cooked": "<p>Is it considered best practice to create a virtual environment rather than installing packages globally, especially when working on projects that require multiple libraries? I understand that in a professional setting, we often work on multiple projects simultaneously, and developing the habit of using virtual environments now can help reinforce this practice for future projects.</p>\n<p>Additionally, when managing dependencies, would it be better to install packages individually using pip or list them in a requirements.txt file? My understanding is that if a version is not specified in the requirements.txt file, it installs the latest available version, whereas specifying a version ensures a specific installation. However, I have encountered instances where a specific version failed to install, requiring me to modify the requirements.txt file and remove the version constraint. In such cases, wouldn’t installing directly via pip be more practical?</p>\n<p>That said, I also recognize that different projects may have unique dependency requirements. I’d appreciate your insights on best practices for managing dependencies efficiently.</p>",
        "post_number": 1,
        "post_type": 1,
        "posts_count": 4,
        "updated_at": "2025-01-31T06:26:47.630Z",
        "reply_count": 2,
        "reply_to_post_number": null,
        "quote_count": 0,
        "incoming_link_count": 0,
        "reads": 23,
        "readers_count": 22,
        "score": 14.2,
        "yours": false,
        "topic_id": 165922,
        "topic_slug": "best-practices-for-virtual-environments-and-dependency-management-in-python",
        "display_username": "Shalini Saravanan",
        "primary_group_name": "ds-students",
        "flair_name": "ds-students",
        "flair_url": null,
        "flair_bg_color": "",
        "flair_color": "",
        "flair_group_id": 294,
        "badges_granted": [],
        "version": 1,
        "can_edit": false,
        "can_delete": false,
        "can_recover": false,
        "can_see_hidden_post": false,
        "can_wiki": false,
        "read": false,
        "user_title": null,
        "bookmarked": false,
        "actions_summary": [
          {
            "id": 2,
            "can_act": true
          },
          {
            "id": 6,
            "can_act": true
          },
          {
            "id": 3,
            "can_act": true
          },
          {
            "id": 4,
            "can_act": true
          },
          {
            "id": 8,
            "can_act": true
          },
          {
            "id": 10,
            "can_act": true
          },
          {
            "id": 7,
            "can_act": true
          }
        ],
        "moderator": false,
        "admin": false,
        "staff": false,
        "user_id": 36236,
        "hidden": false,
        "trust_level": 1,
        "deleted_at": null,
        "user_deleted": false,
        "edit_reason": null,
        "can_view_edit_history": true,
        "wiki": false,
        "post_url": "/t/best-practices-for-virtual-environments-and-dependency-management-in-python/165922/1",
        "user_cakedate": "2024-09-21",
        "reactions": [],
        "current_user_reaction": null,
        "reaction_users_count": 0,
        "current_user_used_main_reaction": false,
        "can_accept_answer": false,
        "can_unaccept_answer": false,
        "accepted_answer": false,
        "topic_accepted_answer": null,
        "can_vote": false
      },
      {
        "id": 588153,
        "name": "Carlton D'Silva",
        "username": "carlton",
        "avatar_template": "/user_avatar/discourse.onlinedegree.iitm.ac.in/carlton/{size}/56317_2.png",
        "created_at": "2025-01-31T06:50:45.102Z",
        "cooked": "<p>Yes, using a virtual environment is definitely considered best practice when working on Python projects. This approach helps avoid dependency conflicts between projects and ensures a consistent development environment. The main reasons why you should use virtual environments:</p>\n<ol>\n<li>\n<p><strong>Isolation</strong> – Each project has its own set of dependencies, preventing conflicts with other projects.</p>\n</li>\n<li>\n<p><strong>Reproducibility</strong> – A virtual environment ensures that all contributors work with the same dependencies.</p>\n</li>\n<li>\n<p><strong>Portability</strong> – You can share a project with others (or deploy it) without worrying about system-wide package versions interfering.</p>\n</li>\n</ol>\n<hr>\n<ol>\n<li><strong>Installing with pip individually (pip install package-name)</strong></li>\n</ol>\n<p>• Good for quick experimentation and testing.</p>\n<p>• Not ideal for long-term project management because dependencies might update and break compatibility over time.</p>\n<ol start=\"2\">\n<li><strong>Using requirements.txt</strong></li>\n</ol>\n<p>• Best for <strong>reproducibility</strong> and <strong>collaboration</strong> since others can install the exact same dependencies using pip install -r requirements.txt.</p>\n<p>• Avoids issues where one developer uses an updated library that breaks compatibility with another developer’s setup.</p>\n<p><strong>Specifying Versions in requirements.txt</strong></p>\n<p>• If you <strong>don’t specify a version</strong>, pip install -r requirements.txt will install the latest available versions, which might introduce unexpected breaking changes.</p>\n<p>• If you <strong>do specify a version (package==1.2.3)</strong>, you ensure consistency but may run into problems if that version becomes unavailable or has compatibility issues.</p>\n<p><strong>Handling Version Conflicts</strong></p>\n<p>• If a package version fails to install, try removing the strict version constraint and reinstall.</p>\n<p>• Instead of completely omitting version numbers, consider:</p>\n<p>• Using <strong>greater than/less than constraints</strong>: package&gt;=1.2,&lt;2.0 (allows updates but avoids major version changes).</p>\n<p>• Running pip freeze &gt; requirements.txt after confirming a stable environment.</p>\n<p><strong>Best Practices Summary</strong></p>\n<ul>\n<li>Always use a virtual environment (e.g., venv or conda).</li>\n<li>Use a <strong>requirements.txt</strong> file for reproducibility.</li>\n<li>Pin versions cautiously—avoid unnecessary strict versioning unless needed.</li>\n<li>Periodically review and update dependencies to prevent using outdated or insecure packages.</li>\n</ul>\n<p>Kind regards</p>",
        "post_number": 2,
        "post_type": 1,
        "posts_count": 4,
        "updated_at": "2025-01-31T06:56:44.659Z",
        "reply_count": 1,
        "reply_to_post_number": null,
        "quote_count": 0,
        "incoming_link_count": 0,
        "reads": 19,
        "readers_count": 18,
        "score": 38.6,
        "yours": false,
        "topic_id": 165922,
        "topic_slug": "best-practices-for-virtual-environments-and-dependency-management-in-python",
        "display_username": "Carlton D'Silva",
        "primary_group_name": "ds-students",
        "flair_name": "ds-students",
        "flair_url": null,
        "flair_bg_color": "",
        "flair_color": "",
        "flair_group_id": 294,
        "badges_granted": [],
        "version": 4,
        "can_edit": false,
        "can_delete": false,
        "can_recover": false,
        "can_see_hidden_post": false,
        "can_wiki": false,
        "read": false,
        "user_title": "Regular",
        "title_is_group": false,
        "bookmarked": false,
        "actions_summary": [
          {
            "id": 2,
            "count": 2,
            "can_act": true
          },
          {
            "id": 6,
            "can_act": true
          },
          {
            "id": 3,
            "can_act": true
          },
          {
            "id": 4,
            "can_act": true
          },
          {
            "id": 8,
            "can_act": true
          },
          {
            "id": 10,
            "can_act": true
          },
          {
            "id": 7,
            "can_act": true
          }
        ],
        "moderator": false,
        "admin": false,
        "staff": false,
        "group_moderator": true,
        "user_id": 16094,
        "hidden": false,
        "trust_level": 3,
        "deleted_at": null,
        "user_deleted": false,
        "edit_reason": null,
        "can_view_edit_history": true,
        "wiki": false,
        "post_url": "/t/best-practices-for-virtual-environments-and-dependency-management-in-python/165922/2",
        "user_cakedate": "2023-01-25",
        "reactions": [
          {
            "id": "heart",
            "type": "emoji",
            "count": 2
          }
        ],
        "current_user_reaction": null,
        "reaction_users_count": 2,
        "current_user_used_main_reaction": false,
        "can_accept_answer": false,
        "can_unaccept_answer": false,
        "accepted_answer": false,
        "topic_accepted_answer": null
      },
      {
        "id": 588155,
        "name": "Harsh Shah",
        "username": "23f2003845",
        "avatar_template": "https://avatars.discourse-cdn.com/v4/letter/2/6f9a4e/{size}.png",
        "created_at": "2025-01-31T06:54:16.291Z",
        "cooked": "<p>For some projects where there are many dependencies, like an ML project or flask app, it’s better you mantain a virtual environment since the dependencies are interconnected with their versions.</p>\n<p>Whereas for some simple projects, with less dependencies, global installation is fine.</p>\n<blockquote>\n<p>For project that is to be deployed, make sure you use the virtual environment, only then you can ensure what worked for you also works on the deployement</p>\n</blockquote>\n<hr>\n<aside class=\"quote group-ds-students\" data-username=\"24f2006531\" data-post=\"1\" data-topic=\"165922\">\n<div class=\"title\">\n<div class=\"quote-controls\"></div>\n<img alt=\"\" width=\"24\" height=\"24\" src=\"https://dub1.discourse-cdn.com/flex013/user_avatar/discourse.onlinedegree.iitm.ac.in/24f2006531/48/111700_2.png\" class=\"avatar\"> 24f2006531:</div>\n<blockquote>\n<p>Additionally, when managing dependencies, would it be better to install packages individually using pip or list them in a requirements.txt file?</p>\n</blockquote>\n</aside>\n<p>Coming to your second question,</p>\n<p>The first time you install a fresh dependency, use direct and latest version. But if you are cloning or thinking of sharing the repo or using someone’s project it’s better to use requirements.txt.</p>\n<hr>\n<aside class=\"quote group-ds-students\" data-username=\"24f2006531\" data-post=\"1\" data-topic=\"165922\">\n<div class=\"title\">\n<div class=\"quote-controls\"></div>\n<img alt=\"\" width=\"24\" height=\"24\" src=\"https://dub1.discourse-cdn.com/flex013/user_avatar/discourse.onlinedegree.iitm.ac.in/24f2006531/48/111700_2.png\" class=\"avatar\"> 24f2006531:</div>\n<blockquote>\n<p>My understanding is that if a version is not specified in the requirements.txt file, it installs the latest available version, whereas specifying a version ensures a specific installation</p>\n</blockquote>\n</aside>\n<p>The creation of requirements.txt ensures that the current installation version is listed.</p>\n<blockquote>\n<p>Never try to list requirements.txt. There is a command to do that, <code>pip3 freeze &gt; requirements.txt </code>. This does the hard work of listing the dependencies for you</p>\n</blockquote>",
        "post_number": 3,
        "post_type": 1,
        "posts_count": 4,
        "updated_at": "2025-01-31T06:54:16.291Z",
        "reply_count": 0,
        "reply_to_post_number": null,
        "quote_count": 1,
        "incoming_link_count": 0,
        "reads": 16,
        "readers_count": 15,
        "score": 32.8,
        "yours": false,
        "topic_id": 165922,
        "topic_slug": "best-practices-for-virtual-environments-and-dependency-management-in-python",
        "display_username": "Harsh Shah",
        "primary_group_name": "ds-students",
        "flair_name": "ds-students",
        "flair_url": null,
        "flair_bg_color": "",
        "flair_color": "",
        "flair_group_id": 294,
        "badges_granted": [],
        "version": 1,
        "can_edit": false,
        "can_delete": false,
        "can_recover": false,
        "can_see_hidden_post": false,
        "can_wiki": false,
        "read": false,
        "user_title": "",
        "bookmarked": false,
        "actions_summary": [
          {
            "id": 2,
            "count": 2,
            "can_act": true
          },
          {
            "id": 6,
            "can_act": true
          },
          {
            "id": 3,
            "can_act": true
          },
          {
            "id": 4,
            "can_act": true
          },
          {
            "id": 8,
            "can_act": true
          },
          {
            "id": 10,
            "can_act": true
          },
          {
            "id": 7,
            "can_act": true
          }
        ],
        "moderator": false,
        "admin": false,
        "staff": false,
        "user_id": 22479,
        "hidden": false,
        "trust_level": 1,
        "deleted_at": null,
        "user_deleted": false,
        "edit_reason": null,
        "can_view_edit_history": true,
        "wiki": false,
        "post_url": "/t/best-practices-for-virtual-environments-and-dependency-management-in-python/165922/3",
        "user_cakedate": "2023-09-22",
        "user_birthdate": "1904-02-21",
        "reactions": [
          {
            "id": "heart",
            "type": "emoji",
            "count": 2
          }
        ],
        "current_user_reaction": null,
        "reaction_users_count": 2,
        "current_user_used_main_reaction": false,
        "can_accept_answer": false,
        "can_unaccept_answer": false,
        "accepted_answer": false,
        "topic_accepted_answer": null
      },
      {
        "id": 588159,
        "name": "Shalini Saravanan",
        "username": "24f2006531",
        "avatar_template": "/user_avatar/discourse.onlinedegree.iitm.ac.in/24f2006531/{size}/111700_2.png",
        "created_at": "2025-01-31T07:07:47.354Z",
        "cooked": "<p>Thank you sir for clarifying.</p>\n<aside class=\"quote group-ds-students\" data-username=\"carlton\" data-post=\"2\" data-topic=\"165922\">\n<div class=\"title\">\n<div class=\"quote-controls\"></div>\n<img alt=\"\" width=\"24\" height=\"24\" src=\"https://dub1.discourse-cdn.com/flex013/user_avatar/discourse.onlinedegree.iitm.ac.in/carlton/48/56317_2.png\" class=\"avatar\"> carlton:</div>\n<blockquote>\n<p>• Using <strong>greater than/less than constraints</strong>: package&gt;=1.2,&lt;2.0 (allows updates but avoids major version changes).</p>\n</blockquote>\n</aside>\n<p>I wasn’t aware of greater than/less than constraint. This would definitely address the error I mentioned in my question.</p>",
        "post_number": 4,
        "post_type": 1,
        "posts_count": 4,
        "updated_at": "2025-01-31T07:07:47.354Z",
        "reply_count": 0,
        "reply_to_post_number": 2,
        "quote_count": 1,
        "incoming_link_count": 0,
        "reads": 14,
        "readers_count": 13,
        "score": 2.2,
        "yours": false,
        "topic_id": 165922,
        "topic_slug": "best-practices-for-virtual-environments-and-dependency-management-in-python",
        "display_username": "Shalini Saravanan",
        "primary_group_name": "ds-students",
        "flair_name": "ds-students",
        "flair_url": null,
        "flair_bg_color": "",
        "flair_color": "",
        "flair_group_id": 294,
        "badges_granted": [],
        "version": 1,
        "can_edit": false,
        "can_delete": false,
        "can_recover": false,
        "can_see_hidden_post": false,
        "can_wiki": false,
        "read": false,
        "user_title": null,
        "bookmarked": false,
        "actions_summary": [
          {
            "id": 2,
            "can_act": true
          },
          {
            "id": 6,
            "can_act": true
          },
          {
            "id": 3,
            "can_act": true
          },
          {
            "id": 4,
            "can_act": true
          },
          {
            "id": 8,
            "can_act": true
          },
          {
            "id": 10,
            "can_act": true
          },
          {
            "id": 7,
            "can_act": true
          }
        ],
        "moderator": false,
        "admin": false,
        "staff": false,
        "user_id": 36236,
        "hidden": false,
        "trust_level": 1,
        "deleted_at": null,
        "user_deleted": false,
        "edit_reason": null,
        "can_view_edit_history": true,
        "wiki": false,
        "post_url": "/t/best-practices-for-virtual-environments-and-dependency-management-in-python/165922/4",
        "user_cakedate": "2024-09-21",
        "reactions": [],
        "current_user_reaction": null,
        "reaction_users_count": 0,
        "current_user_used_main_reaction": false,
        "can_accept_answer": false,
        "can_unaccept_answer": false,
        "accepted_answer": false,
        "topic_accepted_answer": null
      }
    ],
    "stream": [
      588140,
      588153,
      588155,
      588159
    ]
  },
  "timeline_lookup": [
    [
      1,
      120
    ]
  ],
  "suggested_topics": [
    {
      "id": 173524,
      "title": "GA1 - Development Tools - Discussion Thread [TDS May 2025]",
      "fancy_title": "GA1 - Development Tools - Discussion Thread [TDS May 2025]",
      "slug": "ga1-development-tools-discussion-thread-tds-may-2025",
      "posts_count": 80,
      "reply_count": 51,
      "highest_post_number": 85,
      "image_url": null,
      "created_at": "2025-05-01T11:39:00.734Z",
      "last_posted_at": "2025-05-31T15:34:18.368Z",
      "bumped": true,
      "bumped_at": "2025-05-31T15:34:18.368Z",
      "archetype": "regular",
      "unseen": false,
      "last_read_post_number": 82,
      "unread": 0,
      "new_posts": 3,
      "unread_posts": 3,
      "pinned": false,
      "unpinned": null,
      "visible": true,
      "closed": false,
      "archived": false,
      "notification_level": 2,
      "bookmarked": false,
      "liked": false,
      "tags": [
        "term2-2025",
        "graded-assignment"
      ],
      "tags_descriptions": {},
      "like_count": 25,
      "views": 1155,
      "category_id": 34,
      "featured_link": null,
      "has_accepted_answer": false,
      "posters": [
        {
          "extras": null,
          "description": "Original Poster",
          "user": {
            "id": 9419,
            "username": "s.anand",
            "name": "Anand S",
            "avatar_template": "/user_avatar/discourse.onlinedegree.iitm.ac.in/s.anand/{size}/15264_2.png",
            "primary_group_name": "faculty",
            "flair_name": "faculty",
            "flair_url": "chalkboard-user",
            "flair_bg_color": "f2c26e",
            "flair_color": "000",
            "flair_group_id": 54,
            "trust_level": 4
          }
        },
        {
          "extras": null,
          "description": "Frequent Poster",
          "user": {
            "id": 22472,
            "username": "Advaith52",
            "name": "Advaith Sanil Kumar",
            "avatar_template": "/user_avatar/discourse.onlinedegree.iitm.ac.in/advaith52/{size}/67172_2.png",
            "primary_group_name": "ds-students",
            "flair_name": "ds-students",
            "flair_group_id": 294,
            "trust_level": 1
          }
        },
        {
          "extras": null,
          "description": "Frequent Poster",
          "user": {
            "id": 16094,
            "username": "carlton",
            "name": "Carlton D'Silva",
            "avatar_template": "/user_avatar/discourse.onlinedegree.iitm.ac.in/carlton/{size}/56317_2.png",
            "primary_group_name": "ds-students",
            "flair_name": "ds-students",
            "flair_group_id": 294,
            "trust_level": 3
          }
        },
        {
          "extras": null,
          "description": "Frequent Poster",
          "user": {
            "id": 15658,
            "username": "HritikRoshan_HRM",
            "name": "HRITIK ROSHAN MAURYA",
            "avatar_template": "/user_avatar/discourse.onlinedegree.iitm.ac.in/hritikroshan_hrm/{size}/66975_2.png",
            "primary_group_name": "ds-students",
            "flair_name": "ds-students",
            "flair_group_id": 294,
            "trust_level": 1
          }
        },
        {
          "extras": "latest",
          "description": "Most Recent Poster",
          "user": {
            "id": 12914,
            "username": "iAnimeshS",
            "name": "Animesh",
            "avatar_template": "/user_avatar/discourse.onlinedegree.iitm.ac.in/ianimeshs/{size}/12415_2.png",
            "primary_group_name": "ds-students",
            "flair_name": "ds-students",
            "flair_group_id": 294,
            "trust_level": 1
          }
        }
      ]
    },
    {
      "id": 176789,
      "title": "Vercel deployement error",
      "fancy_title": "Vercel deployement error",
      "slug": "vercel-deployement-error",
      "posts_count": 1,
      "reply_count": 0,
      "highest_post_number": 1,
      "image_url": null,
      "created_at": "2025-05-31T11:55:22.507Z",
      "last_posted_at": "2025-05-31T11:55:22.708Z",
      "bumped": true,
      "bumped_at": "2025-05-31T11:55:22.708Z",
      "archetype": "regular",
      "unseen": true,
      "pinned": false,
      "unpinned": null,
      "visible": true,
      "closed": false,
      "archived": false,
      "bookmarked": null,
      "liked": null,
      "tags": [
        "diploma-level",
        "term2-2025"
      ],
      "tags_descriptions": {},
      "like_count": 0,
      "views": 9,
      "category_id": 34,
      "featured_link": null,
      "has_accepted_answer": false,
      "posters": [
        {
          "extras": "latest single",
          "description": "Original Poster, Most Recent Poster",
          "user": {
            "id": 25506,
            "username": "23f3003724",
            "name": "Vedika Gupta",
            "avatar_template": "/user_avatar/discourse.onlinedegree.iitm.ac.in/23f3003724/{size}/68806_2.png",
            "primary_group_name": "ds-students",
            "flair_name": "ds-students",
            "flair_group_id": 294,
            "trust_level": 1
          }
        }
      ]
    }
  ],
  "tags": [
    "clarification",
    "miscellaneous",
    "graded-assignment"
  ],
  "tags_descriptions": {},
  "id": 165922,
  "title": "Best Practices for Virtual Environments and Dependency Management in Python",
  "fancy_title": "Best Practices for Virtual Environments and Dependency Management in Python",
  "posts_count": 4,
  "created_at": "2025-01-31T06:26:47.382Z",
  "views": 27,
  "reply_count": 1,
  "like_count": 4,
  "last_posted_at": "2025-01-31T07:07:47.354Z",
  "visible": true,
  "closed": false,
  "archived": false,
  "has_summary": false,
  "archetype": "regular",
  "slug": "best-practices-for-virtual-environments-and-dependency-management-in-python",
  "category_id": 34,
  "word_count": 747,
  "deleted_at": null,
  "user_id": 36236,
  "featured_link": null,
  "pinned_globally": false,
  "pinned_at": null,
  "pinned_until": null,
  "image_url": null,
  "slow_mode_seconds": 0,
  "draft": null,
  "draft_key": "topic_165922",
  "draft_sequence": 0,
  "unpinned": null,
  "pinned": false,
  "current_post_number": 1,
  "highest_post_number": 4,
  "deleted_by": null,
  "actions_summary": [
    {
      "id": 4,
      "count": 0,
      "hidden": false,
      "can_act": true
    },
    {
      "id": 8,
      "count": 0,
      "hidden": false,
      "can_act": true
    },
    {
      "id": 10,
      "count": 0,
      "hidden": false,
      "can_act": true
    },
    {
      "id": 7,
      "count": 0,
      "hidden": false,
      "can_act": true
    }
  ],
  "chunk_size": 20,
  "bookmarked": false,
  "topic_timer": null,
  "message_bus_last_id": 0,
  "participant_count": 3,
  "show_read_indicator": false,
  "thumbnails": null,
  "slow_mode_enabled_until": null,
  "tags_disable_ads": false,
  "related_topics": [
    {
      "id": 49704,
      "title": "Doubt on working of virtual environment",
      "fancy_title": "Doubt on working of virtual environment",
      "slug": "doubt-on-working-of-virtual-environment",
      "posts_count": 8,
      "reply_count": 3,
      "highest_post_number": 8,
      "image_url": null,
      "created_at": "2022-05-22T05:05:09.745Z",
      "last_posted_at": "2022-05-23T04:28:22.336Z",
      "bumped": true,
      "bumped_at": "2022-05-23T04:28:22.336Z",
      "archetype": "regular",
      "unseen": false,
      "pinned": false,
      "unpinned": null,
      "visible": true,
      "closed": false,
      "archived": false,
      "bookmarked": null,
      "liked": null,
      "tags": [
        "lab-assignment",
        "week-3"
      ],
      "tags_descriptions": {},
      "like_count": 1,
      "views": 112,
      "category_id": 29,
      "featured_link": null,
      "has_accepted_answer": false,
      "posters": [
        {
          "extras": null,
          "description": "Original Poster",
          "user": {
            "id": 12121,
            "username": "21f3001843",
            "name": "Akshay Krishna",
            "avatar_template": "/user_avatar/discourse.onlinedegree.iitm.ac.in/21f3001843/{size}/14261_2.png",
            "primary_group_name": "ds-students",
            "flair_name": "ds-students",
            "flair_group_id": 294,
            "trust_level": 1
          }
        },
        {
          "extras": null,
          "description": "Frequent Poster",
          "user": {
            "id": 1676,
            "username": "monees007",
            "name": "Monees Chandra",
            "avatar_template": "/user_avatar/discourse.onlinedegree.iitm.ac.in/monees007/{size}/311_2.png",
            "primary_group_name": "ds-students",
            "flair_name": "ds-students",
            "flair_group_id": 294,
            "trust_level": 1
          }
        },
        {
          "extras": null,
          "description": "Frequent Poster",
          "user": {
            "id": 9213,
            "username": "DeviPOD",
            "name": "Devi R",
            "avatar_template": "/user_avatar/discourse.onlinedegree.iitm.ac.in/devipod/{size}/14724_2.png",
            "trust_level": 1
          }
        },
        {
          "extras": null,
          "description": "Frequent Poster",
          "user": {
            "id": 6391,
            "username": "21f2001304",
            "name": "Shivang Kumar",
            "avatar_template": "/user_avatar/discourse.onlinedegree.iitm.ac.in/21f2001304/{size}/107811_2.png",
            "primary_group_name": "ds-students",
            "flair_name": "ds-students",
            "flair_group_id": 294,
            "trust_level": 1
          }
        },
        {
          "extras": "latest",
          "description": "Most Recent Poster",
          "user": {
            "id": 6124,
            "username": "AbhishekPOD",
            "name": "Abhishek",
            "avatar_template": "/user_avatar/discourse.onlinedegree.iitm.ac.in/abhishekpod/{size}/62790_2.png",
            "primary_group_name": "course_support",
            "flair_name": "course_support",
            "flair_url": "scale-balanced",
            "flair_bg_color": "0040ff",
            "flair_color": "1affc6",
            "flair_group_id": 41,
            "trust_level": 4
          }
        }
      ]
    },
    {
      "id": 27885,
      "title": "Jinja2 installation in virtual environment",
      "fancy_title": "Jinja2 installation in virtual environment",
      "slug": "jinja2-installation-in-virtual-environment",
      "posts_count": 5,
      "reply_count": 2,
      "highest_post_number": 5,
      "image_url": null,
      "created_at": "2022-01-12T14:18:40.961Z",
      "last_posted_at": "2022-01-13T17:44:46.725Z",
      "bumped": true,
      "bumped_at": "2022-01-13T17:44:46.725Z",
      "archetype": "regular",
      "unseen": false,
      "pinned": false,
      "unpinned": null,
      "visible": true,
      "closed": false,
      "archived": false,
      "bookmarked": null,
      "liked": null,
      "tags": [
        "clarification"
      ],
      "tags_descriptions": {},
      "like_count": 6,
      "views": 116,
      "category_id": 29,
      "featured_link": null,
      "has_accepted_answer": false,
      "posters": [
        {
          "extras": null,
          "description": "Original Poster",
          "user": {
            "id": 4295,
            "username": "shilparoy",
            "name": "SHILPA ROY",
            "avatar_template": "https://avatars.discourse-cdn.com/v4/letter/s/f17d59/{size}.png",
            "primary_group_name": "ds-students",
            "flair_name": "ds-students",
            "flair_group_id": 294,
            "trust_level": 1
          }
        },
        {
          "extras": null,
          "description": "Frequent Poster",
          "user": {
            "id": 6126,
            "username": "AdarshMadre",
            "name": "Adarsh Madre",
            "avatar_template": "/user_avatar/discourse.onlinedegree.iitm.ac.in/adarshmadre/{size}/12661_2.png",
            "primary_group_name": "course_support",
            "flair_name": "course_support",
            "flair_url": "scale-balanced",
            "flair_bg_color": "0040ff",
            "flair_color": "1affc6",
            "flair_group_id": 41,
            "trust_level": 4
          }
        },
        {
          "extras": null,
          "description": "Frequent Poster",
          "user": {
            "id": 6124,
            "username": "AbhishekPOD",
            "name": "Abhishek",
            "avatar_template": "/user_avatar/discourse.onlinedegree.iitm.ac.in/abhishekpod/{size}/62790_2.png",
            "primary_group_name": "course_support",
            "flair_name": "course_support",
            "flair_url": "scale-balanced",
            "flair_bg_color": "0040ff",
            "flair_color": "1affc6",
            "flair_group_id": 41,
            "trust_level": 4
          }
        },
        {
          "extras": "latest",
          "description": "Most Recent Poster",
          "user": {
            "id": 1683,
            "username": "rakeshkr",
            "name": "Rakesh Kumar Mandal",
            "avatar_template": "/user_avatar/discourse.onlinedegree.iitm.ac.in/rakeshkr/{size}/40_2.png",
            "primary_group_name": "ds-students",
            "flair_name": "ds-students",
            "flair_group_id": 294,
            "trust_level": 1
          }
        }
      ]
    },
    {
      "id": 39914,
      "title": "Environment Setup Doubt",
      "fancy_title": "Environment Setup Doubt",
      "slug": "environment-setup-doubt",
      "posts_count": 13,
      "reply_count": 10,
      "highest_post_number": 13,
      "image_url": "https://europe1.discourse-cdn.com/flex013/uploads/iitm/optimized/3X/2/f/2f07fe3bce0503ca091ee4263750fc06e9699752_2_1024x315.png",
      "created_at": "2022-03-18T03:11:26.837Z",
      "last_posted_at": "2022-03-18T15:08:07.376Z",
      "bumped": true,
      "bumped_at": "2022-03-18T15:08:07.376Z",
      "archetype": "regular",
      "unseen": false,
      "pinned": false,
      "unpinned": null,
      "visible": true,
      "closed": false,
      "archived": false,
      "bookmarked": null,
      "liked": null,
      "tags": [
        "clarification"
      ],
      "tags_descriptions": {},
      "like_count": 5,
      "views": 89,
      "category_id": 29,
      "featured_link": null,
      "has_accepted_answer": false,
      "posters": [
        {
          "extras": null,
          "description": "Original Poster",
          "user": {
            "id": 1683,
            "username": "rakeshkr",
            "name": "Rakesh Kumar Mandal",
            "avatar_template": "/user_avatar/discourse.onlinedegree.iitm.ac.in/rakeshkr/{size}/40_2.png",
            "primary_group_name": "ds-students",
            "flair_name": "ds-students",
            "flair_group_id": 294,
            "trust_level": 1
          }
        },
        {
          "extras": null,
          "description": "Frequent Poster",
          "user": {
            "id": 950,
            "username": "Pranathi",
            "name": "Pesala Pranathi",
            "avatar_template": "/user_avatar/discourse.onlinedegree.iitm.ac.in/pranathi/{size}/123_2.png",
            "primary_group_name": "ds-students",
            "flair_name": "ds-students",
            "flair_group_id": 294,
            "trust_level": 1
          }
        },
        {
          "extras": null,
          "description": "Frequent Poster",
          "user": {
            "id": 4295,
            "username": "shilparoy",
            "name": "SHILPA ROY",
            "avatar_template": "https://avatars.discourse-cdn.com/v4/letter/s/f17d59/{size}.png",
            "primary_group_name": "ds-students",
            "flair_name": "ds-students",
            "flair_group_id": 294,
            "trust_level": 1
          }
        },
        {
          "extras": null,
          "description": "Frequent Poster",
          "user": {
            "id": 802,
            "username": "Shreya223",
            "name": "Shreya Sengupta",
            "avatar_template": "/user_avatar/discourse.onlinedegree.iitm.ac.in/shreya223/{size}/309_2.png",
            "primary_group_name": "ds-students",
            "flair_name": "ds-students",
            "flair_group_id": 294,
            "trust_level": 1
          }
        },
        {
          "extras": "latest",
          "description": "Most Recent Poster",
          "user": {
            "id": 3733,
            "username": "Pru19",
            "name": "Prahlad Singhania",
            "avatar_template": "/user_avatar/discourse.onlinedegree.iitm.ac.in/pru19/{size}/66281_2.png",
            "primary_group_name": "ds-students",
            "flair_name": "ds-students",
            "flair_group_id": 294,
            "trust_level": 1
          }
        }
      ]
    },
    {
      "id": 16564,
      "title": "Virtual Environment",
      "fancy_title": "Virtual Environment",
      "slug": "virtual-environment",
      "posts_count": 4,
      "reply_count": 2,
      "highest_post_number": 4,
      "image_url": null,
      "created_at": "2021-09-24T15:11:32.914Z",
      "last_posted_at": "2021-09-25T04:59:43.732Z",
      "bumped": true,
      "bumped_at": "2021-09-25T04:59:43.732Z",
      "archetype": "regular",
      "unseen": false,
      "pinned": false,
      "unpinned": null,
      "visible": true,
      "closed": false,
      "archived": false,
      "bookmarked": null,
      "liked": null,
      "tags": [
        "clarification",
        "week-3"
      ],
      "tags_descriptions": {},
      "like_count": 3,
      "views": 93,
      "category_id": 29,
      "featured_link": null,
      "has_accepted_answer": true,
      "posters": [
        {
          "extras": null,
          "description": "Original Poster",
          "user": {
            "id": 2304,
            "username": "AaM_Admi",
            "name": "Niladri Pradhan",
            "avatar_template": "https://avatars.discourse-cdn.com/v4/letter/a/838e76/{size}.png",
            "primary_group_name": "ds-students",
            "flair_name": "ds-students",
            "flair_group_id": 294,
            "trust_level": 1
          }
        },
        {
          "extras": "latest",
          "description": "Most Recent Poster, Accepted Answer",
          "user": {
            "id": 6124,
            "username": "AbhishekPOD",
            "name": "Abhishek",
            "avatar_template": "/user_avatar/discourse.onlinedegree.iitm.ac.in/abhishekpod/{size}/62790_2.png",
            "primary_group_name": "course_support",
            "flair_name": "course_support",
            "flair_url": "scale-balanced",
            "flair_bg_color": "0040ff",
            "flair_color": "1affc6",
            "flair_group_id": 41,
            "trust_level": 4
          }
        }
      ]
    },
    {
      "id": 109231,
      "title": "Virtual env files in MAD2 Project",
      "fancy_title": "Virtual env files in MAD2 Project",
      "slug": "virtual-env-files-in-mad2-project",
      "posts_count": 2,
      "reply_count": 0,
      "highest_post_number": 2,
      "image_url": null,
      "created_at": "2023-11-12T01:56:22.493Z",
      "last_posted_at": "2023-11-12T05:52:53.809Z",
      "bumped": true,
      "bumped_at": "2023-11-12T05:52:53.809Z",
      "archetype": "regular",
      "unseen": false,
      "pinned": false,
      "unpinned": null,
      "visible": true,
      "closed": false,
      "archived": false,
      "bookmarked": null,
      "liked": null,
      "tags": [
        "clarification"
      ],
      "tags_descriptions": {},
      "like_count": 1,
      "views": 38,
      "category_id": 37,
      "featured_link": null,
      "has_accepted_answer": false,
      "posters": [
        {
          "extras": null,
          "description": "Original Poster",
          "user": {
            "id": 17287,
            "username": "22f3002350",
            "name": "Ojasv Singhal",
            "avatar_template": "/user_avatar/discourse.onlinedegree.iitm.ac.in/22f3002350/{size}/72647_2.png",
            "primary_group_name": "ds-students",
            "flair_name": "ds-students",
            "flair_group_id": 294,
            "trust_level": 1
          }
        },
        {
          "extras": "latest",
          "description": "Most Recent Poster",
          "user": {
            "id": 6125,
            "username": "Narendra",
            "name": "Narendra Mishra",
            "avatar_template": "/user_avatar/discourse.onlinedegree.iitm.ac.in/narendra/{size}/13724_2.png",
            "trust_level": 1
          }
        }
      ]
    }
  ],
  "summarizable": false,
  "valid_reactions": [
    "heart",
    "+1",
    "laughing",
    "open_mouth",
    "clap",
    "confetti_ball",
    "rocket",
    "-1"
  ],
  "can_vote": false,
  "vote_count": 0,
  "user_voted": false,
  "discourse_zendesk_plugin_zendesk_id": null,
  "discourse_zendesk_plugin_zendesk_url": "https://your-url.zendesk.com/agent/tickets/",
  "details": {
    "can_edit": false,
    "notification_level": 1,
    "can_create_post": true,
    "can_reply_as_new_topic": true,
    "can_flag_topic": true,
    "participants": [
      {
        "id": 36236,
        "username": "24f2006531",
        "name": "Shalini Saravanan",
        "avatar_template": "/user_avatar/discourse.onlinedegree.iitm.ac.in/24f2006531/{size}/111700_2.png",
        "post_count": 2,
        "primary_group_name": "ds-students",
        "flair_name": "ds-students",
        "flair_url": null,
        "flair_color": "",
        "flair_bg_color": "",
        "flair_group_id": 294,
        "trust_level": 1
      },
      {
        "id": 16094,
        "username": "carlton",
        "name": "Carlton D'Silva",
        "avatar_template": "/user_avatar/discourse.onlinedegree.iitm.ac.in/carlton/{size}/56317_2.png",
        "post_count": 1,
        "primary_group_name": "ds-students",
        "flair_name": "ds-students",
        "flair_url": null,
        "flair_color": "",
        "flair_bg_color": "",
        "flair_group_id": 294,
        "trust_level": 3
      },
      {
        "id": 22479,
        "username": "23f2003845",
        "name": "Harsh Shah",
        "avatar_template": "https://avatars.discourse-cdn.com/v4/letter/2/6f9a4e/{size}.png",
        "post_count": 1,
        "primary_group_name": "ds-students",
        "flair_name": "ds-students",
        "flair_url": null,
        "flair_color": "",
        "flair_bg_color": "",
        "flair_group_id": 294,
        "trust_level": 1
      }
    ],
    "created_by": {
      "id": 36236,
      "username": "24f2006531",
      "name": "Shalini Saravanan",
      "avatar_template": "/user_avatar/discourse.onlinedegree.iitm.ac.in/24f2006531/{size}/111700_2.png"
    },
    "last_poster": {
      "id": 36236,
      "username": "24f2006531",
      "name": "Shalini Saravanan",
      "avatar_template": "/user_avatar/discourse.onlinedegree.iitm.ac.in/24f2006531/{size}/111700_2.png"
    }
  },
  "pending_posts": [],
  "bookmarks": []
}