{
  "post_stream": {
    "posts": [
      {
        "id": 618632,
        "name": "Sagandeep Kaur",
        "username": "Sagan",
        "avatar_template": "/user_avatar/discourse.onlinedegree.iitm.ac.in/sagan/{size}/95367_2.png",
        "created_at": "2025-04-12T12:32:53.702Z",
        "cooked": "<p><div class=\"lightbox-wrapper\"><a class=\"lightbox\" href=\"https://europe1.discourse-cdn.com/flex013/uploads/iitm/original/3X/e/c/ec056436956f57e59ec82e28ba057bcac702e5b9.png\" data-download-href=\"/uploads/short-url/xFWew9yxXiAf0RYldrLYeK0vB5D.png?dl=1\" title=\"Screenshot (883)\" rel=\"noopener nofollow ugc\"><img src=\"https://europe1.discourse-cdn.com/flex013/uploads/iitm/optimized/3X/e/c/ec056436956f57e59ec82e28ba057bcac702e5b9_2_690x388.png\" alt=\"Screenshot (883)\" data-base62-sha1=\"xFWew9yxXiAf0RYldrLYeK0vB5D\" width=\"690\" height=\"388\" srcset=\"https://europe1.discourse-cdn.com/flex013/uploads/iitm/optimized/3X/e/c/ec056436956f57e59ec82e28ba057bcac702e5b9_2_690x388.png, https://europe1.discourse-cdn.com/flex013/uploads/iitm/optimized/3X/e/c/ec056436956f57e59ec82e28ba057bcac702e5b9_2_1035x582.png 1.5x, https://europe1.discourse-cdn.com/flex013/uploads/iitm/optimized/3X/e/c/ec056436956f57e59ec82e28ba057bcac702e5b9_2_1380x776.png 2x\" data-dominant-color=\"252525\"><div class=\"meta\"><svg class=\"fa d-icon d-icon-far-image svg-icon\" aria-hidden=\"true\"><use href=\"#far-image\"></use></svg><span class=\"filename\">Screenshot (883)</span><span class=\"informations\">1920×1080 368 KB</span><svg class=\"fa d-icon d-icon-discourse-expand svg-icon\" aria-hidden=\"true\"><use href=\"#discourse-expand\"></use></svg></div></a></div><br>\n<div class=\"lightbox-wrapper\"><a class=\"lightbox\" href=\"https://europe1.discourse-cdn.com/flex013/uploads/iitm/original/3X/b/b/bbcfe87fc66baeed2b84b5fa886be843839c8f04.jpeg\" data-download-href=\"/uploads/short-url/qNsJ9lnqvnyPQeMwALzzJDD2lTu.jpeg?dl=1\" title=\"Screenshot (884)\" rel=\"noopener nofollow ugc\"><img src=\"https://europe1.discourse-cdn.com/flex013/uploads/iitm/optimized/3X/b/b/bbcfe87fc66baeed2b84b5fa886be843839c8f04_2_690x388.jpeg\" alt=\"Screenshot (884)\" data-base62-sha1=\"qNsJ9lnqvnyPQeMwALzzJDD2lTu\" width=\"690\" height=\"388\" srcset=\"https://europe1.discourse-cdn.com/flex013/uploads/iitm/optimized/3X/b/b/bbcfe87fc66baeed2b84b5fa886be843839c8f04_2_690x388.jpeg, https://europe1.discourse-cdn.com/flex013/uploads/iitm/optimized/3X/b/b/bbcfe87fc66baeed2b84b5fa886be843839c8f04_2_1035x582.jpeg 1.5x, https://europe1.discourse-cdn.com/flex013/uploads/iitm/optimized/3X/b/b/bbcfe87fc66baeed2b84b5fa886be843839c8f04_2_1380x776.jpeg 2x\" data-dominant-color=\"5D5C5B\"><div class=\"meta\"><svg class=\"fa d-icon d-icon-far-image svg-icon\" aria-hidden=\"true\"><use href=\"#far-image\"></use></svg><span class=\"filename\">Screenshot (884)</span><span class=\"informations\">1920×1080 134 KB</span><svg class=\"fa d-icon d-icon-discourse-expand svg-icon\" aria-hidden=\"true\"><use href=\"#discourse-expand\"></use></svg></div></a></div><br>\n<div class=\"lightbox-wrapper\"><a class=\"lightbox\" href=\"https://europe1.discourse-cdn.com/flex013/uploads/iitm/original/3X/1/2/12e0850750ac2455a741c15bc7af8afb42e74fb8.png\" data-download-href=\"/uploads/short-url/2GZCMKhSPtUSBuszG1LwyNQO7LG.png?dl=1\" title=\"Screenshot (885)\" rel=\"noopener nofollow ugc\"><img src=\"https://europe1.discourse-cdn.com/flex013/uploads/iitm/optimized/3X/1/2/12e0850750ac2455a741c15bc7af8afb42e74fb8_2_690x388.png\" alt=\"Screenshot (885)\" data-base62-sha1=\"2GZCMKhSPtUSBuszG1LwyNQO7LG\" width=\"690\" height=\"388\" srcset=\"https://europe1.discourse-cdn.com/flex013/uploads/iitm/optimized/3X/1/2/12e0850750ac2455a741c15bc7af8afb42e74fb8_2_690x388.png, https://europe1.discourse-cdn.com/flex013/uploads/iitm/optimized/3X/1/2/12e0850750ac2455a741c15bc7af8afb42e74fb8_2_1035x582.png 1.5x, https://europe1.discourse-cdn.com/flex013/uploads/iitm/optimized/3X/1/2/12e0850750ac2455a741c15bc7af8afb42e74fb8_2_1380x776.png 2x\" data-dominant-color=\"222221\"><div class=\"meta\"><svg class=\"fa d-icon d-icon-far-image svg-icon\" aria-hidden=\"true\"><use href=\"#far-image\"></use></svg><span class=\"filename\">Screenshot (885)</span><span class=\"informations\">1920×1080 315 KB</span><svg class=\"fa d-icon d-icon-discourse-expand svg-icon\" aria-hidden=\"true\"><use href=\"#discourse-expand\"></use></svg></div></a></div><br>\n<div class=\"lightbox-wrapper\"><a class=\"lightbox\" href=\"https://europe1.discourse-cdn.com/flex013/uploads/iitm/original/3X/d/b/dbc48b38657ebbba8ddaf78f346cba73b1d9b032.png\" data-download-href=\"/uploads/short-url/vm9ES7tI4ZbPvvOh0fFQ6wAgMtI.png?dl=1\" title=\"Screenshot (886)\" rel=\"noopener nofollow ugc\"><img src=\"https://europe1.discourse-cdn.com/flex013/uploads/iitm/optimized/3X/d/b/dbc48b38657ebbba8ddaf78f346cba73b1d9b032_2_690x388.png\" alt=\"Screenshot (886)\" data-base62-sha1=\"vm9ES7tI4ZbPvvOh0fFQ6wAgMtI\" width=\"690\" height=\"388\" srcset=\"https://europe1.discourse-cdn.com/flex013/uploads/iitm/optimized/3X/d/b/dbc48b38657ebbba8ddaf78f346cba73b1d9b032_2_690x388.png, https://europe1.discourse-cdn.com/flex013/uploads/iitm/optimized/3X/d/b/dbc48b38657ebbba8ddaf78f346cba73b1d9b032_2_1035x582.png 1.5x, https://europe1.discourse-cdn.com/flex013/uploads/iitm/optimized/3X/d/b/dbc48b38657ebbba8ddaf78f346cba73b1d9b032_2_1380x776.png 2x\" data-dominant-color=\"232322\"><div class=\"meta\"><svg class=\"fa d-icon d-icon-far-image svg-icon\" aria-hidden=\"true\"><use href=\"#far-image\"></use></svg><span class=\"filename\">Screenshot (886)</span><span class=\"informations\">1920×1080 308 KB</span><svg class=\"fa d-icon d-icon-discourse-expand svg-icon\" aria-hidden=\"true\"><use href=\"#discourse-expand\"></use></svg></div></a></div></p>\n<p>This question is in 2024 Dec22: IIT M FN EXAM QDD2<br>\nCan anyone tell how to solve this?</p>",
        "post_number": 1,
        "post_type": 1,
        "posts_count": 1,
        "updated_at": "2025-04-12T12:32:53.702Z",
        "reply_count": 0,
        "reply_to_post_number": null,
        "quote_count": 0,
        "incoming_link_count": 0,
        "reads": 70,
        "readers_count": 69,
        "score": 13.2,
        "yours": false,
        "topic_id": 172546,
        "topic_slug": "pyq-haversine",
        "display_username": "Sagandeep Kaur",
        "primary_group_name": "ds-students",
        "flair_name": "ds-students",
        "flair_url": null,
        "flair_bg_color": "",
        "flair_color": "",
        "flair_group_id": 294,
        "badges_granted": [],
        "version": 1,
        "can_edit": false,
        "can_delete": false,
        "can_recover": false,
        "can_see_hidden_post": false,
        "can_wiki": false,
        "read": false,
        "user_title": "",
        "bookmarked": false,
        "actions_summary": [
          {
            "id": 2,
            "can_act": true
          },
          {
            "id": 6,
            "can_act": true
          },
          {
            "id": 3,
            "can_act": true
          },
          {
            "id": 4,
            "can_act": true
          },
          {
            "id": 8,
            "can_act": true
          },
          {
            "id": 10,
            "can_act": true
          },
          {
            "id": 7,
            "can_act": true
          }
        ],
        "moderator": false,
        "admin": false,
        "staff": false,
        "user_id": 22224,
        "hidden": false,
        "trust_level": 1,
        "deleted_at": null,
        "user_deleted": false,
        "edit_reason": null,
        "can_view_edit_history": true,
        "wiki": false,
        "post_url": "/t/pyq-haversine/172546/1",
        "user_cakedate": "2023-09-19",
        "user_birthdate": "1904-12-29",
        "reactions": [],
        "current_user_reaction": null,
        "reaction_users_count": 0,
        "current_user_used_main_reaction": false,
        "can_accept_answer": false,
        "can_unaccept_answer": false,
        "accepted_answer": false,
        "topic_accepted_answer": null,
        "can_vote": false
      }
    ],
    "stream": [
      618632
    ]
  },
  "timeline_lookup": [
    [
      1,
      49
    ]
  ],
  "suggested_topics": [
    {
      "id": 173524,
      "title": "GA1 - Development Tools - Discussion Thread [TDS May 2025]",
      "fancy_title": "GA1 - Development Tools - Discussion Thread [TDS May 2025]",
      "slug": "ga1-development-tools-discussion-thread-tds-may-2025",
      "posts_count": 80,
      "reply_count": 51,
      "highest_post_number": 85,
      "image_url": null,
      "created_at": "2025-05-01T11:39:00.734Z",
      "last_posted_at": "2025-05-31T15:34:18.368Z",
      "bumped": true,
      "bumped_at": "2025-05-31T15:34:18.368Z",
      "archetype": "regular",
      "unseen": false,
      "last_read_post_number": 82,
      "unread": 0,
      "new_posts": 3,
      "unread_posts": 3,
      "pinned": false,
      "unpinned": null,
      "visible": true,
      "closed": false,
      "archived": false,
      "notification_level": 2,
      "bookmarked": false,
      "liked": false,
      "tags": [
        "term2-2025",
        "graded-assignment"
      ],
      "tags_descriptions": {},
      "like_count": 25,
      "views": 1155,
      "category_id": 34,
      "featured_link": null,
      "has_accepted_answer": false,
      "posters": [
        {
          "extras": null,
          "description": "Original Poster",
          "user": {
            "id": 9419,
            "username": "s.anand",
            "name": "Anand S",
            "avatar_template": "/user_avatar/discourse.onlinedegree.iitm.ac.in/s.anand/{size}/15264_2.png",
            "primary_group_name": "faculty",
            "flair_name": "faculty",
            "flair_url": "chalkboard-user",
            "flair_bg_color": "f2c26e",
            "flair_color": "000",
            "flair_group_id": 54,
            "trust_level": 4
          }
        },
        {
          "extras": null,
          "description": "Frequent Poster",
          "user": {
            "id": 22472,
            "username": "Advaith52",
            "name": "Advaith Sanil Kumar",
            "avatar_template": "/user_avatar/discourse.onlinedegree.iitm.ac.in/advaith52/{size}/67172_2.png",
            "primary_group_name": "ds-students",
            "flair_name": "ds-students",
            "flair_group_id": 294,
            "trust_level": 1
          }
        },
        {
          "extras": null,
          "description": "Frequent Poster",
          "user": {
            "id": 16094,
            "username": "carlton",
            "name": "Carlton D'Silva",
            "avatar_template": "/user_avatar/discourse.onlinedegree.iitm.ac.in/carlton/{size}/56317_2.png",
            "primary_group_name": "ds-students",
            "flair_name": "ds-students",
            "flair_group_id": 294,
            "trust_level": 3
          }
        },
        {
          "extras": null,
          "description": "Frequent Poster",
          "user": {
            "id": 15658,
            "username": "HritikRoshan_HRM",
            "name": "HRITIK ROSHAN MAURYA",
            "avatar_template": "/user_avatar/discourse.onlinedegree.iitm.ac.in/hritikroshan_hrm/{size}/66975_2.png",
            "primary_group_name": "ds-students",
            "flair_name": "ds-students",
            "flair_group_id": 294,
            "trust_level": 1
          }
        },
        {
          "extras": "latest",
          "description": "Most Recent Poster",
          "user": {
            "id": 12914,
            "username": "iAnimeshS",
            "name": "Animesh",
            "avatar_template": "/user_avatar/discourse.onlinedegree.iitm.ac.in/ianimeshs/{size}/12415_2.png",
            "primary_group_name": "ds-students",
            "flair_name": "ds-students",
            "flair_group_id": 294,
            "trust_level": 1
          }
        }
      ]
    },
    {
      "id": 176789,
      "title": "Vercel deployement error",
      "fancy_title": "Vercel deployement error",
      "slug": "vercel-deployement-error",
      "posts_count": 1,
      "reply_count": 0,
      "highest_post_number": 1,
      "image_url": null,
      "created_at": "2025-05-31T11:55:22.507Z",
      "last_posted_at": "2025-05-31T11:55:22.708Z",
      "bumped": true,
      "bumped_at": "2025-05-31T11:55:22.708Z",
      "archetype": "regular",
      "unseen": true,
      "pinned": false,
      "unpinned": null,
      "visible": true,
      "closed": false,
      "archived": false,
      "bookmarked": null,
      "liked": null,
      "tags": [
        "diploma-level",
        "term2-2025"
      ],
      "tags_descriptions": {},
      "like_count": 0,
      "views": 9,
      "category_id": 34,
      "featured_link": null,
      "has_accepted_answer": false,
      "posters": [
        {
          "extras": "latest single",
          "description": "Original Poster, Most Recent Poster",
          "user": {
            "id": 25506,
            "username": "23f3003724",
            "name": "Vedika Gupta",
            "avatar_template": "/user_avatar/discourse.onlinedegree.iitm.ac.in/23f3003724/{size}/68806_2.png",
            "primary_group_name": "ds-students",
            "flair_name": "ds-students",
            "flair_group_id": 294,
            "trust_level": 1
          }
        }
      ]
    }
  ],
  "tags": [
    "end-term-exam",
    "previous-quiz"
  ],
  "tags_descriptions": {},
  "id": 172546,
  "title": "PYQ Haversine",
  "fancy_title": "PYQ Haversine",
  "posts_count": 1,
  "created_at": "2025-04-12T12:32:53.503Z",
  "views": 74,
  "reply_count": 0,
  "like_count": 0,
  "last_posted_at": "2025-04-12T12:32:53.702Z",
  "visible": true,
  "closed": false,
  "archived": false,
  "has_summary": false,
  "archetype": "regular",
  "slug": "pyq-haversine",
  "category_id": 34,
  "word_count": 42,
  "deleted_at": null,
  "user_id": 22224,
  "featured_link": null,
  "pinned_globally": false,
  "pinned_at": null,
  "pinned_until": null,
  "image_url": "https://europe1.discourse-cdn.com/flex013/uploads/iitm/optimized/3X/e/c/ec056436956f57e59ec82e28ba057bcac702e5b9_2_1024x576.png",
  "slow_mode_seconds": 0,
  "draft": null,
  "draft_key": "topic_172546",
  "draft_sequence": 0,
  "unpinned": null,
  "pinned": false,
  "current_post_number": 1,
  "highest_post_number": 1,
  "deleted_by": null,
  "actions_summary": [
    {
      "id": 4,
      "count": 0,
      "hidden": false,
      "can_act": true
    },
    {
      "id": 8,
      "count": 0,
      "hidden": false,
      "can_act": true
    },
    {
      "id": 10,
      "count": 0,
      "hidden": false,
      "can_act": true
    },
    {
      "id": 7,
      "count": 0,
      "hidden": false,
      "can_act": true
    }
  ],
  "chunk_size": 20,
  "bookmarked": false,
  "topic_timer": null,
  "message_bus_last_id": 0,
  "participant_count": 1,
  "show_read_indicator": false,
  "thumbnails": [
    {
      "max_width": null,
      "max_height": null,
      "width": 1920,
      "height": 1080,
      "url": "https://europe1.discourse-cdn.com/flex013/uploads/iitm/original/3X/e/c/ec056436956f57e59ec82e28ba057bcac702e5b9.png"
    },
    {
      "max_width": 1024,
      "max_height": 1024,
      "width": 1024,
      "height": 576,
      "url": "https://europe1.discourse-cdn.com/flex013/uploads/iitm/optimized/3X/e/c/ec056436956f57e59ec82e28ba057bcac702e5b9_2_1024x576.png"
    }
  ],
  "slow_mode_enabled_until": null,
  "tags_disable_ads": false,
  "related_topics": [
    {
      "id": 109783,
      "title": "PYQs for the End Term Exam",
      "fancy_title": "PYQs for the End Term Exam",
      "slug": "pyqs-for-the-end-term-exam",
      "posts_count": 1,
      "reply_count": 0,
      "highest_post_number": 1,
      "image_url": null,
      "created_at": "2023-11-19T15:11:49.364Z",
      "last_posted_at": "2023-11-19T15:11:49.543Z",
      "bumped": true,
      "bumped_at": "2023-11-19T15:11:49.543Z",
      "archetype": "regular",
      "unseen": false,
      "pinned": false,
      "unpinned": null,
      "visible": true,
      "closed": false,
      "archived": false,
      "bookmarked": null,
      "liked": null,
      "tags": [
        "extra-resources"
      ],
      "tags_descriptions": {},
      "like_count": 0,
      "views": 61,
      "category_id": 34,
      "featured_link": null,
      "has_accepted_answer": false,
      "posters": [
        {
          "extras": "latest single",
          "description": "Original Poster, Most Recent Poster",
          "user": {
            "id": 23632,
            "username": "23ds3000232",
            "name": "Devesh",
            "avatar_template": "/user_avatar/discourse.onlinedegree.iitm.ac.in/23ds3000232/{size}/70467_2.png",
            "primary_group_name": "ds-students",
            "flair_name": "ds-students",
            "flair_group_id": 294,
            "trust_level": 1
          }
        }
      ]
    },
    {
      "id": 112950,
      "title": "End Term PYQ (Apr 22)",
      "fancy_title": "End Term PYQ (Apr 22)",
      "slug": "end-term-pyq-apr-22",
      "posts_count": 1,
      "reply_count": 0,
      "highest_post_number": 1,
      "image_url": "https://europe1.discourse-cdn.com/flex013/uploads/iitm/original/3X/5/f/5f559c4fe2e3375c4cbaa855717c580104468abc.png",
      "created_at": "2023-12-22T16:28:43.346Z",
      "last_posted_at": "2023-12-22T16:28:43.549Z",
      "bumped": true,
      "bumped_at": "2023-12-22T16:28:43.549Z",
      "archetype": "regular",
      "unseen": false,
      "pinned": false,
      "unpinned": null,
      "visible": true,
      "closed": false,
      "archived": false,
      "bookmarked": null,
      "liked": null,
      "tags": [
        "end-term-exam"
      ],
      "tags_descriptions": {},
      "like_count": 0,
      "views": 35,
      "category_id": 28,
      "featured_link": null,
      "has_accepted_answer": false,
      "posters": [
        {
          "extras": "latest single",
          "description": "Original Poster, Most Recent Poster",
          "user": {
            "id": 19391,
            "username": "23f1001850",
            "name": "NIDHEE NATH",
            "avatar_template": "/user_avatar/discourse.onlinedegree.iitm.ac.in/23f1001850/{size}/69113_2.png",
            "primary_group_name": "ds-students",
            "flair_name": "ds-students",
            "flair_group_id": 294,
            "trust_level": 1
          }
        }
      ]
    },
    {
      "id": 144609,
      "title": "Doubt regarding type of question in end term",
      "fancy_title": "Doubt regarding type of question in end term",
      "slug": "doubt-regarding-type-of-question-in-end-term",
      "posts_count": 4,
      "reply_count": 2,
      "highest_post_number": 4,
      "image_url": null,
      "created_at": "2024-08-31T07:41:58.970Z",
      "last_posted_at": "2024-08-31T08:44:20.451Z",
      "bumped": true,
      "bumped_at": "2024-08-31T08:44:20.451Z",
      "archetype": "regular",
      "unseen": false,
      "pinned": false,
      "unpinned": null,
      "visible": true,
      "closed": false,
      "archived": false,
      "bookmarked": null,
      "liked": null,
      "tags": [
        "clarification",
        "diploma-level"
      ],
      "tags_descriptions": {},
      "like_count": 6,
      "views": 71,
      "category_id": 32,
      "featured_link": null,
      "has_accepted_answer": false,
      "posters": [
        {
          "extras": null,
          "description": "Original Poster",
          "user": {
            "id": 12266,
            "username": "gayathriraj_k",
            "name": "Gayathri ",
            "avatar_template": "/user_avatar/discourse.onlinedegree.iitm.ac.in/gayathriraj_k/{size}/15694_2.png",
            "primary_group_name": "ds-students",
            "flair_name": "ds-students",
            "flair_group_id": 294,
            "trust_level": 1
          }
        },
        {
          "extras": "latest",
          "description": "Most Recent Poster",
          "user": {
            "id": 15640,
            "username": "PulkitMangal",
            "name": "Pulkit Mangal",
            "avatar_template": "/user_avatar/discourse.onlinedegree.iitm.ac.in/pulkitmangal/{size}/56083_2.png",
            "primary_group_name": "ds-students",
            "flair_name": "ds-students",
            "flair_group_id": 294,
            "trust_level": 1
          }
        }
      ]
    },
    {
      "id": 143007,
      "title": "Guidance for End Term Preparation Requested",
      "fancy_title": "Guidance for End Term Preparation Requested",
      "slug": "guidance-for-end-term-preparation-requested",
      "posts_count": 2,
      "reply_count": 0,
      "highest_post_number": 2,
      "image_url": null,
      "created_at": "2024-08-15T09:06:13.243Z",
      "last_posted_at": "2024-08-21T07:01:40.103Z",
      "bumped": true,
      "bumped_at": "2024-08-21T07:01:40.103Z",
      "archetype": "regular",
      "unseen": false,
      "pinned": false,
      "unpinned": null,
      "visible": true,
      "closed": false,
      "archived": false,
      "bookmarked": null,
      "liked": null,
      "tags": [
        "extra-resources",
        "guidelines"
      ],
      "tags_descriptions": {},
      "like_count": 11,
      "views": 172,
      "category_id": 34,
      "featured_link": null,
      "has_accepted_answer": false,
      "posters": [
        {
          "extras": null,
          "description": "Original Poster",
          "user": {
            "id": 17961,
            "username": "23ds2000116",
            "name": "sandhya",
            "avatar_template": "/user_avatar/discourse.onlinedegree.iitm.ac.in/23ds2000116/{size}/66760_2.png",
            "primary_group_name": "ds-students",
            "flair_name": "ds-students",
            "flair_group_id": 294,
            "trust_level": 1
          }
        },
        {
          "extras": "latest",
          "description": "Most Recent Poster",
          "user": {
            "id": 16094,
            "username": "carlton",
            "name": "Carlton D'Silva",
            "avatar_template": "/user_avatar/discourse.onlinedegree.iitm.ac.in/carlton/{size}/56317_2.png",
            "primary_group_name": "ds-students",
            "flair_name": "ds-students",
            "flair_group_id": 294,
            "trust_level": 3
          }
        }
      ]
    },
    {
      "id": 100195,
      "title": "PYQ end term previous qp",
      "fancy_title": "PYQ end term previous qp",
      "slug": "pyq-end-term-previous-qp",
      "posts_count": 2,
      "reply_count": 0,
      "highest_post_number": 2,
      "image_url": "https://europe1.discourse-cdn.com/flex013/uploads/iitm/original/3X/6/1/612ecf07fcdd92e7c025455a78f406ebf610a1d9.jpeg",
      "created_at": "2023-08-30T07:16:27.783Z",
      "last_posted_at": "2023-09-01T18:36:22.795Z",
      "bumped": true,
      "bumped_at": "2023-09-01T18:36:22.795Z",
      "archetype": "regular",
      "unseen": false,
      "pinned": false,
      "unpinned": null,
      "visible": true,
      "closed": false,
      "archived": false,
      "bookmarked": null,
      "liked": null,
      "tags": [
        "end-term-exam"
      ],
      "tags_descriptions": {},
      "like_count": 0,
      "views": 72,
      "category_id": 26,
      "featured_link": null,
      "has_accepted_answer": false,
      "posters": [
        {
          "extras": null,
          "description": "Original Poster",
          "user": {
            "id": 14092,
            "username": "SunnyArya01",
            "name": "Sunni Kumar",
            "avatar_template": "/user_avatar/discourse.onlinedegree.iitm.ac.in/sunnyarya01/{size}/49494_2.png",
            "primary_group_name": "ds-students",
            "flair_name": "ds-students",
            "flair_group_id": 294,
            "trust_level": 1
          }
        },
        {
          "extras": "latest",
          "description": "Most Recent Poster",
          "user": {
            "id": 14169,
            "username": "akasharma",
            "name": "Akash Sharma ",
            "avatar_template": "/user_avatar/discourse.onlinedegree.iitm.ac.in/akasharma/{size}/116511_2.png",
            "primary_group_name": "ds-students",
            "flair_name": "ds-students",
            "flair_group_id": 294,
            "trust_level": 1
          }
        }
      ]
    }
  ],
  "summarizable": false,
  "valid_reactions": [
    "heart",
    "+1",
    "laughing",
    "open_mouth",
    "clap",
    "confetti_ball",
    "rocket",
    "-1"
  ],
  "can_vote": false,
  "vote_count": 0,
  "user_voted": false,
  "discourse_zendesk_plugin_zendesk_id": null,
  "discourse_zendesk_plugin_zendesk_url": "https://your-url.zendesk.com/agent/tickets/",
  "details": {
    "can_edit": false,
    "notification_level": 1,
    "can_create_post": true,
    "can_reply_as_new_topic": true,
    "can_flag_topic": true,
    "participants": [
      {
        "id": 22224,
        "username": "Sagan",
        "name": "Sagandeep Kaur",
        "avatar_template": "/user_avatar/discourse.onlinedegree.iitm.ac.in/sagan/{size}/95367_2.png",
        "post_count": 1,
        "primary_group_name": "ds-students",
        "flair_name": "ds-students",
        "flair_url": null,
        "flair_color": "",
        "flair_bg_color": "",
        "flair_group_id": 294,
        "trust_level": 1
      }
    ],
    "created_by": {
      "id": 22224,
      "username": "Sagan",
      "name": "Sagandeep Kaur",
      "avatar_template": "/user_avatar/discourse.onlinedegree.iitm.ac.in/sagan/{size}/95367_2.png"
    },
    "last_poster": {
      "id": 22224,
      "username": "Sagan",
      "name": "Sagandeep Kaur",
      "avatar_template": "/user_avatar/discourse.onlinedegree.iitm.ac.in/sagan/{size}/95367_2.png"
    }
  },
  "pending_posts": [],
  "bookmarks": []
}