{
  "post_stream": {
    "posts": [
      {
        "id": 581725,
        "name": "Divyani kushwaha ",
        "username": "23f30007561",
        "avatar_template": "/user_avatar/discourse.onlinedegree.iitm.ac.in/23f30007561/{size}/68772_2.png",
        "created_at": "2025-01-18T17:46:19.737Z",
        "cooked": "<p>Project details for TDS was supposed to be released on 17 jan ; how to access its details ?</p>",
        "post_number": 1,
        "post_type": 1,
        "posts_count": 3,
        "updated_at": "2025-01-18T17:46:19.737Z",
        "reply_count": 0,
        "reply_to_post_number": null,
        "quote_count": 0,
        "incoming_link_count": 5,
        "reads": 94,
        "readers_count": 93,
        "score": 58.4,
        "yours": false,
        "topic_id": 164214,
        "topic_slug": "tds-project-1-release-information-required",
        "display_username": "Divyani kushwaha ",
        "primary_group_name": "ds-students",
        "flair_name": "ds-students",
        "flair_url": null,
        "flair_bg_color": "",
        "flair_color": "",
        "flair_group_id": 294,
        "badges_granted": [],
        "version": 1,
        "can_edit": false,
        "can_delete": false,
        "can_recover": false,
        "can_see_hidden_post": false,
        "can_wiki": false,
        "read": false,
        "user_title": "",
        "bookmarked": false,
        "actions_summary": [
          {
            "id": 2,
            "count": 1,
            "can_act": true
          },
          {
            "id": 6,
            "can_act": true
          },
          {
            "id": 3,
            "can_act": true
          },
          {
            "id": 4,
            "can_act": true
          },
          {
            "id": 8,
            "can_act": true
          },
          {
            "id": 10,
            "can_act": true
          },
          {
            "id": 7,
            "can_act": true
          }
        ],
        "moderator": false,
        "admin": false,
        "staff": false,
        "user_id": 26848,
        "hidden": false,
        "trust_level": 1,
        "deleted_at": null,
        "user_deleted": false,
        "edit_reason": null,
        "can_view_edit_history": true,
        "wiki": false,
        "post_url": "/t/tds-project-1-release-information-required/164214/1",
        "user_cakedate": "2024-02-02",
        "reactions": [
          {
            "id": "heart",
            "type": "emoji",
            "count": 1
          }
        ],
        "current_user_reaction": null,
        "reaction_users_count": 1,
        "current_user_used_main_reaction": false,
        "can_accept_answer": false,
        "can_unaccept_answer": false,
        "accepted_answer": false,
        "topic_accepted_answer": null,
        "can_vote": false
      },
      {
        "id": 581728,
        "name": "Aditi Shastri",
        "username": "adi3",
        "avatar_template": "/user_avatar/discourse.onlinedegree.iitm.ac.in/adi3/{size}/110586_2.png",
        "created_at": "2025-01-18T18:04:10.069Z",
        "cooked": "<p>Yes please, same question!<br>\n<a class=\"mention\" href=\"/u/carlton\">@carlton</a></p>",
        "post_number": 2,
        "post_type": 1,
        "posts_count": 3,
        "updated_at": "2025-01-18T18:04:10.069Z",
        "reply_count": 0,
        "reply_to_post_number": null,
        "quote_count": 0,
        "incoming_link_count": 1,
        "reads": 105,
        "readers_count": 104,
        "score": 70.6,
        "yours": false,
        "topic_id": 164214,
        "topic_slug": "tds-project-1-release-information-required",
        "display_username": "Aditi Shastri",
        "primary_group_name": "ds-students",
        "flair_name": "ds-students",
        "flair_url": null,
        "flair_bg_color": "",
        "flair_color": "",
        "flair_group_id": 294,
        "badges_granted": [],
        "version": 1,
        "can_edit": false,
        "can_delete": false,
        "can_recover": false,
        "can_see_hidden_post": false,
        "can_wiki": false,
        "read": false,
        "user_title": null,
        "bookmarked": false,
        "actions_summary": [
          {
            "id": 2,
            "count": 3,
            "can_act": true
          },
          {
            "id": 6,
            "can_act": true
          },
          {
            "id": 3,
            "can_act": true
          },
          {
            "id": 4,
            "can_act": true
          },
          {
            "id": 8,
            "can_act": true
          },
          {
            "id": 10,
            "can_act": true
          },
          {
            "id": 7,
            "can_act": true
          }
        ],
        "moderator": false,
        "admin": false,
        "staff": false,
        "user_id": 21357,
        "hidden": false,
        "trust_level": 1,
        "deleted_at": null,
        "user_deleted": false,
        "edit_reason": null,
        "can_view_edit_history": true,
        "wiki": false,
        "post_url": "/t/tds-project-1-release-information-required/164214/2",
        "user_cakedate": "2023-08-03",
        "reactions": [
          {
            "id": "heart",
            "type": "emoji",
            "count": 3
          }
        ],
        "current_user_reaction": null,
        "reaction_users_count": 3,
        "current_user_used_main_reaction": false,
        "can_accept_answer": false,
        "can_unaccept_answer": false,
        "accepted_answer": false,
        "topic_accepted_answer": null
      },
      {
        "id": 581944,
        "name": "Carlton D'Silva",
        "username": "carlton",
        "avatar_template": "/user_avatar/discourse.onlinedegree.iitm.ac.in/carlton/{size}/56317_2.png",
        "created_at": "2025-01-19T10:12:35.077Z",
        "cooked": "<p><a class=\"mention\" href=\"/u/23f30007561\">@23f30007561</a> <a class=\"mention\" href=\"/u/adi3\">@adi3</a></p>\n<p>It has been released. Thanks for keeping us on our toes <img src=\"https://emoji.discourse-cdn.com/google/wink.png?v=12\" title=\":wink:\" class=\"emoji\" alt=\":wink:\" loading=\"lazy\" width=\"20\" height=\"20\"><br>\n<a href=\"https://tds.s-anand.net/#/project-1\" class=\"onebox\" target=\"_blank\" rel=\"noopener nofollow ugc\">https://tds.s-anand.net/#/project-1</a></p>\n<aside class=\"quote quote-modified\" data-post=\"1\" data-topic=\"164277\">\n  <div class=\"title\">\n    <div class=\"quote-controls\"></div>\n    <img loading=\"lazy\" alt=\"\" width=\"24\" height=\"24\" src=\"https://dub1.discourse-cdn.com/flex013/user_avatar/discourse.onlinedegree.iitm.ac.in/s.anand/48/15264_2.png\" class=\"avatar\">\n    <a href=\"https://discourse.onlinedegree.iitm.ac.in/t/project-1-llm-based-automation-agent-discussion-thread-tds-jan-2025/164277\">Project 1 - LLM-based Automation Agent - Discussion Thread [TDS Jan 2025]</a> <a class=\"badge-category__wrapper \" href=\"/c/courses/tds-kb/34\"><span data-category-id=\"34\" style=\"--category-badge-color: #0088CC; --category-badge-text-color: #FFFFFF; --parent-category-badge-color: #3AB54A;\" data-parent-category-id=\"9\" data-drop-close=\"true\" class=\"badge-category --has-parent\" title=\"This category is created to address subject-specific queries related to Tools in Data Science\"><span class=\"badge-category__name\">Tools in Data Science</span></span></a>\n  </div>\n  <blockquote>\n    Please post any questions related to <a href=\"https://tds.s-anand.net/#/project-1\" rel=\"noopener nofollow ugc\">Project 1 - LLM-based Automation Agent</a>. \nDeadline: Saturday, February 15, 2025 6:29 PM (UTC) \n<a class=\"mention\" href=\"/u/carlton\">@carlton</a> <a class=\"mention\" href=\"/u/jivraj\">@Jivraj</a> <a class=\"mention\" href=\"/u/saransh_saini\">@Saransh_Saini</a>\n  </blockquote>\n</aside>\n\n<p>Kind regards</p>",
        "post_number": 3,
        "post_type": 1,
        "posts_count": 3,
        "updated_at": "2025-01-19T10:12:35.077Z",
        "reply_count": 0,
        "reply_to_post_number": null,
        "quote_count": 0,
        "incoming_link_count": 1,
        "reads": 98,
        "readers_count": 97,
        "score": 24.2,
        "yours": false,
        "topic_id": 164214,
        "topic_slug": "tds-project-1-release-information-required",
        "display_username": "Carlton D'Silva",
        "primary_group_name": "ds-students",
        "flair_name": "ds-students",
        "flair_url": null,
        "flair_bg_color": "",
        "flair_color": "",
        "flair_group_id": 294,
        "badges_granted": [],
        "version": 1,
        "can_edit": false,
        "can_delete": false,
        "can_recover": false,
        "can_see_hidden_post": false,
        "can_wiki": false,
        "link_counts": [
          {
            "url": "https://tds.s-anand.net/#/project-1",
            "internal": false,
            "reflection": false,
            "title": "Tools in Data Science",
            "clicks": 8
          },
          {
            "url": "https://discourse.onlinedegree.iitm.ac.in/t/project-1-llm-based-automation-agent-discussion-thread-tds-jan-2025/164277",
            "internal": true,
            "reflection": false,
            "title": "Project 1 - LLM-based Automation Agent - Discussion Thread [TDS Jan 2025]",
            "clicks": 0
          }
        ],
        "read": false,
        "user_title": "Regular",
        "title_is_group": false,
        "bookmarked": false,
        "actions_summary": [
          {
            "id": 2,
            "can_act": true
          },
          {
            "id": 6,
            "can_act": true
          },
          {
            "id": 3,
            "can_act": true
          },
          {
            "id": 4,
            "can_act": true
          },
          {
            "id": 8,
            "can_act": true
          },
          {
            "id": 10,
            "can_act": true
          },
          {
            "id": 7,
            "can_act": true
          }
        ],
        "moderator": false,
        "admin": false,
        "staff": false,
        "group_moderator": true,
        "user_id": 16094,
        "hidden": false,
        "trust_level": 3,
        "deleted_at": null,
        "user_deleted": false,
        "edit_reason": null,
        "can_view_edit_history": true,
        "wiki": false,
        "post_url": "/t/tds-project-1-release-information-required/164214/3",
        "user_cakedate": "2023-01-25",
        "reactions": [],
        "current_user_reaction": null,
        "reaction_users_count": 0,
        "current_user_used_main_reaction": false,
        "can_accept_answer": false,
        "can_unaccept_answer": false,
        "accepted_answer": false,
        "topic_accepted_answer": null
      }
    ],
    "stream": [
      581725,
      581728,
      581944
    ]
  },
  "timeline_lookup": [
    [
      1,
      133
    ],
    [
      3,
      132
    ]
  ],
  "suggested_topics": [
    {
      "id": 173524,
      "title": "GA1 - Development Tools - Discussion Thread [TDS May 2025]",
      "fancy_title": "GA1 - Development Tools - Discussion Thread [TDS May 2025]",
      "slug": "ga1-development-tools-discussion-thread-tds-may-2025",
      "posts_count": 80,
      "reply_count": 51,
      "highest_post_number": 85,
      "image_url": null,
      "created_at": "2025-05-01T11:39:00.734Z",
      "last_posted_at": "2025-05-31T15:34:18.368Z",
      "bumped": true,
      "bumped_at": "2025-05-31T15:34:18.368Z",
      "archetype": "regular",
      "unseen": false,
      "last_read_post_number": 82,
      "unread": 0,
      "new_posts": 3,
      "unread_posts": 3,
      "pinned": false,
      "unpinned": null,
      "visible": true,
      "closed": false,
      "archived": false,
      "notification_level": 2,
      "bookmarked": false,
      "liked": false,
      "tags": [
        "term2-2025",
        "graded-assignment"
      ],
      "tags_descriptions": {},
      "like_count": 25,
      "views": 1155,
      "category_id": 34,
      "featured_link": null,
      "has_accepted_answer": false,
      "posters": [
        {
          "extras": null,
          "description": "Original Poster",
          "user": {
            "id": 9419,
            "username": "s.anand",
            "name": "Anand S",
            "avatar_template": "/user_avatar/discourse.onlinedegree.iitm.ac.in/s.anand/{size}/15264_2.png",
            "primary_group_name": "faculty",
            "flair_name": "faculty",
            "flair_url": "chalkboard-user",
            "flair_bg_color": "f2c26e",
            "flair_color": "000",
            "flair_group_id": 54,
            "trust_level": 4
          }
        },
        {
          "extras": null,
          "description": "Frequent Poster",
          "user": {
            "id": 22472,
            "username": "Advaith52",
            "name": "Advaith Sanil Kumar",
            "avatar_template": "/user_avatar/discourse.onlinedegree.iitm.ac.in/advaith52/{size}/67172_2.png",
            "primary_group_name": "ds-students",
            "flair_name": "ds-students",
            "flair_group_id": 294,
            "trust_level": 1
          }
        },
        {
          "extras": null,
          "description": "Frequent Poster",
          "user": {
            "id": 16094,
            "username": "carlton",
            "name": "Carlton D'Silva",
            "avatar_template": "/user_avatar/discourse.onlinedegree.iitm.ac.in/carlton/{size}/56317_2.png",
            "primary_group_name": "ds-students",
            "flair_name": "ds-students",
            "flair_group_id": 294,
            "trust_level": 3
          }
        },
        {
          "extras": null,
          "description": "Frequent Poster",
          "user": {
            "id": 15658,
            "username": "HritikRoshan_HRM",
            "name": "HRITIK ROSHAN MAURYA",
            "avatar_template": "/user_avatar/discourse.onlinedegree.iitm.ac.in/hritikroshan_hrm/{size}/66975_2.png",
            "primary_group_name": "ds-students",
            "flair_name": "ds-students",
            "flair_group_id": 294,
            "trust_level": 1
          }
        },
        {
          "extras": "latest",
          "description": "Most Recent Poster",
          "user": {
            "id": 12914,
            "username": "iAnimeshS",
            "name": "Animesh",
            "avatar_template": "/user_avatar/discourse.onlinedegree.iitm.ac.in/ianimeshs/{size}/12415_2.png",
            "primary_group_name": "ds-students",
            "flair_name": "ds-students",
            "flair_group_id": 294,
            "trust_level": 1
          }
        }
      ]
    },
    {
      "id": 176789,
      "title": "Vercel deployement error",
      "fancy_title": "Vercel deployement error",
      "slug": "vercel-deployement-error",
      "posts_count": 1,
      "reply_count": 0,
      "highest_post_number": 1,
      "image_url": null,
      "created_at": "2025-05-31T11:55:22.507Z",
      "last_posted_at": "2025-05-31T11:55:22.708Z",
      "bumped": true,
      "bumped_at": "2025-05-31T11:55:22.708Z",
      "archetype": "regular",
      "unseen": true,
      "pinned": false,
      "unpinned": null,
      "visible": true,
      "closed": false,
      "archived": false,
      "bookmarked": null,
      "liked": null,
      "tags": [
        "diploma-level",
        "term2-2025"
      ],
      "tags_descriptions": {},
      "like_count": 0,
      "views": 9,
      "category_id": 34,
      "featured_link": null,
      "has_accepted_answer": false,
      "posters": [
        {
          "extras": "latest single",
          "description": "Original Poster, Most Recent Poster",
          "user": {
            "id": 25506,
            "username": "23f3003724",
            "name": "Vedika Gupta",
            "avatar_template": "/user_avatar/discourse.onlinedegree.iitm.ac.in/23f3003724/{size}/68806_2.png",
            "primary_group_name": "ds-students",
            "flair_name": "ds-students",
            "flair_group_id": 294,
            "trust_level": 1
          }
        }
      ]
    }
  ],
  "tags": [
    "tds-project-1"
  ],
  "tags_descriptions": {},
  "id": 164214,
  "title": "TDS Project 1 release information required",
  "fancy_title": "TDS Project 1 release information required",
  "posts_count": 3,
  "created_at": "2025-01-18T17:46:19.535Z",
  "views": 137,
  "reply_count": 1,
  "like_count": 4,
  "last_posted_at": "2025-01-19T10:12:35.077Z",
  "visible": true,
  "closed": false,
  "archived": false,
  "has_summary": false,
  "archetype": "regular",
  "slug": "tds-project-1-release-information-required",
  "category_id": 34,
  "word_count": 63,
  "deleted_at": null,
  "user_id": 26848,
  "featured_link": null,
  "pinned_globally": false,
  "pinned_at": null,
  "pinned_until": null,
  "image_url": null,
  "slow_mode_seconds": 0,
  "draft": null,
  "draft_key": "topic_164214",
  "draft_sequence": 0,
  "unpinned": null,
  "pinned": false,
  "current_post_number": 1,
  "highest_post_number": 3,
  "deleted_by": null,
  "actions_summary": [
    {
      "id": 4,
      "count": 0,
      "hidden": false,
      "can_act": true
    },
    {
      "id": 8,
      "count": 0,
      "hidden": false,
      "can_act": true
    },
    {
      "id": 10,
      "count": 0,
      "hidden": false,
      "can_act": true
    },
    {
      "id": 7,
      "count": 0,
      "hidden": false,
      "can_act": true
    }
  ],
  "chunk_size": 20,
  "bookmarked": false,
  "topic_timer": null,
  "message_bus_last_id": 0,
  "participant_count": 3,
  "show_read_indicator": false,
  "thumbnails": null,
  "slow_mode_enabled_until": null,
  "tags_disable_ads": false,
  "related_topics": [
    {
      "id": 164277,
      "title": "Project 1 - LLM-based Automation Agent - Discussion Thread [TDS Jan 2025]",
      "fancy_title": "Project 1 - LLM-based Automation Agent - Discussion Thread [TDS Jan 2025]",
      "slug": "project-1-llm-based-automation-agent-discussion-thread-tds-jan-2025",
      "posts_count": 614,
      "reply_count": 404,
      "highest_post_number": 662,
      "image_url": null,
      "created_at": "2025-01-19T08:17:46.650Z",
      "last_posted_at": "2025-04-06T06:44:58.937Z",
      "bumped": true,
      "bumped_at": "2025-04-06T06:44:58.937Z",
      "archetype": "regular",
      "unseen": false,
      "last_read_post_number": 662,
      "unread": 0,
      "new_posts": 0,
      "unread_posts": 0,
      "pinned": false,
      "unpinned": null,
      "visible": true,
      "closed": false,
      "archived": false,
      "notification_level": 2,
      "bookmarked": false,
      "liked": false,
      "tags": [
        "announcement",
        "term1-2025",
        "tds-project-1"
      ],
      "tags_descriptions": {},
      "like_count": 246,
      "views": 4783,
      "category_id": 34,
      "featured_link": null,
      "has_accepted_answer": false,
      "posters": [
        {
          "extras": null,
          "description": "Original Poster",
          "user": {
            "id": 9419,
            "username": "s.anand",
            "name": "Anand S",
            "avatar_template": "/user_avatar/discourse.onlinedegree.iitm.ac.in/s.anand/{size}/15264_2.png",
            "primary_group_name": "faculty",
            "flair_name": "faculty",
            "flair_url": "chalkboard-user",
            "flair_bg_color": "f2c26e",
            "flair_color": "000",
            "flair_group_id": 54,
            "trust_level": 4
          }
        },
        {
          "extras": null,
          "description": "Frequent Poster",
          "user": {
            "id": 22439,
            "username": "23f2003413",
            "name": "Shashannk",
            "avatar_template": "/user_avatar/discourse.onlinedegree.iitm.ac.in/23f2003413/{size}/66883_2.png",
            "primary_group_name": "ds-students",
            "flair_name": "ds-students",
            "flair_group_id": 294,
            "trust_level": 1
          }
        },
        {
          "extras": null,
          "description": "Frequent Poster",
          "user": {
            "id": 15651,
            "username": "Jivraj",
            "name": "Jivraj Singh Shekhawat",
            "avatar_template": "https://avatars.discourse-cdn.com/v4/letter/j/b9bd4f/{size}.png",
            "primary_group_name": "ds-students",
            "flair_name": "ds-students",
            "flair_group_id": 294,
            "trust_level": 2
          }
        },
        {
          "extras": null,
          "description": "Frequent Poster",
          "user": {
            "id": 16094,
            "username": "carlton",
            "name": "Carlton D'Silva",
            "avatar_template": "/user_avatar/discourse.onlinedegree.iitm.ac.in/carlton/{size}/56317_2.png",
            "primary_group_name": "ds-students",
            "flair_name": "ds-students",
            "flair_group_id": 294,
            "trust_level": 3
          }
        },
        {
          "extras": "latest",
          "description": "Most Recent Poster",
          "user": {
            "id": 18297,
            "username": "23f1002382",
            "name": "Andrew David",
            "avatar_template": "/user_avatar/discourse.onlinedegree.iitm.ac.in/23f1002382/{size}/68945_2.png",
            "primary_group_name": "ds-students",
            "flair_name": "ds-students",
            "flair_group_id": 294,
            "trust_level": 1
          }
        }
      ]
    },
    {
      "id": 55448,
      "title": "Project Work-1 : TDS",
      "fancy_title": "Project Work-1 : TDS",
      "slug": "project-work-1-tds",
      "posts_count": 6,
      "reply_count": 3,
      "highest_post_number": 6,
      "image_url": null,
      "created_at": "2022-06-28T10:07:50.768Z",
      "last_posted_at": "2022-06-28T13:50:20.723Z",
      "bumped": true,
      "bumped_at": "2022-06-28T13:50:20.723Z",
      "archetype": "regular",
      "unseen": false,
      "pinned": false,
      "unpinned": null,
      "visible": true,
      "closed": false,
      "archived": false,
      "bookmarked": null,
      "liked": null,
      "tags": [
        "clarification"
      ],
      "tags_descriptions": {},
      "like_count": 2,
      "views": 124,
      "category_id": 34,
      "featured_link": null,
      "has_accepted_answer": false,
      "posters": [
        {
          "extras": null,
          "description": "Original Poster",
          "user": {
            "id": 686,
            "username": "nmaddala",
            "name": "Narayana Maddala",
            "avatar_template": "/user_avatar/discourse.onlinedegree.iitm.ac.in/nmaddala/{size}/67626_2.png",
            "primary_group_name": "ds-students",
            "flair_name": "ds-students",
            "flair_group_id": 294,
            "trust_level": 1
          }
        },
        {
          "extras": null,
          "description": "Frequent Poster",
          "user": {
            "id": 8147,
            "username": "22ds1000035",
            "name": "A.Srinivasa Reddy",
            "avatar_template": "/user_avatar/discourse.onlinedegree.iitm.ac.in/22ds1000035/{size}/12886_2.png",
            "primary_group_name": "ds-students",
            "flair_name": "ds-students",
            "flair_group_id": 294,
            "trust_level": 1
          }
        },
        {
          "extras": null,
          "description": "Frequent Poster",
          "user": {
            "id": 2076,
            "username": "lehani",
            "name": "lehani raj mohanta",
            "avatar_template": "/user_avatar/discourse.onlinedegree.iitm.ac.in/lehani/{size}/131523_2.png",
            "primary_group_name": "ds-students",
            "flair_name": "ds-students",
            "flair_group_id": 294,
            "trust_level": 1
          }
        },
        {
          "extras": null,
          "description": "Frequent Poster",
          "user": {
            "id": 1399,
            "username": "Vaidehi",
            "name": "Vaidehi ",
            "avatar_template": "/user_avatar/discourse.onlinedegree.iitm.ac.in/vaidehi/{size}/310_2.png",
            "primary_group_name": "ds-students",
            "flair_name": "ds-students",
            "flair_group_id": 294,
            "trust_level": 1
          }
        },
        {
          "extras": "latest",
          "description": "Most Recent Poster",
          "user": {
            "id": 8278,
            "username": "22ds1000219",
            "name": "Abhilasha ",
            "avatar_template": "/user_avatar/discourse.onlinedegree.iitm.ac.in/22ds1000219/{size}/12424_2.png",
            "primary_group_name": "ds-students",
            "flair_name": "ds-students",
            "flair_group_id": 294,
            "trust_level": 1
          }
        }
      ]
    },
    {
      "id": 152688,
      "title": "TDS Project 1 Term 3 2024",
      "fancy_title": "TDS Project 1 Term 3 2024",
      "slug": "tds-project-1-term-3-2024",
      "posts_count": 3,
      "reply_count": 0,
      "highest_post_number": 3,
      "image_url": null,
      "created_at": "2024-10-20T04:21:47.269Z",
      "last_posted_at": "2024-10-21T05:02:10.502Z",
      "bumped": true,
      "bumped_at": "2024-10-21T05:02:10.502Z",
      "archetype": "regular",
      "unseen": false,
      "pinned": false,
      "unpinned": null,
      "visible": true,
      "closed": false,
      "archived": false,
      "bookmarked": null,
      "liked": null,
      "tags": [
        "clarification",
        "diploma-level",
        "course-portal"
      ],
      "tags_descriptions": {},
      "like_count": 1,
      "views": 128,
      "category_id": 34,
      "featured_link": null,
      "has_accepted_answer": true,
      "posters": [
        {
          "extras": null,
          "description": "Original Poster",
          "user": {
            "id": 27208,
            "username": "Shamanthak",
            "name": "Shamanthak Reddy Mallu",
            "avatar_template": "https://avatars.discourse-cdn.com/v4/letter/s/65b543/{size}.png",
            "primary_group_name": "ds-students",
            "flair_name": "ds-students",
            "flair_group_id": 294,
            "trust_level": 0
          }
        },
        {
          "extras": "latest",
          "description": "Most Recent Poster, Accepted Answer",
          "user": {
            "id": 16094,
            "username": "carlton",
            "name": "Carlton D'Silva",
            "avatar_template": "/user_avatar/discourse.onlinedegree.iitm.ac.in/carlton/{size}/56317_2.png",
            "primary_group_name": "ds-students",
            "flair_name": "ds-students",
            "flair_group_id": 294,
            "trust_level": 3
          }
        },
        {
          "extras": null,
          "description": "Frequent Poster",
          "user": {
            "id": 12765,
            "username": "AbdulHadi",
            "name": "Abdul Hadi",
            "avatar_template": "/user_avatar/discourse.onlinedegree.iitm.ac.in/abdulhadi/{size}/13890_2.png",
            "primary_group_name": "ds-students",
            "flair_name": "ds-students",
            "flair_group_id": 294,
            "trust_level": 1
          }
        }
      ]
    },
    {
      "id": 156119,
      "title": "Project 1 results",
      "fancy_title": "Project 1 results",
      "slug": "project-1-results",
      "posts_count": 13,
      "reply_count": 9,
      "highest_post_number": 14,
      "image_url": null,
      "created_at": "2024-11-11T12:11:13.758Z",
      "last_posted_at": "2024-12-05T07:39:21.900Z",
      "bumped": true,
      "bumped_at": "2024-12-05T07:39:21.900Z",
      "archetype": "regular",
      "unseen": false,
      "pinned": false,
      "unpinned": null,
      "visible": true,
      "closed": false,
      "archived": false,
      "bookmarked": null,
      "liked": null,
      "tags": [
        "operational",
        "term3-2024",
        "tds-project-1"
      ],
      "tags_descriptions": {},
      "like_count": 10,
      "views": 785,
      "category_id": 34,
      "featured_link": null,
      "has_accepted_answer": false,
      "posters": [
        {
          "extras": null,
          "description": "Original Poster",
          "user": {
            "id": 21209,
            "username": "adiths",
            "name": "Adith Senthil",
            "avatar_template": "/user_avatar/discourse.onlinedegree.iitm.ac.in/adiths/{size}/66730_2.png",
            "primary_group_name": "ds-students",
            "flair_name": "ds-students",
            "flair_group_id": 294,
            "trust_level": 1
          }
        },
        {
          "extras": null,
          "description": "Frequent Poster",
          "user": {
            "id": 16893,
            "username": "22f3001493",
            "name": "DataScience",
            "avatar_template": "/user_avatar/discourse.onlinedegree.iitm.ac.in/22f3001493/{size}/67299_2.png",
            "primary_group_name": "ds-students",
            "flair_name": "ds-students",
            "flair_group_id": 294,
            "trust_level": 1
          }
        },
        {
          "extras": null,
          "description": "Frequent Poster",
          "user": {
            "id": 17597,
            "username": "22f3000757",
            "name": "Anshu Raj",
            "avatar_template": "/user_avatar/discourse.onlinedegree.iitm.ac.in/22f3000757/{size}/67246_2.png",
            "primary_group_name": "ds-students",
            "flair_name": "ds-students",
            "flair_group_id": 294,
            "trust_level": 1
          }
        },
        {
          "extras": null,
          "description": "Frequent Poster",
          "user": {
            "id": 22882,
            "username": "faizmalik",
            "name": "Faiz Malik",
            "avatar_template": "/user_avatar/discourse.onlinedegree.iitm.ac.in/faizmalik/{size}/83790_2.png",
            "primary_group_name": "ds-students",
            "flair_name": "ds-students",
            "flair_group_id": 294,
            "trust_level": 1
          }
        },
        {
          "extras": "latest",
          "description": "Most Recent Poster",
          "user": {
            "id": 22479,
            "username": "23f2003845",
            "name": "Harsh Shah",
            "avatar_template": "https://avatars.discourse-cdn.com/v4/letter/2/6f9a4e/{size}.png",
            "primary_group_name": "ds-students",
            "flair_name": "ds-students",
            "flair_group_id": 294,
            "trust_level": 1
          }
        }
      ]
    },
    {
      "id": 122300,
      "title": "Clarification regarding tds project 1",
      "fancy_title": "Clarification regarding tds project 1",
      "slug": "clarification-regarding-tds-project-1",
      "posts_count": 2,
      "reply_count": 0,
      "highest_post_number": 2,
      "image_url": null,
      "created_at": "2024-02-27T02:47:03.269Z",
      "last_posted_at": "2024-02-28T09:08:29.189Z",
      "bumped": true,
      "bumped_at": "2024-02-28T09:08:29.189Z",
      "archetype": "regular",
      "unseen": false,
      "pinned": false,
      "unpinned": null,
      "visible": true,
      "closed": false,
      "archived": false,
      "bookmarked": null,
      "liked": null,
      "tags": [
        "clarification"
      ],
      "tags_descriptions": {},
      "like_count": 0,
      "views": 91,
      "category_id": 34,
      "featured_link": null,
      "has_accepted_answer": false,
      "posters": [
        {
          "extras": null,
          "description": "Original Poster",
          "user": {
            "id": 24630,
            "username": "23f2000690",
            "name": "Sharad Anirudh Jonnalagadda",
            "avatar_template": "/user_avatar/discourse.onlinedegree.iitm.ac.in/23f2000690/{size}/66833_2.png",
            "primary_group_name": "ds-students",
            "flair_name": "ds-students",
            "flair_group_id": 294,
            "trust_level": 1
          }
        },
        {
          "extras": "latest",
          "description": "Most Recent Poster",
          "user": {
            "id": 12082,
            "username": "PremKumarGupta",
            "name": "Prem Kumar Gupta ",
            "avatar_template": "https://avatars.discourse-cdn.com/v4/letter/p/b5ac83/{size}.png",
            "primary_group_name": "ds-students",
            "flair_name": "ds-students",
            "flair_group_id": 294,
            "trust_level": 1
          }
        }
      ]
    }
  ],
  "summarizable": false,
  "valid_reactions": [
    "heart",
    "+1",
    "laughing",
    "open_mouth",
    "clap",
    "confetti_ball",
    "rocket",
    "-1"
  ],
  "can_vote": false,
  "vote_count": 0,
  "user_voted": false,
  "discourse_zendesk_plugin_zendesk_id": null,
  "discourse_zendesk_plugin_zendesk_url": "https://your-url.zendesk.com/agent/tickets/",
  "details": {
    "can_edit": false,
    "notification_level": 1,
    "can_create_post": true,
    "can_reply_as_new_topic": true,
    "can_flag_topic": true,
    "participants": [
      {
        "id": 21357,
        "username": "adi3",
        "name": "Aditi Shastri",
        "avatar_template": "/user_avatar/discourse.onlinedegree.iitm.ac.in/adi3/{size}/110586_2.png",
        "post_count": 1,
        "primary_group_name": "ds-students",
        "flair_name": "ds-students",
        "flair_url": null,
        "flair_color": "",
        "flair_bg_color": "",
        "flair_group_id": 294,
        "trust_level": 1
      },
      {
        "id": 16094,
        "username": "carlton",
        "name": "Carlton D'Silva",
        "avatar_template": "/user_avatar/discourse.onlinedegree.iitm.ac.in/carlton/{size}/56317_2.png",
        "post_count": 1,
        "primary_group_name": "ds-students",
        "flair_name": "ds-students",
        "flair_url": null,
        "flair_color": "",
        "flair_bg_color": "",
        "flair_group_id": 294,
        "trust_level": 3
      },
      {
        "id": 26848,
        "username": "23f30007561",
        "name": "Divyani kushwaha ",
        "avatar_template": "/user_avatar/discourse.onlinedegree.iitm.ac.in/23f30007561/{size}/68772_2.png",
        "post_count": 1,
        "primary_group_name": "ds-students",
        "flair_name": "ds-students",
        "flair_url": null,
        "flair_color": "",
        "flair_bg_color": "",
        "flair_group_id": 294,
        "trust_level": 1
      }
    ],
    "created_by": {
      "id": 26848,
      "username": "23f30007561",
      "name": "Divyani kushwaha ",
      "avatar_template": "/user_avatar/discourse.onlinedegree.iitm.ac.in/23f30007561/{size}/68772_2.png"
    },
    "last_poster": {
      "id": 16094,
      "username": "carlton",
      "name": "Carlton D'Silva",
      "avatar_template": "/user_avatar/discourse.onlinedegree.iitm.ac.in/carlton/{size}/56317_2.png"
    },
    "links": [
      {
        "url": "https://tds.s-anand.net/#/project-1",
        "title": "Tools in Data Science",
        "internal": false,
        "attachment": false,
        "reflection": false,
        "clicks": 8,
        "user_id": 16094,
        "domain": "tds.s-anand.net",
        "root_domain": "s-anand.net"
      }
    ]
  },
  "pending_posts": [],
  "bookmarks": []
}