{
  "post_stream": {
    "posts": [
      {
        "id": 576033,
        "name": "Avinash Shrivastava ",
        "username": "22f3001914",
        "avatar_template": "/user_avatar/discourse.onlinedegree.iitm.ac.in/22f3001914/{size}/100448_2.png",
        "created_at": "2025-01-06T20:00:14.908Z",
        "cooked": "<p>Dear all,</p>\n<p>I’m thrilled to share a project inspired by my experience in the *Tools in Data Science * course: <a href=\"https://github.com/AvinashShrivastav/LLM_Assignment_Evaluator_GoogleClassroom\" rel=\"noopener nofollow ugc\"><strong>LLM Classroom Assignment Evaluator</strong></a>.  This is the basic prototype.</p>\n<p>This tool leverages Google APIs and LLMs to automate grading and feedback for Google Classroom assignments, making evaluation faster and more insightful for educators.</p>\n<p>A heartfelt thanks to <strong><a class=\"mention\" href=\"/u/s.anand\">@s.anand</a></strong>, our course instructor, and TAs <strong><a class=\"mention\" href=\"/u/carlton\">@Carlton</a></strong> and <strong><a class=\"mention\" href=\"/u/jivraj\">@Jivraj</a></strong>, whose guidance on LLM function calling and real-world applications made this project possible.</p>\n<p>I’d love to invite contributions from this amazing community to:</p>\n<ul>\n<li>Expand functionality and evaluation models.</li>\n<li>Fix bugs and optimize workflows.</li>\n<li>Improve documentation for broader accessibility.</li>\n</ul>\n<p>The <a href=\"https://github.com/AvinashShrivastav/LLM_Assignment_Evaluator_GoogleClassroom\" rel=\"noopener nofollow ugc\">GitHub repository</a> is open for forks, pull requests, and ideas. I look forward to collaborating with you all!</p>\n<p>Update: here is a video explaining the process - <a href=\"https://youtu.be/xa4zhP-S3NE?feature=shared\" rel=\"noopener nofollow ugc\">https://youtu.be/xa4zhP-S3NE?feature=shared</a><br>\nBest regards,<br>\nAvinash Shrivastava</p>",
        "post_number": 1,
        "post_type": 1,
        "posts_count": 5,
        "updated_at": "2025-01-07T16:39:49.959Z",
        "reply_count": 0,
        "reply_to_post_number": null,
        "quote_count": 0,
        "incoming_link_count": 3,
        "reads": 92,
        "readers_count": 91,
        "score": 62.6,
        "yours": false,
        "topic_id": 161214,
        "topic_slug": "contribute-to-my-open-source-llm-classroom-assignment-evaluator",
        "display_username": "Avinash Shrivastava ",
        "primary_group_name": "ds-students",
        "flair_name": "ds-students",
        "flair_url": null,
        "flair_bg_color": "",
        "flair_color": "",
        "flair_group_id": 294,
        "badges_granted": [],
        "version": 2,
        "can_edit": false,
        "can_delete": false,
        "can_recover": false,
        "can_see_hidden_post": false,
        "can_wiki": false,
        "link_counts": [
          {
            "url": "https://github.com/AvinashShrivastav/LLM_Assignment_Evaluator_GoogleClassroom",
            "internal": false,
            "reflection": false,
            "title": "GitHub - AvinashShrivastav/LLM_Assignment_Evaluator_GoogleClassroom",
            "clicks": 30
          },
          {
            "url": "https://youtu.be/xa4zhP-S3NE?feature=shared",
            "internal": false,
            "reflection": false,
            "clicks": 6
          }
        ],
        "read": false,
        "user_title": null,
        "bookmarked": false,
        "actions_summary": [
          {
            "id": 2,
            "count": 2,
            "can_act": true
          },
          {
            "id": 6,
            "can_act": true
          },
          {
            "id": 3,
            "can_act": true
          },
          {
            "id": 4,
            "can_act": true
          },
          {
            "id": 8,
            "can_act": true
          },
          {
            "id": 10,
            "can_act": true
          },
          {
            "id": 7,
            "can_act": true
          }
        ],
        "moderator": false,
        "admin": false,
        "staff": false,
        "user_id": 15744,
        "hidden": false,
        "trust_level": 1,
        "deleted_at": null,
        "user_deleted": false,
        "edit_reason": null,
        "can_view_edit_history": true,
        "wiki": false,
        "post_url": "/t/contribute-to-my-open-source-llm-classroom-assignment-evaluator/161214/1",
        "user_cakedate": "2023-01-25",
        "user_birthdate": "1904-10-24",
        "reactions": [
          {
            "id": "heart",
            "type": "emoji",
            "count": 2
          }
        ],
        "current_user_reaction": null,
        "reaction_users_count": 2,
        "current_user_used_main_reaction": false,
        "can_accept_answer": false,
        "can_unaccept_answer": false,
        "accepted_answer": false,
        "topic_accepted_answer": true,
        "can_vote": false
      },
      {
        "id": 576109,
        "name": "Carlton D'Silva",
        "username": "carlton",
        "avatar_template": "/user_avatar/discourse.onlinedegree.iitm.ac.in/carlton/{size}/56317_2.png",
        "created_at": "2025-01-08T03:02:45.940Z",
        "cooked": "<p>Hi Avinash,</p>\n<p>Thats great work! I am glad you were able to use what you learnt from the course for something so practical. I hope you continue to develop and refine it, take feedback from the stakeholders who would be interested in this approach. I see a lot of potential in this project.</p>\n<p>Kind regards</p>",
        "post_number": 2,
        "post_type": 1,
        "posts_count": 5,
        "updated_at": "2025-01-08T03:02:45.940Z",
        "reply_count": 0,
        "reply_to_post_number": null,
        "quote_count": 0,
        "incoming_link_count": 0,
        "reads": 75,
        "readers_count": 74,
        "score": 29.6,
        "yours": false,
        "topic_id": 161214,
        "topic_slug": "contribute-to-my-open-source-llm-classroom-assignment-evaluator",
        "display_username": "Carlton D'Silva",
        "primary_group_name": "ds-students",
        "flair_name": "ds-students",
        "flair_url": null,
        "flair_bg_color": "",
        "flair_color": "",
        "flair_group_id": 294,
        "badges_granted": [],
        "version": 1,
        "can_edit": false,
        "can_delete": false,
        "can_recover": false,
        "can_see_hidden_post": false,
        "can_wiki": false,
        "read": false,
        "user_title": "Regular",
        "title_is_group": false,
        "bookmarked": false,
        "actions_summary": [
          {
            "id": 2,
            "count": 1,
            "can_act": true
          },
          {
            "id": 6,
            "can_act": true
          },
          {
            "id": 3,
            "can_act": true
          },
          {
            "id": 4,
            "can_act": true
          },
          {
            "id": 8,
            "can_act": true
          },
          {
            "id": 10,
            "can_act": true
          },
          {
            "id": 7,
            "can_act": true
          }
        ],
        "moderator": false,
        "admin": false,
        "staff": false,
        "group_moderator": true,
        "user_id": 16094,
        "hidden": false,
        "trust_level": 3,
        "deleted_at": null,
        "user_deleted": false,
        "edit_reason": null,
        "can_view_edit_history": true,
        "wiki": false,
        "post_url": "/t/contribute-to-my-open-source-llm-classroom-assignment-evaluator/161214/2",
        "user_cakedate": "2023-01-25",
        "reactions": [
          {
            "id": "heart",
            "type": "emoji",
            "count": 1
          }
        ],
        "current_user_reaction": null,
        "reaction_users_count": 1,
        "current_user_used_main_reaction": false,
        "can_accept_answer": false,
        "can_unaccept_answer": false,
        "accepted_answer": true,
        "topic_accepted_answer": true
      },
      {
        "id": 576146,
        "name": "Avinash Shrivastava ",
        "username": "22f3001914",
        "avatar_template": "/user_avatar/discourse.onlinedegree.iitm.ac.in/22f3001914/{size}/100448_2.png",
        "created_at": "2025-01-08T11:58:30.974Z",
        "cooked": "<p>Thanks <a class=\"mention\" href=\"/u/carlton\">@carlton</a> <img src=\"https://emoji.discourse-cdn.com/google/blush.png?v=12\" title=\":blush:\" class=\"emoji\" alt=\":blush:\" loading=\"lazy\" width=\"20\" height=\"20\"> I would definitely refine it.</p>",
        "post_number": 3,
        "post_type": 1,
        "posts_count": 5,
        "updated_at": "2025-01-08T11:58:30.974Z",
        "reply_count": 0,
        "reply_to_post_number": null,
        "quote_count": 0,
        "incoming_link_count": 0,
        "reads": 62,
        "readers_count": 61,
        "score": 11.8,
        "yours": false,
        "topic_id": 161214,
        "topic_slug": "contribute-to-my-open-source-llm-classroom-assignment-evaluator",
        "display_username": "Avinash Shrivastava ",
        "primary_group_name": "ds-students",
        "flair_name": "ds-students",
        "flair_url": null,
        "flair_bg_color": "",
        "flair_color": "",
        "flair_group_id": 294,
        "badges_granted": [],
        "version": 1,
        "can_edit": false,
        "can_delete": false,
        "can_recover": false,
        "can_see_hidden_post": false,
        "can_wiki": false,
        "read": false,
        "user_title": null,
        "bookmarked": false,
        "actions_summary": [
          {
            "id": 2,
            "can_act": true
          },
          {
            "id": 6,
            "can_act": true
          },
          {
            "id": 3,
            "can_act": true
          },
          {
            "id": 4,
            "can_act": true
          },
          {
            "id": 8,
            "can_act": true
          },
          {
            "id": 10,
            "can_act": true
          },
          {
            "id": 7,
            "can_act": true
          }
        ],
        "moderator": false,
        "admin": false,
        "staff": false,
        "user_id": 15744,
        "hidden": false,
        "trust_level": 1,
        "deleted_at": null,
        "user_deleted": false,
        "edit_reason": null,
        "can_view_edit_history": true,
        "wiki": false,
        "post_url": "/t/contribute-to-my-open-source-llm-classroom-assignment-evaluator/161214/3",
        "user_cakedate": "2023-01-25",
        "user_birthdate": "1904-10-24",
        "reactions": [],
        "current_user_reaction": null,
        "reaction_users_count": 0,
        "current_user_used_main_reaction": false,
        "can_accept_answer": false,
        "can_unaccept_answer": false,
        "accepted_answer": false,
        "topic_accepted_answer": true
      },
      {
        "id": 576220,
        "name": "Anand S",
        "username": "s.anand",
        "avatar_template": "/user_avatar/discourse.onlinedegree.iitm.ac.in/s.anand/{size}/15264_2.png",
        "created_at": "2025-01-09T05:05:50.620Z",
        "cooked": "<p>Testing… please ignore</p>",
        "post_number": 4,
        "post_type": 3,
        "posts_count": 5,
        "updated_at": "2025-01-09T05:05:50.620Z",
        "reply_count": 0,
        "reply_to_post_number": null,
        "quote_count": 0,
        "incoming_link_count": 0,
        "reads": 54,
        "readers_count": 53,
        "score": 10.2,
        "yours": false,
        "topic_id": 161214,
        "topic_slug": "contribute-to-my-open-source-llm-classroom-assignment-evaluator",
        "display_username": "Anand S",
        "primary_group_name": "faculty",
        "flair_name": "faculty",
        "flair_url": "chalkboard-user",
        "flair_bg_color": "f2c26e",
        "flair_color": "000",
        "flair_group_id": 54,
        "badges_granted": [],
        "version": 1,
        "can_edit": false,
        "can_delete": false,
        "can_recover": false,
        "can_see_hidden_post": false,
        "can_wiki": false,
        "read": false,
        "user_title": "Course_faculty",
        "title_is_group": true,
        "bookmarked": false,
        "actions_summary": [
          {
            "id": 2,
            "can_act": true
          },
          {
            "id": 6,
            "can_act": true
          },
          {
            "id": 3,
            "can_act": true
          },
          {
            "id": 4,
            "can_act": true
          },
          {
            "id": 8,
            "can_act": true
          },
          {
            "id": 10,
            "can_act": true
          },
          {
            "id": 7,
            "can_act": true
          }
        ],
        "moderator": false,
        "admin": false,
        "staff": false,
        "user_id": 9419,
        "hidden": false,
        "trust_level": 4,
        "deleted_at": null,
        "user_deleted": false,
        "edit_reason": null,
        "can_view_edit_history": true,
        "wiki": false,
        "action_code": "assigned_to_post",
        "action_code_who": "s.anand",
        "action_code_path": "/p/576109",
        "post_url": "/t/contribute-to-my-open-source-llm-classroom-assignment-evaluator/161214/4",
        "user_cakedate": "2022-01-03",
        "reactions": [],
        "current_user_reaction": null,
        "reaction_users_count": 0,
        "current_user_used_main_reaction": false,
        "can_accept_answer": false,
        "can_unaccept_answer": false,
        "accepted_answer": false,
        "topic_accepted_answer": true
      },
      {
        "id": 576221,
        "name": "Anand S",
        "username": "s.anand",
        "avatar_template": "/user_avatar/discourse.onlinedegree.iitm.ac.in/s.anand/{size}/15264_2.png",
        "created_at": "2025-01-09T05:07:09.977Z",
        "cooked": "",
        "post_number": 5,
        "post_type": 3,
        "posts_count": 5,
        "updated_at": "2025-01-09T05:07:09.977Z",
        "reply_count": 0,
        "reply_to_post_number": null,
        "quote_count": 0,
        "incoming_link_count": 0,
        "reads": 52,
        "readers_count": 51,
        "score": 9.8,
        "yours": false,
        "topic_id": 161214,
        "topic_slug": "contribute-to-my-open-source-llm-classroom-assignment-evaluator",
        "display_username": "Anand S",
        "primary_group_name": "faculty",
        "flair_name": "faculty",
        "flair_url": "chalkboard-user",
        "flair_bg_color": "f2c26e",
        "flair_color": "000",
        "flair_group_id": 54,
        "badges_granted": [],
        "version": 1,
        "can_edit": false,
        "can_delete": false,
        "can_recover": false,
        "can_see_hidden_post": false,
        "can_wiki": false,
        "read": false,
        "user_title": "Course_faculty",
        "title_is_group": true,
        "bookmarked": false,
        "actions_summary": [
          {
            "id": 2,
            "can_act": true
          },
          {
            "id": 6,
            "can_act": true
          },
          {
            "id": 3,
            "can_act": true
          },
          {
            "id": 4,
            "can_act": true
          },
          {
            "id": 8,
            "can_act": true
          },
          {
            "id": 10,
            "can_act": true
          },
          {
            "id": 7,
            "can_act": true
          }
        ],
        "moderator": false,
        "admin": false,
        "staff": false,
        "user_id": 9419,
        "hidden": false,
        "trust_level": 4,
        "deleted_at": null,
        "user_deleted": false,
        "edit_reason": null,
        "can_view_edit_history": true,
        "wiki": false,
        "action_code": "unassigned_from_post",
        "action_code_who": "s.anand",
        "action_code_path": "/p/576109",
        "post_url": "/t/contribute-to-my-open-source-llm-classroom-assignment-evaluator/161214/5",
        "user_cakedate": "2022-01-03",
        "reactions": [],
        "current_user_reaction": null,
        "reaction_users_count": 0,
        "current_user_used_main_reaction": false,
        "can_accept_answer": false,
        "can_unaccept_answer": false,
        "accepted_answer": false,
        "topic_accepted_answer": true
      }
    ],
    "stream": [
      576033,
      576109,
      576146,
      576220,
      576221
    ]
  },
  "timeline_lookup": [
    [
      1,
      145
    ],
    [
      2,
      144
    ],
    [
      3,
      143
    ],
    [
      4,
      142
    ]
  ],
  "suggested_topics": [
    {
      "id": 173524,
      "title": "GA1 - Development Tools - Discussion Thread [TDS May 2025]",
      "fancy_title": "GA1 - Development Tools - Discussion Thread [TDS May 2025]",
      "slug": "ga1-development-tools-discussion-thread-tds-may-2025",
      "posts_count": 80,
      "reply_count": 51,
      "highest_post_number": 85,
      "image_url": null,
      "created_at": "2025-05-01T11:39:00.734Z",
      "last_posted_at": "2025-05-31T15:34:18.368Z",
      "bumped": true,
      "bumped_at": "2025-05-31T15:34:18.368Z",
      "archetype": "regular",
      "unseen": false,
      "last_read_post_number": 82,
      "unread": 0,
      "new_posts": 3,
      "unread_posts": 3,
      "pinned": false,
      "unpinned": null,
      "visible": true,
      "closed": false,
      "archived": false,
      "notification_level": 2,
      "bookmarked": false,
      "liked": false,
      "tags": [
        "term2-2025",
        "graded-assignment"
      ],
      "tags_descriptions": {},
      "like_count": 25,
      "views": 1155,
      "category_id": 34,
      "featured_link": null,
      "has_accepted_answer": false,
      "posters": [
        {
          "extras": null,
          "description": "Original Poster",
          "user": {
            "id": 9419,
            "username": "s.anand",
            "name": "Anand S",
            "avatar_template": "/user_avatar/discourse.onlinedegree.iitm.ac.in/s.anand/{size}/15264_2.png",
            "primary_group_name": "faculty",
            "flair_name": "faculty",
            "flair_url": "chalkboard-user",
            "flair_bg_color": "f2c26e",
            "flair_color": "000",
            "flair_group_id": 54,
            "trust_level": 4
          }
        },
        {
          "extras": null,
          "description": "Frequent Poster",
          "user": {
            "id": 22472,
            "username": "Advaith52",
            "name": "Advaith Sanil Kumar",
            "avatar_template": "/user_avatar/discourse.onlinedegree.iitm.ac.in/advaith52/{size}/67172_2.png",
            "primary_group_name": "ds-students",
            "flair_name": "ds-students",
            "flair_group_id": 294,
            "trust_level": 1
          }
        },
        {
          "extras": null,
          "description": "Frequent Poster",
          "user": {
            "id": 16094,
            "username": "carlton",
            "name": "Carlton D'Silva",
            "avatar_template": "/user_avatar/discourse.onlinedegree.iitm.ac.in/carlton/{size}/56317_2.png",
            "primary_group_name": "ds-students",
            "flair_name": "ds-students",
            "flair_group_id": 294,
            "trust_level": 3
          }
        },
        {
          "extras": null,
          "description": "Frequent Poster",
          "user": {
            "id": 15658,
            "username": "HritikRoshan_HRM",
            "name": "HRITIK ROSHAN MAURYA",
            "avatar_template": "/user_avatar/discourse.onlinedegree.iitm.ac.in/hritikroshan_hrm/{size}/66975_2.png",
            "primary_group_name": "ds-students",
            "flair_name": "ds-students",
            "flair_group_id": 294,
            "trust_level": 1
          }
        },
        {
          "extras": "latest",
          "description": "Most Recent Poster",
          "user": {
            "id": 12914,
            "username": "iAnimeshS",
            "name": "Animesh",
            "avatar_template": "/user_avatar/discourse.onlinedegree.iitm.ac.in/ianimeshs/{size}/12415_2.png",
            "primary_group_name": "ds-students",
            "flair_name": "ds-students",
            "flair_group_id": 294,
            "trust_level": 1
          }
        }
      ]
    },
    {
      "id": 176789,
      "title": "Vercel deployement error",
      "fancy_title": "Vercel deployement error",
      "slug": "vercel-deployement-error",
      "posts_count": 1,
      "reply_count": 0,
      "highest_post_number": 1,
      "image_url": null,
      "created_at": "2025-05-31T11:55:22.507Z",
      "last_posted_at": "2025-05-31T11:55:22.708Z",
      "bumped": true,
      "bumped_at": "2025-05-31T11:55:22.708Z",
      "archetype": "regular",
      "unseen": true,
      "pinned": false,
      "unpinned": null,
      "visible": true,
      "closed": false,
      "archived": false,
      "bookmarked": null,
      "liked": null,
      "tags": [
        "diploma-level",
        "term2-2025"
      ],
      "tags_descriptions": {},
      "like_count": 0,
      "views": 9,
      "category_id": 34,
      "featured_link": null,
      "has_accepted_answer": false,
      "posters": [
        {
          "extras": "latest single",
          "description": "Original Poster, Most Recent Poster",
          "user": {
            "id": 25506,
            "username": "23f3003724",
            "name": "Vedika Gupta",
            "avatar_template": "/user_avatar/discourse.onlinedegree.iitm.ac.in/23f3003724/{size}/68806_2.png",
            "primary_group_name": "ds-students",
            "flair_name": "ds-students",
            "flair_group_id": 294,
            "trust_level": 1
          }
        }
      ]
    }
  ],
  "tags": [
    "miscellaneous"
  ],
  "tags_descriptions": {},
  "id": 161214,
  "title": "Contribute to My Open-Source LLM Classroom Assignment Evaluator",
  "fancy_title": "Contribute to My Open-Source LLM Classroom Assignment Evaluator",
  "posts_count": 5,
  "created_at": "2025-01-06T20:00:14.652Z",
  "views": 123,
  "reply_count": 0,
  "like_count": 3,
  "last_posted_at": "2025-01-09T05:07:09.977Z",
  "visible": true,
  "closed": false,
  "archived": false,
  "has_summary": false,
  "archetype": "regular",
  "slug": "contribute-to-my-open-source-llm-classroom-assignment-evaluator",
  "category_id": 34,
  "word_count": 220,
  "deleted_at": null,
  "user_id": 15744,
  "featured_link": null,
  "pinned_globally": false,
  "pinned_at": null,
  "pinned_until": null,
  "image_url": null,
  "slow_mode_seconds": 0,
  "draft": null,
  "draft_key": "topic_161214",
  "draft_sequence": 0,
  "unpinned": null,
  "pinned": false,
  "current_post_number": 1,
  "highest_post_number": 5,
  "deleted_by": null,
  "actions_summary": [
    {
      "id": 4,
      "count": 0,
      "hidden": false,
      "can_act": true
    },
    {
      "id": 8,
      "count": 0,
      "hidden": false,
      "can_act": true
    },
    {
      "id": 10,
      "count": 0,
      "hidden": false,
      "can_act": true
    },
    {
      "id": 7,
      "count": 0,
      "hidden": false,
      "can_act": true
    }
  ],
  "chunk_size": 20,
  "bookmarked": false,
  "topic_timer": null,
  "message_bus_last_id": 0,
  "participant_count": 2,
  "show_read_indicator": false,
  "thumbnails": null,
  "slow_mode_enabled_until": null,
  "tags_disable_ads": false,
  "related_topics": [
    {
      "id": 102629,
      "title": "Link to programming assignment - MLT",
      "fancy_title": "Link to programming assignment - MLT",
      "slug": "link-to-programming-assignment-mlt",
      "posts_count": 2,
      "reply_count": 0,
      "highest_post_number": 2,
      "image_url": null,
      "created_at": "2023-09-20T16:00:29.927Z",
      "last_posted_at": "2023-09-21T07:09:48.788Z",
      "bumped": true,
      "bumped_at": "2023-09-21T07:09:48.788Z",
      "archetype": "regular",
      "unseen": false,
      "pinned": false,
      "unpinned": null,
      "visible": true,
      "closed": false,
      "archived": false,
      "bookmarked": null,
      "liked": null,
      "tags": [
        "course-portal"
      ],
      "tags_descriptions": {},
      "like_count": 4,
      "views": 125,
      "category_id": 32,
      "featured_link": null,
      "has_accepted_answer": false,
      "posters": [
        {
          "extras": null,
          "description": "Original Poster",
          "user": {
            "id": 9028,
            "username": "ANUJA_VENKATACHALAM",
            "name": "ANUJA VENKATACHALAM",
            "avatar_template": "/user_avatar/discourse.onlinedegree.iitm.ac.in/anuja_venkatachalam/{size}/12765_2.png",
            "primary_group_name": "ds-students",
            "flair_name": "ds-students",
            "flair_group_id": 294,
            "trust_level": 1
          }
        },
        {
          "extras": "latest",
          "description": "Most Recent Poster",
          "user": {
            "id": 11948,
            "username": "22f1001196",
            "name": "Indranil Patra",
            "avatar_template": "/user_avatar/discourse.onlinedegree.iitm.ac.in/22f1001196/{size}/62308_2.png",
            "primary_group_name": "ds-students",
            "flair_name": "ds-students",
            "flair_group_id": 294,
            "trust_level": 1
          }
        }
      ]
    },
    {
      "id": 173524,
      "title": "GA1 - Development Tools - Discussion Thread [TDS May 2025]",
      "fancy_title": "GA1 - Development Tools - Discussion Thread [TDS May 2025]",
      "slug": "ga1-development-tools-discussion-thread-tds-may-2025",
      "posts_count": 80,
      "reply_count": 51,
      "highest_post_number": 85,
      "image_url": null,
      "created_at": "2025-05-01T11:39:00.734Z",
      "last_posted_at": "2025-05-31T15:34:18.368Z",
      "bumped": true,
      "bumped_at": "2025-05-31T15:34:18.368Z",
      "archetype": "regular",
      "unseen": false,
      "last_read_post_number": 82,
      "unread": 0,
      "new_posts": 3,
      "unread_posts": 3,
      "pinned": false,
      "unpinned": null,
      "visible": true,
      "closed": false,
      "archived": false,
      "notification_level": 2,
      "bookmarked": false,
      "liked": false,
      "tags": [
        "term2-2025",
        "graded-assignment"
      ],
      "tags_descriptions": {},
      "like_count": 25,
      "views": 1155,
      "category_id": 34,
      "featured_link": null,
      "has_accepted_answer": false,
      "posters": [
        {
          "extras": null,
          "description": "Original Poster",
          "user": {
            "id": 9419,
            "username": "s.anand",
            "name": "Anand S",
            "avatar_template": "/user_avatar/discourse.onlinedegree.iitm.ac.in/s.anand/{size}/15264_2.png",
            "primary_group_name": "faculty",
            "flair_name": "faculty",
            "flair_url": "chalkboard-user",
            "flair_bg_color": "f2c26e",
            "flair_color": "000",
            "flair_group_id": 54,
            "trust_level": 4
          }
        },
        {
          "extras": null,
          "description": "Frequent Poster",
          "user": {
            "id": 22472,
            "username": "Advaith52",
            "name": "Advaith Sanil Kumar",
            "avatar_template": "/user_avatar/discourse.onlinedegree.iitm.ac.in/advaith52/{size}/67172_2.png",
            "primary_group_name": "ds-students",
            "flair_name": "ds-students",
            "flair_group_id": 294,
            "trust_level": 1
          }
        },
        {
          "extras": null,
          "description": "Frequent Poster",
          "user": {
            "id": 16094,
            "username": "carlton",
            "name": "Carlton D'Silva",
            "avatar_template": "/user_avatar/discourse.onlinedegree.iitm.ac.in/carlton/{size}/56317_2.png",
            "primary_group_name": "ds-students",
            "flair_name": "ds-students",
            "flair_group_id": 294,
            "trust_level": 3
          }
        },
        {
          "extras": null,
          "description": "Frequent Poster",
          "user": {
            "id": 15658,
            "username": "HritikRoshan_HRM",
            "name": "HRITIK ROSHAN MAURYA",
            "avatar_template": "/user_avatar/discourse.onlinedegree.iitm.ac.in/hritikroshan_hrm/{size}/66975_2.png",
            "primary_group_name": "ds-students",
            "flair_name": "ds-students",
            "flair_group_id": 294,
            "trust_level": 1
          }
        },
        {
          "extras": "latest",
          "description": "Most Recent Poster",
          "user": {
            "id": 12914,
            "username": "iAnimeshS",
            "name": "Animesh",
            "avatar_template": "/user_avatar/discourse.onlinedegree.iitm.ac.in/ianimeshs/{size}/12415_2.png",
            "primary_group_name": "ds-students",
            "flair_name": "ds-students",
            "flair_group_id": 294,
            "trust_level": 1
          }
        }
      ]
    },
    {
      "id": 139347,
      "title": "Graded Assignment 5 Query which LLM to use",
      "fancy_title": "Graded Assignment 5 Query which LLM to use",
      "slug": "graded-assignment-5-query-which-llm-to-use",
      "posts_count": 1,
      "reply_count": 0,
      "highest_post_number": 1,
      "image_url": null,
      "created_at": "2024-07-11T07:04:41.279Z",
      "last_posted_at": "2024-07-11T07:04:41.416Z",
      "bumped": true,
      "bumped_at": "2024-07-11T07:04:41.416Z",
      "archetype": "regular",
      "unseen": false,
      "pinned": false,
      "unpinned": null,
      "visible": true,
      "closed": false,
      "archived": false,
      "bookmarked": null,
      "liked": null,
      "tags": [
        "clarification",
        "diploma-level",
        "week-5"
      ],
      "tags_descriptions": {},
      "like_count": 0,
      "views": 34,
      "category_id": 34,
      "featured_link": null,
      "has_accepted_answer": false,
      "posters": [
        {
          "extras": "latest single",
          "description": "Original Poster, Most Recent Poster",
          "user": {
            "id": 14389,
            "username": "22f2001018",
            "name": "Jatin Yadav",
            "avatar_template": "/user_avatar/discourse.onlinedegree.iitm.ac.in/22f2001018/{size}/45893_2.png",
            "primary_group_name": "ds-students",
            "flair_name": "ds-students",
            "flair_group_id": 294,
            "trust_level": 1
          }
        }
      ]
    },
    {
      "id": 98326,
      "title": "Week 8. Graded Assignments",
      "fancy_title": "Week 8. Graded Assignments",
      "slug": "week-8-graded-assignments",
      "posts_count": 2,
      "reply_count": 0,
      "highest_post_number": 2,
      "image_url": null,
      "created_at": "2023-08-07T18:19:49.107Z",
      "last_posted_at": "2023-08-09T09:52:20.570Z",
      "bumped": true,
      "bumped_at": "2023-08-09T09:52:20.570Z",
      "archetype": "regular",
      "unseen": false,
      "pinned": false,
      "unpinned": null,
      "visible": true,
      "closed": false,
      "archived": false,
      "bookmarked": null,
      "liked": null,
      "tags": [
        "graded-assignment"
      ],
      "tags_descriptions": {},
      "like_count": 1,
      "views": 48,
      "category_id": 33,
      "featured_link": null,
      "has_accepted_answer": false,
      "posters": [
        {
          "extras": "latest single",
          "description": "Original Poster, Most Recent Poster",
          "user": {
            "id": 3313,
            "username": "muthukumar.sm",
            "name": "Muthukumar S M",
            "avatar_template": "/user_avatar/discourse.onlinedegree.iitm.ac.in/muthukumar.sm/{size}/767_2.png",
            "primary_group_name": "ds-students",
            "flair_name": "ds-students",
            "flair_group_id": 294,
            "trust_level": 1
          }
        }
      ]
    },
    {
      "id": 149119,
      "title": "BONUS MARK: LLM app development + video",
      "fancy_title": "BONUS MARK: LLM app development + video",
      "slug": "bonus-mark-llm-app-development-video",
      "posts_count": 78,
      "reply_count": 3,
      "highest_post_number": 86,
      "image_url": null,
      "created_at": "2024-09-26T11:25:31.669Z",
      "last_posted_at": "2024-10-09T03:40:45.581Z",
      "bumped": true,
      "bumped_at": "2024-10-09T03:40:45.581Z",
      "archetype": "regular",
      "unseen": false,
      "pinned": false,
      "unpinned": null,
      "visible": true,
      "closed": true,
      "archived": false,
      "bookmarked": null,
      "liked": null,
      "tags": [
        "term3-2024",
        "bonus-marks"
      ],
      "tags_descriptions": {},
      "like_count": 32,
      "views": 997,
      "category_id": 34,
      "featured_link": null,
      "has_accepted_answer": false,
      "posters": [
        {
          "extras": "latest",
          "description": "Original Poster, Most Recent Poster",
          "user": {
            "id": 9419,
            "username": "s.anand",
            "name": "Anand S",
            "avatar_template": "/user_avatar/discourse.onlinedegree.iitm.ac.in/s.anand/{size}/15264_2.png",
            "primary_group_name": "faculty",
            "flair_name": "faculty",
            "flair_url": "chalkboard-user",
            "flair_bg_color": "f2c26e",
            "flair_color": "000",
            "flair_group_id": 54,
            "trust_level": 4
          }
        },
        {
          "extras": null,
          "description": "Frequent Poster",
          "user": {
            "id": 17684,
            "username": "23f1003155",
            "name": "KOUSTAV DAS",
            "avatar_template": "/user_avatar/discourse.onlinedegree.iitm.ac.in/23f1003155/{size}/66846_2.png",
            "primary_group_name": "ds-students",
            "flair_name": "ds-students",
            "flair_group_id": 294,
            "trust_level": 1
          }
        },
        {
          "extras": null,
          "description": "Frequent Poster",
          "user": {
            "id": 16012,
            "username": "22f3002758",
            "name": "Tarika",
            "avatar_template": "/user_avatar/discourse.onlinedegree.iitm.ac.in/22f3002758/{size}/109751_2.png",
            "primary_group_name": "ds-students",
            "flair_name": "ds-students",
            "flair_group_id": 294,
            "trust_level": 1
          }
        },
        {
          "extras": null,
          "description": "Frequent Poster",
          "user": {
            "id": 29552,
            "username": "AnshumanP",
            "name": "Anshuman Pandey",
            "avatar_template": "/user_avatar/discourse.onlinedegree.iitm.ac.in/anshumanp/{size}/67203_2.png",
            "primary_group_name": "ds-students",
            "flair_name": "ds-students",
            "flair_group_id": 294,
            "trust_level": 1
          }
        },
        {
          "extras": null,
          "description": "Frequent Poster",
          "user": {
            "id": 14034,
            "username": "Praful",
            "name": "Prafull Chaudhari",
            "avatar_template": "https://avatars.discourse-cdn.com/v4/letter/p/f14d63/{size}.png",
            "primary_group_name": "ds-students",
            "flair_name": "ds-students",
            "flair_group_id": 294,
            "trust_level": 1
          }
        }
      ]
    }
  ],
  "summarizable": false,
  "valid_reactions": [
    "heart",
    "+1",
    "laughing",
    "open_mouth",
    "clap",
    "confetti_ball",
    "rocket",
    "-1"
  ],
  "accepted_answer": {
    "post_number": 2,
    "username": "carlton",
    "name": null,
    "excerpt": "Hi Avinash, \nThats great work! I am glad you were able to use what you learnt from the course for something so practical. I hope you continue to develop and refine it, take feedback from the stakeholders who would be interested in this approach. I see a lot of potential in this project. \nKind regard&hellip;",
    "accepter_name": null,
    "accepter_username": "22f3001914"
  },
  "can_vote": false,
  "vote_count": 0,
  "user_voted": false,
  "discourse_zendesk_plugin_zendesk_id": null,
  "discourse_zendesk_plugin_zendesk_url": "https://your-url.zendesk.com/agent/tickets/",
  "details": {
    "can_edit": false,
    "notification_level": 1,
    "can_create_post": true,
    "can_reply_as_new_topic": true,
    "can_flag_topic": true,
    "participants": [
      {
        "id": 15744,
        "username": "22f3001914",
        "name": "Avinash Shrivastava ",
        "avatar_template": "/user_avatar/discourse.onlinedegree.iitm.ac.in/22f3001914/{size}/100448_2.png",
        "post_count": 2,
        "primary_group_name": "ds-students",
        "flair_name": "ds-students",
        "flair_url": null,
        "flair_color": "",
        "flair_bg_color": "",
        "flair_group_id": 294,
        "trust_level": 1
      },
      {
        "id": 16094,
        "username": "carlton",
        "name": "Carlton D'Silva",
        "avatar_template": "/user_avatar/discourse.onlinedegree.iitm.ac.in/carlton/{size}/56317_2.png",
        "post_count": 1,
        "primary_group_name": "ds-students",
        "flair_name": "ds-students",
        "flair_url": null,
        "flair_color": "",
        "flair_bg_color": "",
        "flair_group_id": 294,
        "trust_level": 3
      }
    ],
    "created_by": {
      "id": 15744,
      "username": "22f3001914",
      "name": "Avinash Shrivastava ",
      "avatar_template": "/user_avatar/discourse.onlinedegree.iitm.ac.in/22f3001914/{size}/100448_2.png"
    },
    "last_poster": {
      "id": 9419,
      "username": "s.anand",
      "name": "Anand S",
      "avatar_template": "/user_avatar/discourse.onlinedegree.iitm.ac.in/s.anand/{size}/15264_2.png"
    },
    "links": [
      {
        "url": "https://github.com/AvinashShrivastav/LLM_Assignment_Evaluator_GoogleClassroom",
        "title": "GitHub - AvinashShrivastav/LLM_Assignment_Evaluator_GoogleClassroom",
        "internal": false,
        "attachment": false,
        "reflection": false,
        "clicks": 30,
        "user_id": 15744,
        "domain": "github.com",
        "root_domain": "github.com"
      },
      {
        "url": "https://youtu.be/xa4zhP-S3NE?feature=shared",
        "title": null,
        "internal": false,
        "attachment": false,
        "reflection": false,
        "clicks": 6,
        "user_id": 15744,
        "domain": "youtu.be",
        "root_domain": "youtu.be"
      }
    ]
  },
  "pending_posts": [],
  "bookmarks": []
}