{
  "post_stream": {
    "posts": [
      {
        "id": 614077,
        "name": "Reva Lakshmy Paul",
        "username": "22f3000585",
        "avatar_template": "/user_avatar/discourse.onlinedegree.iitm.ac.in/22f3000585/{size}/111045_2.png",
        "created_at": "2025-04-01T05:16:56.562Z",
        "cooked": "<p>Sir,</p>\n<p>The License file is present in the github repository however i received a mail that said that it was absent.<br>\n<div class=\"lightbox-wrapper\"><a class=\"lightbox\" href=\"https://europe1.discourse-cdn.com/flex013/uploads/iitm/original/3X/a/6/a63b3e5cf7847aad19780199e18d9767880f3de8.png\" data-download-href=\"/uploads/short-url/nIybIgx7rnz9Qp6cQRDxjlaX65O.png?dl=1\" title=\"image\" rel=\"noopener nofollow ugc\"><img src=\"https://europe1.discourse-cdn.com/flex013/uploads/iitm/optimized/3X/a/6/a63b3e5cf7847aad19780199e18d9767880f3de8_2_690x405.png\" alt=\"image\" data-base62-sha1=\"nIybIgx7rnz9Qp6cQRDxjlaX65O\" width=\"690\" height=\"405\" srcset=\"https://europe1.discourse-cdn.com/flex013/uploads/iitm/optimized/3X/a/6/a63b3e5cf7847aad19780199e18d9767880f3de8_2_690x405.png, https://europe1.discourse-cdn.com/flex013/uploads/iitm/optimized/3X/a/6/a63b3e5cf7847aad19780199e18d9767880f3de8_2_1035x607.png 1.5x, https://europe1.discourse-cdn.com/flex013/uploads/iitm/original/3X/a/6/a63b3e5cf7847aad19780199e18d9767880f3de8.png 2x\" data-dominant-color=\"13171D\"><div class=\"meta\"><svg class=\"fa d-icon d-icon-far-image svg-icon\" aria-hidden=\"true\"><use href=\"#far-image\"></use></svg><span class=\"filename\">image</span><span class=\"informations\">1145×673 33.8 KB</span><svg class=\"fa d-icon d-icon-discourse-expand svg-icon\" aria-hidden=\"true\"><use href=\"#discourse-expand\"></use></svg></div></a></div><br>\n<div class=\"lightbox-wrapper\"><a class=\"lightbox\" href=\"https://europe1.discourse-cdn.com/flex013/uploads/iitm/original/3X/3/4/3401452ad3977fe3c1b1abed1f71a21c212e2b67.png\" data-download-href=\"/uploads/short-url/7q3y5vSuNCEbRkULMI3gUy7P9vF.png?dl=1\" title=\"image\" rel=\"noopener nofollow ugc\"><img src=\"https://europe1.discourse-cdn.com/flex013/uploads/iitm/original/3X/3/4/3401452ad3977fe3c1b1abed1f71a21c212e2b67.png\" alt=\"image\" data-base62-sha1=\"7q3y5vSuNCEbRkULMI3gUy7P9vF\" width=\"633\" height=\"336\"><div class=\"meta\"><svg class=\"fa d-icon d-icon-far-image svg-icon\" aria-hidden=\"true\"><use href=\"#far-image\"></use></svg><span class=\"filename\">image</span><span class=\"informations\">633×336 7.1 KB</span><svg class=\"fa d-icon d-icon-discourse-expand svg-icon\" aria-hidden=\"true\"><use href=\"#discourse-expand\"></use></svg></div></a></div></p>\n<p>Sir I thought that the ‘LICENSE’ file had to be renamed to ‘MIT LICENSE’.<br>\nCan you please look into it. Thankyou!</p>",
        "post_number": 1,
        "post_type": 1,
        "posts_count": 9,
        "updated_at": "2025-04-01T17:45:23.354Z",
        "reply_count": 0,
        "reply_to_post_number": null,
        "quote_count": 0,
        "incoming_link_count": 3,
        "reads": 52,
        "readers_count": 51,
        "score": 24.8,
        "yours": false,
        "topic_id": 171485,
        "topic_slug": "project-1-discrepancy-regarding-mit-license",
        "display_username": "Reva Lakshmy Paul",
        "primary_group_name": "ds-students",
        "flair_name": "ds-students",
        "flair_url": null,
        "flair_bg_color": "",
        "flair_color": "",
        "flair_group_id": 294,
        "badges_granted": [],
        "version": 2,
        "can_edit": false,
        "can_delete": false,
        "can_recover": false,
        "can_see_hidden_post": false,
        "can_wiki": false,
        "read": false,
        "user_title": null,
        "bookmarked": false,
        "actions_summary": [
          {
            "id": 2,
            "can_act": true
          },
          {
            "id": 6,
            "can_act": true
          },
          {
            "id": 3,
            "can_act": true
          },
          {
            "id": 4,
            "can_act": true
          },
          {
            "id": 8,
            "can_act": true
          },
          {
            "id": 10,
            "can_act": true
          },
          {
            "id": 7,
            "can_act": true
          }
        ],
        "moderator": false,
        "admin": false,
        "staff": false,
        "user_id": 16552,
        "hidden": false,
        "trust_level": 1,
        "deleted_at": null,
        "user_deleted": false,
        "edit_reason": null,
        "can_view_edit_history": true,
        "wiki": false,
        "post_url": "/t/project-1-discrepancy-regarding-mit-license/171485/1",
        "user_cakedate": "2023-01-29",
        "reactions": [],
        "current_user_reaction": null,
        "reaction_users_count": 0,
        "current_user_used_main_reaction": false,
        "can_accept_answer": false,
        "can_unaccept_answer": false,
        "accepted_answer": false,
        "topic_accepted_answer": null,
        "can_vote": false
      },
      {
        "id": 614378,
        "name": "Jivraj Singh Shekhawat",
        "username": "Jivraj",
        "avatar_template": "https://avatars.discourse-cdn.com/v4/letter/j/b9bd4f/{size}.png",
        "created_at": "2025-04-01T20:57:59.477Z",
        "cooked": "<p>Hi <a class=\"mention\" href=\"/u/22f3000585\">@22f3000585</a></p>\n<p>Standard MIT License naming criteria is to be named as LICENSE or LICENSE.md(all caps).</p>\n<p><a href=\"https://docs.github.com/en/communities/setting-up-your-project-for-healthy-contributions/adding-a-license-to-a-repository\" rel=\"noopener nofollow ugc\">Adding a license to a repository - GitHub Docs</a></p>\n<p>Kind regards</p>",
        "post_number": 3,
        "post_type": 1,
        "posts_count": 9,
        "updated_at": "2025-04-01T20:57:59.477Z",
        "reply_count": 1,
        "reply_to_post_number": null,
        "quote_count": 0,
        "incoming_link_count": 0,
        "reads": 38,
        "readers_count": 37,
        "score": 12.0,
        "yours": false,
        "topic_id": 171485,
        "topic_slug": "project-1-discrepancy-regarding-mit-license",
        "display_username": "Jivraj Singh Shekhawat",
        "primary_group_name": "ds-students",
        "flair_name": "ds-students",
        "flair_url": null,
        "flair_bg_color": "",
        "flair_color": "",
        "flair_group_id": 294,
        "badges_granted": [],
        "version": 1,
        "can_edit": false,
        "can_delete": false,
        "can_recover": false,
        "can_see_hidden_post": false,
        "can_wiki": false,
        "link_counts": [
          {
            "url": "https://docs.github.com/en/communities/setting-up-your-project-for-healthy-contributions/adding-a-license-to-a-repository",
            "internal": false,
            "reflection": false,
            "title": "Adding a license to a repository - GitHub Docs",
            "clicks": 2
          }
        ],
        "read": false,
        "user_title": "Course TA",
        "title_is_group": false,
        "bookmarked": false,
        "actions_summary": [
          {
            "id": 2,
            "can_act": true
          },
          {
            "id": 6,
            "can_act": true
          },
          {
            "id": 3,
            "can_act": true
          },
          {
            "id": 4,
            "can_act": true
          },
          {
            "id": 8,
            "can_act": true
          },
          {
            "id": 10,
            "can_act": true
          },
          {
            "id": 7,
            "can_act": true
          }
        ],
        "moderator": false,
        "admin": false,
        "staff": false,
        "group_moderator": true,
        "user_id": 15651,
        "hidden": false,
        "trust_level": 2,
        "deleted_at": null,
        "user_deleted": false,
        "edit_reason": null,
        "can_view_edit_history": true,
        "wiki": false,
        "post_url": "/t/project-1-discrepancy-regarding-mit-license/171485/3",
        "user_cakedate": "2023-01-25",
        "reactions": [],
        "current_user_reaction": null,
        "reaction_users_count": 0,
        "current_user_used_main_reaction": false,
        "can_accept_answer": false,
        "can_unaccept_answer": false,
        "accepted_answer": false,
        "topic_accepted_answer": null
      },
      {
        "id": 614411,
        "name": "Reva Lakshmy Paul",
        "username": "22f3000585",
        "avatar_template": "/user_avatar/discourse.onlinedegree.iitm.ac.in/22f3000585/{size}/111045_2.png",
        "created_at": "2025-04-02T04:12:14.016Z",
        "cooked": "<p><div class=\"lightbox-wrapper\"><a class=\"lightbox\" href=\"https://europe1.discourse-cdn.com/flex013/uploads/iitm/original/3X/c/8/c8427416a3a409a40e867207ca01bfa005a13ee1.png\" data-download-href=\"/uploads/short-url/szzRWfPWoiLjI2BN1JNqJcyDXdD.png?dl=1\" title=\"image\" rel=\"noopener nofollow ugc\"><img src=\"https://europe1.discourse-cdn.com/flex013/uploads/iitm/original/3X/c/8/c8427416a3a409a40e867207ca01bfa005a13ee1.png\" alt=\"image\" data-base62-sha1=\"szzRWfPWoiLjI2BN1JNqJcyDXdD\" width=\"690\" height=\"80\" data-dominant-color=\"F4F5F7\"><div class=\"meta\"><svg class=\"fa d-icon d-icon-far-image svg-icon\" aria-hidden=\"true\"><use href=\"#far-image\"></use></svg><span class=\"filename\">image</span><span class=\"informations\">931×108 3.89 KB</span><svg class=\"fa d-icon d-icon-discourse-expand svg-icon\" aria-hidden=\"true\"><use href=\"#discourse-expand\"></use></svg></div></a></div><br>\nSir, this is why i renamed it to ‘MIT LICENSE’.<br>\nSir can you please consider it. Thank you!</p>",
        "post_number": 4,
        "post_type": 1,
        "posts_count": 9,
        "updated_at": "2025-04-02T04:12:14.016Z",
        "reply_count": 1,
        "reply_to_post_number": 3,
        "quote_count": 0,
        "incoming_link_count": 0,
        "reads": 35,
        "readers_count": 34,
        "score": 11.4,
        "yours": false,
        "topic_id": 171485,
        "topic_slug": "project-1-discrepancy-regarding-mit-license",
        "display_username": "Reva Lakshmy Paul",
        "primary_group_name": "ds-students",
        "flair_name": "ds-students",
        "flair_url": null,
        "flair_bg_color": "",
        "flair_color": "",
        "flair_group_id": 294,
        "badges_granted": [],
        "version": 1,
        "can_edit": false,
        "can_delete": false,
        "can_recover": false,
        "can_see_hidden_post": false,
        "can_wiki": false,
        "read": false,
        "user_title": null,
        "reply_to_user": {
          "id": 15651,
          "username": "Jivraj",
          "name": "Jivraj Singh Shekhawat",
          "avatar_template": "https://avatars.discourse-cdn.com/v4/letter/j/b9bd4f/{size}.png"
        },
        "bookmarked": false,
        "actions_summary": [
          {
            "id": 2,
            "can_act": true
          },
          {
            "id": 6,
            "can_act": true
          },
          {
            "id": 3,
            "can_act": true
          },
          {
            "id": 4,
            "can_act": true
          },
          {
            "id": 8,
            "can_act": true
          },
          {
            "id": 10,
            "can_act": true
          },
          {
            "id": 7,
            "can_act": true
          }
        ],
        "moderator": false,
        "admin": false,
        "staff": false,
        "user_id": 16552,
        "hidden": false,
        "trust_level": 1,
        "deleted_at": null,
        "user_deleted": false,
        "edit_reason": null,
        "can_view_edit_history": true,
        "wiki": false,
        "post_url": "/t/project-1-discrepancy-regarding-mit-license/171485/4",
        "user_cakedate": "2023-01-29",
        "reactions": [],
        "current_user_reaction": null,
        "reaction_users_count": 0,
        "current_user_used_main_reaction": false,
        "can_accept_answer": false,
        "can_unaccept_answer": false,
        "accepted_answer": false,
        "topic_accepted_answer": null
      },
      {
        "id": 614549,
        "name": "PalakAnand",
        "username": "24ds2000125",
        "avatar_template": "/user_avatar/discourse.onlinedegree.iitm.ac.in/24ds2000125/{size}/68316_2.png",
        "created_at": "2025-04-02T11:20:10.590Z",
        "cooked": "<p>Same here. I also added and saved the file as MIT license because of the following message. I request you to please consider evaluating the project.<br>\n<div class=\"lightbox-wrapper\"><a class=\"lightbox\" href=\"https://europe1.discourse-cdn.com/flex013/uploads/iitm/original/3X/1/0/10955f2f7c9b561ca872130e2609cd3fbaf4c138.png\" data-download-href=\"/uploads/short-url/2mHFmBM2DUUx4XMVzXs5s7gboU0.png?dl=1\" title=\"Screenshot 2025-04-02 at 4.49.23 PM\" rel=\"noopener nofollow ugc\"><img src=\"https://europe1.discourse-cdn.com/flex013/uploads/iitm/optimized/3X/1/0/10955f2f7c9b561ca872130e2609cd3fbaf4c138_2_690x88.png\" alt=\"Screenshot 2025-04-02 at 4.49.23 PM\" data-base62-sha1=\"2mHFmBM2DUUx4XMVzXs5s7gboU0\" width=\"690\" height=\"88\" srcset=\"https://europe1.discourse-cdn.com/flex013/uploads/iitm/optimized/3X/1/0/10955f2f7c9b561ca872130e2609cd3fbaf4c138_2_690x88.png, https://europe1.discourse-cdn.com/flex013/uploads/iitm/optimized/3X/1/0/10955f2f7c9b561ca872130e2609cd3fbaf4c138_2_1035x132.png 1.5x, https://europe1.discourse-cdn.com/flex013/uploads/iitm/optimized/3X/1/0/10955f2f7c9b561ca872130e2609cd3fbaf4c138_2_1380x176.png 2x\" data-dominant-color=\"F4F4F4\"><div class=\"meta\"><svg class=\"fa d-icon d-icon-far-image svg-icon\" aria-hidden=\"true\"><use href=\"#far-image\"></use></svg><span class=\"filename\">Screenshot 2025-04-02 at 4.49.23 PM</span><span class=\"informations\">1776×228 15.5 KB</span><svg class=\"fa d-icon d-icon-discourse-expand svg-icon\" aria-hidden=\"true\"><use href=\"#discourse-expand\"></use></svg></div></a></div></p>",
        "post_number": 5,
        "post_type": 1,
        "posts_count": 9,
        "updated_at": "2025-04-02T11:20:10.590Z",
        "reply_count": 0,
        "reply_to_post_number": null,
        "quote_count": 0,
        "incoming_link_count": 0,
        "reads": 27,
        "readers_count": 26,
        "score": 4.8,
        "yours": false,
        "topic_id": 171485,
        "topic_slug": "project-1-discrepancy-regarding-mit-license",
        "display_username": "PalakAnand",
        "primary_group_name": "ds-students",
        "flair_name": "ds-students",
        "flair_url": null,
        "flair_bg_color": "",
        "flair_color": "",
        "flair_group_id": 294,
        "badges_granted": [],
        "version": 1,
        "can_edit": false,
        "can_delete": false,
        "can_recover": false,
        "can_see_hidden_post": false,
        "can_wiki": false,
        "read": false,
        "user_title": null,
        "bookmarked": false,
        "actions_summary": [
          {
            "id": 2,
            "can_act": true
          },
          {
            "id": 6,
            "can_act": true
          },
          {
            "id": 3,
            "can_act": true
          },
          {
            "id": 4,
            "can_act": true
          },
          {
            "id": 8,
            "can_act": true
          },
          {
            "id": 10,
            "can_act": true
          },
          {
            "id": 7,
            "can_act": true
          }
        ],
        "moderator": false,
        "admin": false,
        "staff": false,
        "user_id": 31042,
        "hidden": false,
        "trust_level": 1,
        "deleted_at": null,
        "user_deleted": false,
        "edit_reason": null,
        "can_view_edit_history": true,
        "wiki": false,
        "post_url": "/t/project-1-discrepancy-regarding-mit-license/171485/5",
        "user_cakedate": "2024-06-02",
        "reactions": [],
        "current_user_reaction": null,
        "reaction_users_count": 0,
        "current_user_used_main_reaction": false,
        "can_accept_answer": false,
        "can_unaccept_answer": false,
        "accepted_answer": false,
        "topic_accepted_answer": null
      },
      {
        "id": 614633,
        "name": "Carlton D'Silva",
        "username": "carlton",
        "avatar_template": "/user_avatar/discourse.onlinedegree.iitm.ac.in/carlton/{size}/56317_2.png",
        "created_at": "2025-04-02T15:04:59.106Z",
        "cooked": "<p><a class=\"mention\" href=\"/u/24ds2000125\">@24ds2000125</a> <a class=\"mention\" href=\"/u/22f3000585\">@22f3000585</a></p>\n<p>I completely appreciate that you feel these are minor issues.</p>\n<p>But the team has decided that we cannot allow students to make changes to their repos. Because someone else might have another minor issue they want to fix. We have to apply the rule uniformly.</p>\n<p>Unfortunately we cannot allow submissions that fail the prerequisites.<br>\nChanging it now will not suddenly make it eligible.</p>\n<p>These things do matter when done at scale.  Its an important lesson Anand wants students to understand. These “minor” things matter.</p>\n<p>Its a bit like assembling a rocket and forgetting the checklist for the pilot. Minor detail, costs Rs 2, but the rocket cannot leave without it.</p>\n<p>We had a significant discussion about it internally. For the sake of fairness to everyone who got it right, we cannot allow edits after the Project deadline. It makes the prerequisites meaningless, especially when it was clearly stressed upon in the sessions and the Project page.</p>\n<p>I know you will feel very disappointed but it is the decision the team has made and I have shared the reasons why.</p>\n<p>Kindest regards</p>",
        "post_number": 6,
        "post_type": 1,
        "posts_count": 9,
        "updated_at": "2025-04-02T15:04:59.106Z",
        "reply_count": 1,
        "reply_to_post_number": 4,
        "quote_count": 0,
        "incoming_link_count": 0,
        "reads": 25,
        "readers_count": 24,
        "score": 9.4,
        "yours": false,
        "topic_id": 171485,
        "topic_slug": "project-1-discrepancy-regarding-mit-license",
        "display_username": "Carlton D'Silva",
        "primary_group_name": "ds-students",
        "flair_name": "ds-students",
        "flair_url": null,
        "flair_bg_color": "",
        "flair_color": "",
        "flair_group_id": 294,
        "badges_granted": [],
        "version": 1,
        "can_edit": false,
        "can_delete": false,
        "can_recover": false,
        "can_see_hidden_post": false,
        "can_wiki": false,
        "read": false,
        "user_title": "Regular",
        "title_is_group": false,
        "reply_to_user": {
          "id": 16552,
          "username": "22f3000585",
          "name": "Reva Lakshmy Paul",
          "avatar_template": "/user_avatar/discourse.onlinedegree.iitm.ac.in/22f3000585/{size}/111045_2.png"
        },
        "bookmarked": false,
        "actions_summary": [
          {
            "id": 2,
            "can_act": true
          },
          {
            "id": 6,
            "can_act": true
          },
          {
            "id": 3,
            "can_act": true
          },
          {
            "id": 4,
            "can_act": true
          },
          {
            "id": 8,
            "can_act": true
          },
          {
            "id": 10,
            "can_act": true
          },
          {
            "id": 7,
            "can_act": true
          }
        ],
        "moderator": false,
        "admin": false,
        "staff": false,
        "group_moderator": true,
        "user_id": 16094,
        "hidden": false,
        "trust_level": 3,
        "deleted_at": null,
        "user_deleted": false,
        "edit_reason": null,
        "can_view_edit_history": true,
        "wiki": false,
        "post_url": "/t/project-1-discrepancy-regarding-mit-license/171485/6",
        "user_cakedate": "2023-01-25",
        "reactions": [],
        "current_user_reaction": null,
        "reaction_users_count": 0,
        "current_user_used_main_reaction": false,
        "can_accept_answer": false,
        "can_unaccept_answer": false,
        "accepted_answer": false,
        "topic_accepted_answer": null
      },
      {
        "id": 614640,
        "name": "Reva Lakshmy Paul",
        "username": "22f3000585",
        "avatar_template": "/user_avatar/discourse.onlinedegree.iitm.ac.in/22f3000585/{size}/111045_2.png",
        "created_at": "2025-04-02T15:20:45.985Z",
        "cooked": "<p>Sir,<br>\nThankyou for your prompt reply to my query.<br>\nI wanted to let you know that i had made change of ‘LICENSE’ to ‘MIT LICENSE’ on the 16th of Feb itself as that was the day that i had received the mail and because I saw that the submission date had been extended by one day(i.e the 16th of Feb itself).<br>\nI completely understand what you are trying to convey but that was the sole reason i made that change on the 16th.<br>\nI completely respect your decision but if there is even a slight possibility that you consider it (only because I did it on the 16th) I would highly appreciate it.<br>\nThankyou!</p>",
        "post_number": 7,
        "post_type": 1,
        "posts_count": 9,
        "updated_at": "2025-04-02T15:21:30.756Z",
        "reply_count": 1,
        "reply_to_post_number": 6,
        "quote_count": 0,
        "incoming_link_count": 1,
        "reads": 25,
        "readers_count": 24,
        "score": 14.4,
        "yours": false,
        "topic_id": 171485,
        "topic_slug": "project-1-discrepancy-regarding-mit-license",
        "display_username": "Reva Lakshmy Paul",
        "primary_group_name": "ds-students",
        "flair_name": "ds-students",
        "flair_url": null,
        "flair_bg_color": "",
        "flair_color": "",
        "flair_group_id": 294,
        "badges_granted": [],
        "version": 1,
        "can_edit": false,
        "can_delete": false,
        "can_recover": false,
        "can_see_hidden_post": false,
        "can_wiki": false,
        "read": false,
        "user_title": null,
        "reply_to_user": {
          "id": 16094,
          "username": "carlton",
          "name": "Carlton D'Silva",
          "avatar_template": "/user_avatar/discourse.onlinedegree.iitm.ac.in/carlton/{size}/56317_2.png"
        },
        "bookmarked": false,
        "actions_summary": [
          {
            "id": 2,
            "can_act": true
          },
          {
            "id": 6,
            "can_act": true
          },
          {
            "id": 3,
            "can_act": true
          },
          {
            "id": 4,
            "can_act": true
          },
          {
            "id": 8,
            "can_act": true
          },
          {
            "id": 10,
            "can_act": true
          },
          {
            "id": 7,
            "can_act": true
          }
        ],
        "moderator": false,
        "admin": false,
        "staff": false,
        "user_id": 16552,
        "hidden": false,
        "trust_level": 1,
        "deleted_at": null,
        "user_deleted": false,
        "edit_reason": null,
        "can_view_edit_history": true,
        "wiki": false,
        "post_url": "/t/project-1-discrepancy-regarding-mit-license/171485/7",
        "user_cakedate": "2023-01-29",
        "reactions": [],
        "current_user_reaction": null,
        "reaction_users_count": 0,
        "current_user_used_main_reaction": false,
        "can_accept_answer": false,
        "can_unaccept_answer": false,
        "accepted_answer": false,
        "topic_accepted_answer": null
      },
      {
        "id": 614651,
        "name": "Carlton D'Silva",
        "username": "carlton",
        "avatar_template": "/user_avatar/discourse.onlinedegree.iitm.ac.in/carlton/{size}/56317_2.png",
        "created_at": "2025-04-02T15:55:00.653Z",
        "cooked": "<p>One thing we are doing is looking at the latest commit before the 18th of Feb. So if it was correct before the 18th of Feb then we will consider it and evaluate it, but it has to be precisely what is expected. If so, then your submission will be evaluated by building the image from the docker manifest in the github present at the version before the 18th.</p>",
        "post_number": 8,
        "post_type": 1,
        "posts_count": 9,
        "updated_at": "2025-04-02T15:55:21.243Z",
        "reply_count": 2,
        "reply_to_post_number": 7,
        "quote_count": 0,
        "incoming_link_count": 0,
        "reads": 25,
        "readers_count": 24,
        "score": 29.4,
        "yours": false,
        "topic_id": 171485,
        "topic_slug": "project-1-discrepancy-regarding-mit-license",
        "display_username": "Carlton D'Silva",
        "primary_group_name": "ds-students",
        "flair_name": "ds-students",
        "flair_url": null,
        "flair_bg_color": "",
        "flair_color": "",
        "flair_group_id": 294,
        "badges_granted": [],
        "version": 1,
        "can_edit": false,
        "can_delete": false,
        "can_recover": false,
        "can_see_hidden_post": false,
        "can_wiki": false,
        "read": false,
        "user_title": "Regular",
        "title_is_group": false,
        "reply_to_user": {
          "id": 16552,
          "username": "22f3000585",
          "name": "Reva Lakshmy Paul",
          "avatar_template": "/user_avatar/discourse.onlinedegree.iitm.ac.in/22f3000585/{size}/111045_2.png"
        },
        "bookmarked": false,
        "actions_summary": [
          {
            "id": 2,
            "count": 1,
            "can_act": true
          },
          {
            "id": 6,
            "can_act": true
          },
          {
            "id": 3,
            "can_act": true
          },
          {
            "id": 4,
            "can_act": true
          },
          {
            "id": 8,
            "can_act": true
          },
          {
            "id": 10,
            "can_act": true
          },
          {
            "id": 7,
            "can_act": true
          }
        ],
        "moderator": false,
        "admin": false,
        "staff": false,
        "group_moderator": true,
        "user_id": 16094,
        "hidden": false,
        "trust_level": 3,
        "deleted_at": null,
        "user_deleted": false,
        "edit_reason": null,
        "can_view_edit_history": true,
        "wiki": false,
        "post_url": "/t/project-1-discrepancy-regarding-mit-license/171485/8",
        "user_cakedate": "2023-01-25",
        "reactions": [
          {
            "id": "heart",
            "type": "emoji",
            "count": 1
          }
        ],
        "current_user_reaction": null,
        "reaction_users_count": 1,
        "current_user_used_main_reaction": false,
        "can_accept_answer": false,
        "can_unaccept_answer": false,
        "accepted_answer": false,
        "topic_accepted_answer": null
      },
      {
        "id": 614658,
        "name": "Reva Lakshmy Paul",
        "username": "22f3000585",
        "avatar_template": "/user_avatar/discourse.onlinedegree.iitm.ac.in/22f3000585/{size}/111045_2.png",
        "created_at": "2025-04-02T16:02:57.956Z",
        "cooked": "<p>Well noted sir. Thanks a lot!</p>",
        "post_number": 9,
        "post_type": 1,
        "posts_count": 9,
        "updated_at": "2025-04-02T16:02:57.956Z",
        "reply_count": 0,
        "reply_to_post_number": 8,
        "quote_count": 0,
        "incoming_link_count": 0,
        "reads": 27,
        "readers_count": 26,
        "score": 4.6,
        "yours": false,
        "topic_id": 171485,
        "topic_slug": "project-1-discrepancy-regarding-mit-license",
        "display_username": "Reva Lakshmy Paul",
        "primary_group_name": "ds-students",
        "flair_name": "ds-students",
        "flair_url": null,
        "flair_bg_color": "",
        "flair_color": "",
        "flair_group_id": 294,
        "badges_granted": [],
        "version": 1,
        "can_edit": false,
        "can_delete": false,
        "can_recover": false,
        "can_see_hidden_post": false,
        "can_wiki": false,
        "read": false,
        "user_title": null,
        "reply_to_user": {
          "id": 16094,
          "username": "carlton",
          "name": "Carlton D'Silva",
          "avatar_template": "/user_avatar/discourse.onlinedegree.iitm.ac.in/carlton/{size}/56317_2.png"
        },
        "bookmarked": false,
        "actions_summary": [
          {
            "id": 2,
            "can_act": true
          },
          {
            "id": 6,
            "can_act": true
          },
          {
            "id": 3,
            "can_act": true
          },
          {
            "id": 4,
            "can_act": true
          },
          {
            "id": 8,
            "can_act": true
          },
          {
            "id": 10,
            "can_act": true
          },
          {
            "id": 7,
            "can_act": true
          }
        ],
        "moderator": false,
        "admin": false,
        "staff": false,
        "user_id": 16552,
        "hidden": false,
        "trust_level": 1,
        "deleted_at": null,
        "user_deleted": false,
        "edit_reason": null,
        "can_view_edit_history": true,
        "wiki": false,
        "post_url": "/t/project-1-discrepancy-regarding-mit-license/171485/9",
        "user_cakedate": "2023-01-29",
        "reactions": [],
        "current_user_reaction": null,
        "reaction_users_count": 0,
        "current_user_used_main_reaction": false,
        "can_accept_answer": false,
        "can_unaccept_answer": false,
        "accepted_answer": false,
        "topic_accepted_answer": null
      },
      {
        "id": 616121,
        "name": "Reva Lakshmy Paul",
        "username": "22f3000585",
        "avatar_template": "/user_avatar/discourse.onlinedegree.iitm.ac.in/22f3000585/{size}/111045_2.png",
        "created_at": "2025-04-06T13:59:53.894Z",
        "cooked": "<p>Sir, I received the mail today -<br>\n<div class=\"lightbox-wrapper\"><a class=\"lightbox\" href=\"https://europe1.discourse-cdn.com/flex013/uploads/iitm/original/3X/a/d/ad119b889a66e6eab18abe54c39a127738d6aecc.png\" data-download-href=\"/uploads/short-url/oH2keFnLQUY6KRyC4FD0UCVIGfi.png?dl=1\" title=\"image\" rel=\"noopener nofollow ugc\"><img src=\"https://europe1.discourse-cdn.com/flex013/uploads/iitm/original/3X/a/d/ad119b889a66e6eab18abe54c39a127738d6aecc.png\" alt=\"image\" data-base62-sha1=\"oH2keFnLQUY6KRyC4FD0UCVIGfi\" width=\"652\" height=\"156\"><div class=\"meta\"><svg class=\"fa d-icon d-icon-far-image svg-icon\" aria-hidden=\"true\"><use href=\"#far-image\"></use></svg><span class=\"filename\">image</span><span class=\"informations\">652×156 5.43 KB</span><svg class=\"fa d-icon d-icon-discourse-expand svg-icon\" aria-hidden=\"true\"><use href=\"#discourse-expand\"></use></svg></div></a></div><br>\nSir, I had already added the LICENSE and changed it to’MIT LICENSE’ due to this reason before the deadline itself.<br>\n<div class=\"lightbox-wrapper\"><a class=\"lightbox\" href=\"https://europe1.discourse-cdn.com/flex013/uploads/iitm/original/3X/2/4/249405cda01477954f6512c23abf1e0847f2f922.png\" data-download-href=\"/uploads/short-url/5dAkdiPnbVOkt7Z0WQwq7j58kXo.png?dl=1\" title=\"image\" rel=\"noopener nofollow ugc\"><img src=\"https://europe1.discourse-cdn.com/flex013/uploads/iitm/optimized/3X/2/4/249405cda01477954f6512c23abf1e0847f2f922_2_690x83.png\" alt=\"image\" data-base62-sha1=\"5dAkdiPnbVOkt7Z0WQwq7j58kXo\" width=\"690\" height=\"83\" srcset=\"https://europe1.discourse-cdn.com/flex013/uploads/iitm/optimized/3X/2/4/249405cda01477954f6512c23abf1e0847f2f922_2_690x83.png, https://europe1.discourse-cdn.com/flex013/uploads/iitm/original/3X/2/4/249405cda01477954f6512c23abf1e0847f2f922.png 1.5x, https://europe1.discourse-cdn.com/flex013/uploads/iitm/original/3X/2/4/249405cda01477954f6512c23abf1e0847f2f922.png 2x\" data-dominant-color=\"EFF0F1\"><div class=\"meta\"><svg class=\"fa d-icon d-icon-far-image svg-icon\" aria-hidden=\"true\"><use href=\"#far-image\"></use></svg><span class=\"filename\">image</span><span class=\"informations\">836×101 18.2 KB</span><svg class=\"fa d-icon d-icon-discourse-expand svg-icon\" aria-hidden=\"true\"><use href=\"#discourse-expand\"></use></svg></div></a></div><br>\nSir,the rest of my prerequistes are working well.Can you please check as due to this my project has also not been evaluated.The MIT LICENSE file was already present in the github repo as I submitted my project’s github repo in the google form that was provided.<br>\n<div class=\"lightbox-wrapper\"><a class=\"lightbox\" href=\"https://europe1.discourse-cdn.com/flex013/uploads/iitm/original/3X/4/7/47978e33c2430ea0e93f2b67507864bad6a01cd8.png\" data-download-href=\"/uploads/short-url/adkBBrmRJMSeWFHmseH5sdh7mZ2.png?dl=1\" title=\"image\" rel=\"noopener nofollow ugc\"><img src=\"https://europe1.discourse-cdn.com/flex013/uploads/iitm/original/3X/4/7/47978e33c2430ea0e93f2b67507864bad6a01cd8.png\" alt=\"image\" data-base62-sha1=\"adkBBrmRJMSeWFHmseH5sdh7mZ2\" width=\"690\" height=\"301\" data-dominant-color=\"12171D\"><div class=\"meta\"><svg class=\"fa d-icon d-icon-far-image svg-icon\" aria-hidden=\"true\"><use href=\"#far-image\"></use></svg><span class=\"filename\">image</span><span class=\"informations\">1113×487 20.2 KB</span><svg class=\"fa d-icon d-icon-discourse-expand svg-icon\" aria-hidden=\"true\"><use href=\"#discourse-expand\"></use></svg></div></a></div><br>\nSir can you please check.<br>\nThankyou</p>",
        "post_number": 10,
        "post_type": 1,
        "posts_count": 9,
        "updated_at": "2025-04-06T14:19:42.687Z",
        "reply_count": 0,
        "reply_to_post_number": 8,
        "quote_count": 0,
        "incoming_link_count": 0,
        "reads": 24,
        "readers_count": 23,
        "score": 4.0,
        "yours": false,
        "topic_id": 171485,
        "topic_slug": "project-1-discrepancy-regarding-mit-license",
        "display_username": "Reva Lakshmy Paul",
        "primary_group_name": "ds-students",
        "flair_name": "ds-students",
        "flair_url": null,
        "flair_bg_color": "",
        "flair_color": "",
        "flair_group_id": 294,
        "badges_granted": [],
        "version": 2,
        "can_edit": false,
        "can_delete": false,
        "can_recover": false,
        "can_see_hidden_post": false,
        "can_wiki": false,
        "read": false,
        "user_title": null,
        "reply_to_user": {
          "id": 16094,
          "username": "carlton",
          "name": "Carlton D'Silva",
          "avatar_template": "/user_avatar/discourse.onlinedegree.iitm.ac.in/carlton/{size}/56317_2.png"
        },
        "bookmarked": false,
        "actions_summary": [
          {
            "id": 2,
            "can_act": true
          },
          {
            "id": 6,
            "can_act": true
          },
          {
            "id": 3,
            "can_act": true
          },
          {
            "id": 4,
            "can_act": true
          },
          {
            "id": 8,
            "can_act": true
          },
          {
            "id": 10,
            "can_act": true
          },
          {
            "id": 7,
            "can_act": true
          }
        ],
        "moderator": false,
        "admin": false,
        "staff": false,
        "user_id": 16552,
        "hidden": false,
        "trust_level": 1,
        "deleted_at": null,
        "user_deleted": false,
        "edit_reason": null,
        "can_view_edit_history": true,
        "wiki": false,
        "post_url": "/t/project-1-discrepancy-regarding-mit-license/171485/10",
        "user_cakedate": "2023-01-29",
        "reactions": [],
        "current_user_reaction": null,
        "reaction_users_count": 0,
        "current_user_used_main_reaction": false,
        "can_accept_answer": false,
        "can_unaccept_answer": false,
        "accepted_answer": false,
        "topic_accepted_answer": null
      }
    ],
    "stream": [
      614077,
      614378,
      614411,
      614549,
      614633,
      614640,
      614651,
      614658,
      616121
    ]
  },
  "timeline_lookup": [
    [
      1,
      60
    ],
    [
      3,
      59
    ],
    [
      9,
      55
    ]
  ],
  "suggested_topics": [
    {
      "id": 173524,
      "title": "GA1 - Development Tools - Discussion Thread [TDS May 2025]",
      "fancy_title": "GA1 - Development Tools - Discussion Thread [TDS May 2025]",
      "slug": "ga1-development-tools-discussion-thread-tds-may-2025",
      "posts_count": 80,
      "reply_count": 51,
      "highest_post_number": 85,
      "image_url": null,
      "created_at": "2025-05-01T11:39:00.734Z",
      "last_posted_at": "2025-05-31T15:34:18.368Z",
      "bumped": true,
      "bumped_at": "2025-05-31T15:34:18.368Z",
      "archetype": "regular",
      "unseen": false,
      "last_read_post_number": 82,
      "unread": 0,
      "new_posts": 3,
      "unread_posts": 3,
      "pinned": false,
      "unpinned": null,
      "visible": true,
      "closed": false,
      "archived": false,
      "notification_level": 2,
      "bookmarked": false,
      "liked": false,
      "tags": [
        "term2-2025",
        "graded-assignment"
      ],
      "tags_descriptions": {},
      "like_count": 25,
      "views": 1155,
      "category_id": 34,
      "featured_link": null,
      "has_accepted_answer": false,
      "posters": [
        {
          "extras": null,
          "description": "Original Poster",
          "user": {
            "id": 9419,
            "username": "s.anand",
            "name": "Anand S",
            "avatar_template": "/user_avatar/discourse.onlinedegree.iitm.ac.in/s.anand/{size}/15264_2.png",
            "primary_group_name": "faculty",
            "flair_name": "faculty",
            "flair_url": "chalkboard-user",
            "flair_bg_color": "f2c26e",
            "flair_color": "000",
            "flair_group_id": 54,
            "trust_level": 4
          }
        },
        {
          "extras": null,
          "description": "Frequent Poster",
          "user": {
            "id": 22472,
            "username": "Advaith52",
            "name": "Advaith Sanil Kumar",
            "avatar_template": "/user_avatar/discourse.onlinedegree.iitm.ac.in/advaith52/{size}/67172_2.png",
            "primary_group_name": "ds-students",
            "flair_name": "ds-students",
            "flair_group_id": 294,
            "trust_level": 1
          }
        },
        {
          "extras": null,
          "description": "Frequent Poster",
          "user": {
            "id": 16094,
            "username": "carlton",
            "name": "Carlton D'Silva",
            "avatar_template": "/user_avatar/discourse.onlinedegree.iitm.ac.in/carlton/{size}/56317_2.png",
            "primary_group_name": "ds-students",
            "flair_name": "ds-students",
            "flair_group_id": 294,
            "trust_level": 3
          }
        },
        {
          "extras": null,
          "description": "Frequent Poster",
          "user": {
            "id": 15658,
            "username": "HritikRoshan_HRM",
            "name": "HRITIK ROSHAN MAURYA",
            "avatar_template": "/user_avatar/discourse.onlinedegree.iitm.ac.in/hritikroshan_hrm/{size}/66975_2.png",
            "primary_group_name": "ds-students",
            "flair_name": "ds-students",
            "flair_group_id": 294,
            "trust_level": 1
          }
        },
        {
          "extras": "latest",
          "description": "Most Recent Poster",
          "user": {
            "id": 12914,
            "username": "iAnimeshS",
            "name": "Animesh",
            "avatar_template": "/user_avatar/discourse.onlinedegree.iitm.ac.in/ianimeshs/{size}/12415_2.png",
            "primary_group_name": "ds-students",
            "flair_name": "ds-students",
            "flair_group_id": 294,
            "trust_level": 1
          }
        }
      ]
    },
    {
      "id": 176789,
      "title": "Vercel deployement error",
      "fancy_title": "Vercel deployement error",
      "slug": "vercel-deployement-error",
      "posts_count": 1,
      "reply_count": 0,
      "highest_post_number": 1,
      "image_url": null,
      "created_at": "2025-05-31T11:55:22.507Z",
      "last_posted_at": "2025-05-31T11:55:22.708Z",
      "bumped": true,
      "bumped_at": "2025-05-31T11:55:22.708Z",
      "archetype": "regular",
      "unseen": true,
      "pinned": false,
      "unpinned": null,
      "visible": true,
      "closed": false,
      "archived": false,
      "bookmarked": null,
      "liked": null,
      "tags": [
        "diploma-level",
        "term2-2025"
      ],
      "tags_descriptions": {},
      "like_count": 0,
      "views": 9,
      "category_id": 34,
      "featured_link": null,
      "has_accepted_answer": false,
      "posters": [
        {
          "extras": "latest single",
          "description": "Original Poster, Most Recent Poster",
          "user": {
            "id": 25506,
            "username": "23f3003724",
            "name": "Vedika Gupta",
            "avatar_template": "/user_avatar/discourse.onlinedegree.iitm.ac.in/23f3003724/{size}/68806_2.png",
            "primary_group_name": "ds-students",
            "flair_name": "ds-students",
            "flair_group_id": 294,
            "trust_level": 1
          }
        }
      ]
    }
  ],
  "tags": [
    "clarification",
    "diploma-level",
    "tds-project-1"
  ],
  "tags_descriptions": {},
  "id": 171485,
  "title": "Project 1 discrepancy regarding mit license",
  "fancy_title": "Project 1 discrepancy regarding mit license",
  "posts_count": 9,
  "created_at": "2025-04-01T05:16:56.405Z",
  "views": 91,
  "reply_count": 7,
  "like_count": 1,
  "last_posted_at": "2025-04-06T13:59:53.894Z",
  "visible": true,
  "closed": false,
  "archived": false,
  "has_summary": false,
  "archetype": "regular",
  "slug": "project-1-discrepancy-regarding-mit-license",
  "category_id": 34,
  "word_count": 633,
  "deleted_at": null,
  "user_id": 16552,
  "featured_link": null,
  "pinned_globally": false,
  "pinned_at": null,
  "pinned_until": null,
  "image_url": "https://europe1.discourse-cdn.com/flex013/uploads/iitm/optimized/3X/a/6/a63b3e5cf7847aad19780199e18d9767880f3de8_2_1024x601.png",
  "slow_mode_seconds": 0,
  "draft": null,
  "draft_key": "topic_171485",
  "draft_sequence": 0,
  "unpinned": null,
  "pinned": false,
  "current_post_number": 1,
  "highest_post_number": 10,
  "deleted_by": null,
  "actions_summary": [
    {
      "id": 4,
      "count": 0,
      "hidden": false,
      "can_act": true
    },
    {
      "id": 8,
      "count": 0,
      "hidden": false,
      "can_act": true
    },
    {
      "id": 10,
      "count": 0,
      "hidden": false,
      "can_act": true
    },
    {
      "id": 7,
      "count": 0,
      "hidden": false,
      "can_act": true
    }
  ],
  "chunk_size": 20,
  "bookmarked": false,
  "topic_timer": null,
  "message_bus_last_id": 0,
  "participant_count": 4,
  "show_read_indicator": false,
  "thumbnails": [
    {
      "max_width": null,
      "max_height": null,
      "width": 1145,
      "height": 673,
      "url": "https://europe1.discourse-cdn.com/flex013/uploads/iitm/original/3X/a/6/a63b3e5cf7847aad19780199e18d9767880f3de8.png"
    },
    {
      "max_width": 1024,
      "max_height": 1024,
      "width": 1024,
      "height": 601,
      "url": "https://europe1.discourse-cdn.com/flex013/uploads/iitm/optimized/3X/a/6/a63b3e5cf7847aad19780199e18d9767880f3de8_2_1024x601.png"
    }
  ],
  "slow_mode_enabled_until": null,
  "tags_disable_ads": false,
  "related_topics": [
    {
      "id": 171672,
      "title": "Why Failed?",
      "fancy_title": "Why Failed?",
      "slug": "why-failed",
      "posts_count": 5,
      "reply_count": 3,
      "highest_post_number": 5,
      "image_url": "https://europe1.discourse-cdn.com/flex013/uploads/iitm/optimized/3X/d/d/dd486ca8bb6ad3279af98783a50cbc232f3fd8e6_2_1024x430.png",
      "created_at": "2025-04-03T10:44:03.220Z",
      "last_posted_at": "2025-04-07T12:15:01.305Z",
      "bumped": true,
      "bumped_at": "2025-04-07T12:15:01.305Z",
      "archetype": "regular",
      "unseen": false,
      "pinned": false,
      "unpinned": null,
      "visible": true,
      "closed": false,
      "archived": false,
      "bookmarked": null,
      "liked": null,
      "tags": [
        "miscellaneous"
      ],
      "tags_descriptions": {},
      "like_count": 0,
      "views": 121,
      "category_id": 34,
      "featured_link": null,
      "has_accepted_answer": false,
      "posters": [
        {
          "extras": "latest",
          "description": "Original Poster, Most Recent Poster",
          "user": {
            "id": 22282,
            "username": "virajpitale",
            "name": "Viraj Pitale",
            "avatar_template": "/user_avatar/discourse.onlinedegree.iitm.ac.in/virajpitale/{size}/67267_2.png",
            "primary_group_name": "ds-students",
            "flair_name": "ds-students",
            "flair_group_id": 294,
            "trust_level": 1
          }
        },
        {
          "extras": null,
          "description": "Frequent Poster",
          "user": {
            "id": 15651,
            "username": "Jivraj",
            "name": "Jivraj Singh Shekhawat",
            "avatar_template": "https://avatars.discourse-cdn.com/v4/letter/j/b9bd4f/{size}.png",
            "primary_group_name": "ds-students",
            "flair_name": "ds-students",
            "flair_group_id": 294,
            "trust_level": 2
          }
        }
      ]
    },
    {
      "id": 171477,
      "title": "Project 1 Evaluation second mail is not correct and reports files missing while they are present",
      "fancy_title": "Project 1 Evaluation second mail is not correct and reports files missing while they are present",
      "slug": "project-1-evaluation-second-mail-is-not-correct-and-reports-files-missing-while-they-are-present",
      "posts_count": 12,
      "reply_count": 8,
      "highest_post_number": 13,
      "image_url": "https://europe1.discourse-cdn.com/flex013/uploads/iitm/optimized/3X/f/0/f001f7be7e533353ac4526f1cf9d82d4211ea6e1_2_1024x393.png",
      "created_at": "2025-04-01T03:38:04.214Z",
      "last_posted_at": "2025-04-29T15:19:06.622Z",
      "bumped": true,
      "bumped_at": "2025-04-29T15:19:06.622Z",
      "archetype": "regular",
      "unseen": false,
      "last_read_post_number": 4,
      "unread": 0,
      "new_posts": 0,
      "unread_posts": 0,
      "pinned": false,
      "unpinned": null,
      "visible": true,
      "closed": false,
      "archived": false,
      "notification_level": 1,
      "bookmarked": false,
      "liked": false,
      "tags": [
        "term1-2025",
        "tds-project-one"
      ],
      "tags_descriptions": {},
      "like_count": 3,
      "views": 153,
      "category_id": 34,
      "featured_link": null,
      "has_accepted_answer": true,
      "posters": [
        {
          "extras": null,
          "description": "Original Poster",
          "user": {
            "id": 15817,
            "username": "22f3001832",
            "name": "Aryan Kohli",
            "avatar_template": "/user_avatar/discourse.onlinedegree.iitm.ac.in/22f3001832/{size}/97892_2.png",
            "primary_group_name": "ds-students",
            "flair_name": "ds-students",
            "flair_group_id": 294,
            "trust_level": 1
          }
        },
        {
          "extras": null,
          "description": "Frequent Poster, Accepted Answer",
          "user": {
            "id": 16094,
            "username": "carlton",
            "name": "Carlton D'Silva",
            "avatar_template": "/user_avatar/discourse.onlinedegree.iitm.ac.in/carlton/{size}/56317_2.png",
            "primary_group_name": "ds-students",
            "flair_name": "ds-students",
            "flair_group_id": 294,
            "trust_level": 3
          }
        },
        {
          "extras": null,
          "description": "Frequent Poster",
          "user": {
            "id": 17654,
            "username": "23f2000345",
            "name": "Kshitij Pandey",
            "avatar_template": "/user_avatar/discourse.onlinedegree.iitm.ac.in/23f2000345/{size}/84315_2.png",
            "primary_group_name": "ds-students",
            "flair_name": "ds-students",
            "flair_group_id": 294,
            "trust_level": 1
          }
        },
        {
          "extras": null,
          "description": "Frequent Poster",
          "user": {
            "id": 32407,
            "username": "Sudhishnarayan",
            "name": "Sudhish Narayan S",
            "avatar_template": "/user_avatar/discourse.onlinedegree.iitm.ac.in/sudhishnarayan/{size}/66833_2.png",
            "primary_group_name": "ds-students",
            "flair_name": "ds-students",
            "flair_group_id": 294,
            "trust_level": 1
          }
        },
        {
          "extras": "latest",
          "description": "Most Recent Poster",
          "user": {
            "id": 15651,
            "username": "Jivraj",
            "name": "Jivraj Singh Shekhawat",
            "avatar_template": "https://avatars.discourse-cdn.com/v4/letter/j/b9bd4f/{size}.png",
            "primary_group_name": "ds-students",
            "flair_name": "ds-students",
            "flair_group_id": 294,
            "trust_level": 2
          }
        }
      ]
    },
    {
      "id": 123609,
      "title": "Regarding file name for TDS Project",
      "fancy_title": "Regarding file name for TDS Project",
      "slug": "regarding-file-name-for-tds-project",
      "posts_count": 2,
      "reply_count": 0,
      "highest_post_number": 2,
      "image_url": null,
      "created_at": "2024-03-10T09:54:14.237Z",
      "last_posted_at": "2024-03-11T13:00:43.255Z",
      "bumped": true,
      "bumped_at": "2024-03-11T13:00:43.255Z",
      "archetype": "regular",
      "unseen": false,
      "pinned": false,
      "unpinned": null,
      "visible": true,
      "closed": false,
      "archived": false,
      "bookmarked": null,
      "liked": null,
      "tags": [
        "clarification"
      ],
      "tags_descriptions": {},
      "like_count": 0,
      "views": 60,
      "category_id": 34,
      "featured_link": null,
      "has_accepted_answer": false,
      "posters": [
        {
          "extras": null,
          "description": "Original Poster",
          "user": {
            "id": 24757,
            "username": "23ds3000168",
            "name": "Gururaj Kulkarni",
            "avatar_template": "https://avatars.discourse-cdn.com/v4/letter/2/bc79bd/{size}.png",
            "primary_group_name": "ds-students",
            "flair_name": "ds-students",
            "flair_group_id": 294,
            "trust_level": 1
          }
        },
        {
          "extras": "latest",
          "description": "Most Recent Poster",
          "user": {
            "id": 3009,
            "username": "Amit1",
            "name": "Amit Kumar Gupta",
            "avatar_template": "/user_avatar/discourse.onlinedegree.iitm.ac.in/amit1/{size}/30210_2.png",
            "primary_group_name": "ds-students",
            "flair_name": "ds-students",
            "flair_group_id": 294,
            "trust_level": 1
          }
        }
      ]
    },
    {
      "id": 160223,
      "title": "Tds_project_2",
      "fancy_title": "Tds_project_2",
      "slug": "tds-project-2",
      "posts_count": 2,
      "reply_count": 0,
      "highest_post_number": 3,
      "image_url": null,
      "created_at": "2024-12-23T20:17:05.140Z",
      "last_posted_at": "2024-12-26T18:51:21.528Z",
      "bumped": true,
      "bumped_at": "2024-12-26T18:51:21.528Z",
      "archetype": "regular",
      "unseen": false,
      "pinned": false,
      "unpinned": null,
      "visible": true,
      "closed": false,
      "archived": false,
      "bookmarked": null,
      "liked": null,
      "tags": [
        "clarification",
        "diploma-level",
        "tds-project-2"
      ],
      "tags_descriptions": {},
      "like_count": 2,
      "views": 117,
      "category_id": 34,
      "featured_link": null,
      "has_accepted_answer": true,
      "posters": [
        {
          "extras": null,
          "description": "Original Poster",
          "user": {
            "id": 3661,
            "username": "Patel",
            "name": "Bhupendra kurmi",
            "avatar_template": "/user_avatar/discourse.onlinedegree.iitm.ac.in/patel/{size}/625_2.png",
            "primary_group_name": "ds-students",
            "flair_name": "ds-students",
            "flair_group_id": 294,
            "trust_level": 1
          }
        },
        {
          "extras": "latest",
          "description": "Most Recent Poster, Accepted Answer",
          "user": {
            "id": 15651,
            "username": "Jivraj",
            "name": "Jivraj Singh Shekhawat",
            "avatar_template": "https://avatars.discourse-cdn.com/v4/letter/j/b9bd4f/{size}.png",
            "primary_group_name": "ds-students",
            "flair_name": "ds-students",
            "flair_group_id": 294,
            "trust_level": 2
          }
        }
      ]
    },
    {
      "id": 158789,
      "title": "Getting score 2.5/2.5 in TDS PROJECT -2",
      "fancy_title": "Getting score 2.5/2.5 in TDS PROJECT -2",
      "slug": "getting-score-2-5-2-5-in-tds-project-2",
      "posts_count": 3,
      "reply_count": 0,
      "highest_post_number": 3,
      "image_url": "https://europe1.discourse-cdn.com/flex013/uploads/iitm/optimized/3X/2/f/2f9c838fc7e82eee805b88b0eb1d36b7bea44203_2_1024x310.png",
      "created_at": "2024-12-12T07:39:10.141Z",
      "last_posted_at": "2024-12-12T08:10:25.787Z",
      "bumped": true,
      "bumped_at": "2024-12-12T17:09:43.752Z",
      "archetype": "regular",
      "unseen": false,
      "pinned": false,
      "unpinned": null,
      "visible": true,
      "closed": false,
      "archived": false,
      "bookmarked": null,
      "liked": null,
      "tags": [
        "clarification",
        "diploma-level",
        "tds-project-2"
      ],
      "tags_descriptions": {},
      "like_count": 5,
      "views": 174,
      "category_id": 34,
      "featured_link": null,
      "has_accepted_answer": false,
      "posters": [
        {
          "extras": null,
          "description": "Original Poster",
          "user": {
            "id": 22137,
            "username": "itwasnotme",
            "name": "Rohit",
            "avatar_template": "/user_avatar/discourse.onlinedegree.iitm.ac.in/itwasnotme/{size}/68228_2.png",
            "primary_group_name": "ds-students",
            "flair_name": "ds-students",
            "flair_group_id": 294,
            "trust_level": 1
          }
        },
        {
          "extras": "latest",
          "description": "Most Recent Poster",
          "user": {
            "id": 933,
            "username": "Anand",
            "name": "Anand Iyer",
            "avatar_template": "/user_avatar/discourse.onlinedegree.iitm.ac.in/anand/{size}/1555_2.png",
            "primary_group_name": "ds-students",
            "flair_name": "ds-students",
            "flair_group_id": 294,
            "trust_level": 2
          }
        }
      ]
    }
  ],
  "summarizable": false,
  "valid_reactions": [
    "heart",
    "+1",
    "laughing",
    "open_mouth",
    "clap",
    "confetti_ball",
    "rocket",
    "-1"
  ],
  "can_vote": false,
  "vote_count": 0,
  "user_voted": false,
  "discourse_zendesk_plugin_zendesk_id": null,
  "discourse_zendesk_plugin_zendesk_url": "https://your-url.zendesk.com/agent/tickets/",
  "details": {
    "can_edit": false,
    "notification_level": 1,
    "can_create_post": true,
    "can_reply_as_new_topic": true,
    "can_flag_topic": true,
    "participants": [
      {
        "id": 16552,
        "username": "22f3000585",
        "name": "Reva Lakshmy Paul",
        "avatar_template": "/user_avatar/discourse.onlinedegree.iitm.ac.in/22f3000585/{size}/111045_2.png",
        "post_count": 5,
        "primary_group_name": "ds-students",
        "flair_name": "ds-students",
        "flair_url": null,
        "flair_color": "",
        "flair_bg_color": "",
        "flair_group_id": 294,
        "trust_level": 1
      },
      {
        "id": 16094,
        "username": "carlton",
        "name": "Carlton D'Silva",
        "avatar_template": "/user_avatar/discourse.onlinedegree.iitm.ac.in/carlton/{size}/56317_2.png",
        "post_count": 2,
        "primary_group_name": "ds-students",
        "flair_name": "ds-students",
        "flair_url": null,
        "flair_color": "",
        "flair_bg_color": "",
        "flair_group_id": 294,
        "trust_level": 3
      },
      {
        "id": 15651,
        "username": "Jivraj",
        "name": "Jivraj Singh Shekhawat",
        "avatar_template": "https://avatars.discourse-cdn.com/v4/letter/j/b9bd4f/{size}.png",
        "post_count": 1,
        "primary_group_name": "ds-students",
        "flair_name": "ds-students",
        "flair_url": null,
        "flair_color": "",
        "flair_bg_color": "",
        "flair_group_id": 294,
        "trust_level": 2
      },
      {
        "id": 31042,
        "username": "24ds2000125",
        "name": "PalakAnand",
        "avatar_template": "/user_avatar/discourse.onlinedegree.iitm.ac.in/24ds2000125/{size}/68316_2.png",
        "post_count": 1,
        "primary_group_name": "ds-students",
        "flair_name": "ds-students",
        "flair_url": null,
        "flair_color": "",
        "flair_bg_color": "",
        "flair_group_id": 294,
        "trust_level": 1
      }
    ],
    "created_by": {
      "id": 16552,
      "username": "22f3000585",
      "name": "Reva Lakshmy Paul",
      "avatar_template": "/user_avatar/discourse.onlinedegree.iitm.ac.in/22f3000585/{size}/111045_2.png"
    },
    "last_poster": {
      "id": 16552,
      "username": "22f3000585",
      "name": "Reva Lakshmy Paul",
      "avatar_template": "/user_avatar/discourse.onlinedegree.iitm.ac.in/22f3000585/{size}/111045_2.png"
    },
    "links": [
      {
        "url": "https://docs.github.com/en/communities/setting-up-your-project-for-healthy-contributions/adding-a-license-to-a-repository",
        "title": "Adding a license to a repository - GitHub Docs",
        "internal": false,
        "attachment": false,
        "reflection": false,
        "clicks": 2,
        "user_id": 15651,
        "domain": "docs.github.com",
        "root_domain": "github.com"
      }
    ]
  },
  "pending_posts": [],
  "bookmarks": []
}