{
  "post_stream": {
    "posts": [
      {
        "id": 594729,
        "name": "Vikram Suriyanarayanan",
        "username": "vikramjncasr",
        "avatar_template": "/user_avatar/discourse.onlinedegree.iitm.ac.in/vikramjncasr/{size}/1844_2.png",
        "created_at": "2025-02-14T03:57:16.864Z",
        "cooked": "<p><a class=\"mention\" href=\"/u/jivraj\">@Jivraj</a> <a class=\"mention\" href=\"/u/carlton\">@carlton</a> sir please help</p>\n<p>When I am downloading the data folder after processing datagen.py , it is trying to download in root folder and it is facing permission error . how can we overcome this ?<br>\nneeds sudo permission all the time…<br>\n<div class=\"lightbox-wrapper\"><a class=\"lightbox\" href=\"https://europe1.discourse-cdn.com/flex013/uploads/iitm/original/3X/f/5/f51040627e050b955bb243c23f1f660da36b73ae.png\" data-download-href=\"/uploads/short-url/yXVNx8O1oDleUm0YAE5Z6ZAElJk.png?dl=1\" title=\"image\" rel=\"noopener nofollow ugc\"><img src=\"https://europe1.discourse-cdn.com/flex013/uploads/iitm/optimized/3X/f/5/f51040627e050b955bb243c23f1f660da36b73ae_2_690x70.png\" alt=\"image\" data-base62-sha1=\"yXVNx8O1oDleUm0YAE5Z6ZAElJk\" width=\"690\" height=\"70\" srcset=\"https://europe1.discourse-cdn.com/flex013/uploads/iitm/optimized/3X/f/5/f51040627e050b955bb243c23f1f660da36b73ae_2_690x70.png, https://europe1.discourse-cdn.com/flex013/uploads/iitm/optimized/3X/f/5/f51040627e050b955bb243c23f1f660da36b73ae_2_1035x105.png 1.5x, https://europe1.discourse-cdn.com/flex013/uploads/iitm/optimized/3X/f/5/f51040627e050b955bb243c23f1f660da36b73ae_2_1380x140.png 2x\" data-dominant-color=\"1E2227\"><div class=\"meta\"><svg class=\"fa d-icon d-icon-far-image svg-icon\" aria-hidden=\"true\"><use href=\"#far-image\"></use></svg><span class=\"filename\">image</span><span class=\"informations\">2100×216 100 KB</span><svg class=\"fa d-icon d-icon-discourse-expand svg-icon\" aria-hidden=\"true\"><use href=\"#discourse-expand\"></use></svg></div></a></div></p>",
        "post_number": 1,
        "post_type": 1,
        "posts_count": 2,
        "updated_at": "2025-02-14T03:57:16.864Z",
        "reply_count": 0,
        "reply_to_post_number": null,
        "quote_count": 0,
        "incoming_link_count": 0,
        "reads": 33,
        "readers_count": 32,
        "score": 6.2,
        "yours": false,
        "topic_id": 167072,
        "topic_slug": "sudo-permission-needed-to-create-data-folder-in-root",
        "display_username": "Vikram Suriyanarayanan",
        "primary_group_name": "ds-students",
        "flair_name": "ds-students",
        "flair_url": null,
        "flair_bg_color": "",
        "flair_color": "",
        "flair_group_id": 294,
        "badges_granted": [],
        "version": 1,
        "can_edit": false,
        "can_delete": false,
        "can_recover": false,
        "can_see_hidden_post": false,
        "can_wiki": false,
        "read": false,
        "user_title": null,
        "bookmarked": false,
        "actions_summary": [
          {
            "id": 2,
            "can_act": true
          },
          {
            "id": 6,
            "can_act": true
          },
          {
            "id": 3,
            "can_act": true
          },
          {
            "id": 4,
            "can_act": true
          },
          {
            "id": 8,
            "can_act": true
          },
          {
            "id": 10,
            "can_act": true
          },
          {
            "id": 7,
            "can_act": true
          }
        ],
        "moderator": false,
        "admin": false,
        "staff": false,
        "user_id": 3935,
        "hidden": false,
        "trust_level": 1,
        "deleted_at": null,
        "user_deleted": false,
        "edit_reason": null,
        "can_view_edit_history": true,
        "wiki": false,
        "post_url": "/t/sudo-permission-needed-to-create-data-folder-in-root/167072/1",
        "user_cakedate": "2021-05-05",
        "reactions": [],
        "current_user_reaction": null,
        "reaction_users_count": 0,
        "current_user_used_main_reaction": false,
        "can_accept_answer": false,
        "can_unaccept_answer": false,
        "accepted_answer": false,
        "topic_accepted_answer": null,
        "can_vote": false
      },
      {
        "id": 594766,
        "name": "Carlton D'Silva",
        "username": "carlton",
        "avatar_template": "/user_avatar/discourse.onlinedegree.iitm.ac.in/carlton/{size}/56317_2.png",
        "created_at": "2025-02-14T04:53:36.939Z",
        "cooked": "<p>Hi Vikram,</p>\n<p>This is because (if you watched the session, or examined the code, you would have realised that) datagen.py was designed to run inside your docker container. And datagen.py (or a similar named file which we will not tell you ahead of time and will be provided as the query parameter in task A1) will normally be called by evaluate.py<br>\nInside the docker container, permission for the data folder is set by the Dockerfile<br>\nwhich then allows your application to access the root folder inside your docker image and create the /data folder.</p>\n<p>So the workflow is like this (for your internal testing only… please follow the Project page for deliverables and evaluation to submit project successfully):</p>\n<ol>\n<li>You create your application server that serves 2 endpoints on localhost:8000</li>\n<li>You create a docker image that runs this application server.</li>\n<li>You run the docker image using podman as described in the project page.</li>\n<li>For mimicking the testing conditions. You need two files:<br>\nevaluate.py and datagen.py to be in the same folder where you are running these two scripts.</li>\n<li>Run evalute.py using uv.</li>\n</ol>\n<p>If your docker image is correctly configured and your application is correctly configured, then all the tasks run by evaluate.py will correctly tell you if the application is producing the right result for each task.</p>\n<p>Hope that gives clarity.</p>\n<p>Kind regards</p>",
        "post_number": 2,
        "post_type": 1,
        "posts_count": 2,
        "updated_at": "2025-02-14T04:54:29.626Z",
        "reply_count": 0,
        "reply_to_post_number": null,
        "quote_count": 0,
        "incoming_link_count": 0,
        "reads": 32,
        "readers_count": 31,
        "score": 6.0,
        "yours": false,
        "topic_id": 167072,
        "topic_slug": "sudo-permission-needed-to-create-data-folder-in-root",
        "display_username": "Carlton D'Silva",
        "primary_group_name": "ds-students",
        "flair_name": "ds-students",
        "flair_url": null,
        "flair_bg_color": "",
        "flair_color": "",
        "flair_group_id": 294,
        "badges_granted": [],
        "version": 1,
        "can_edit": false,
        "can_delete": false,
        "can_recover": false,
        "can_see_hidden_post": false,
        "can_wiki": false,
        "read": false,
        "user_title": "Regular",
        "title_is_group": false,
        "bookmarked": false,
        "actions_summary": [
          {
            "id": 2,
            "can_act": true
          },
          {
            "id": 6,
            "can_act": true
          },
          {
            "id": 3,
            "can_act": true
          },
          {
            "id": 4,
            "can_act": true
          },
          {
            "id": 8,
            "can_act": true
          },
          {
            "id": 10,
            "can_act": true
          },
          {
            "id": 7,
            "can_act": true
          }
        ],
        "moderator": false,
        "admin": false,
        "staff": false,
        "group_moderator": true,
        "user_id": 16094,
        "hidden": false,
        "trust_level": 3,
        "deleted_at": null,
        "user_deleted": false,
        "edit_reason": null,
        "can_view_edit_history": true,
        "wiki": false,
        "post_url": "/t/sudo-permission-needed-to-create-data-folder-in-root/167072/2",
        "user_cakedate": "2023-01-25",
        "reactions": [],
        "current_user_reaction": null,
        "reaction_users_count": 0,
        "current_user_used_main_reaction": false,
        "can_accept_answer": false,
        "can_unaccept_answer": false,
        "accepted_answer": false,
        "topic_accepted_answer": null
      }
    ],
    "stream": [
      594729,
      594766
    ]
  },
  "timeline_lookup": [
    [
      1,
      107
    ],
    [
      2,
      106
    ]
  ],
  "suggested_topics": [
    {
      "id": 173524,
      "title": "GA1 - Development Tools - Discussion Thread [TDS May 2025]",
      "fancy_title": "GA1 - Development Tools - Discussion Thread [TDS May 2025]",
      "slug": "ga1-development-tools-discussion-thread-tds-may-2025",
      "posts_count": 80,
      "reply_count": 51,
      "highest_post_number": 85,
      "image_url": null,
      "created_at": "2025-05-01T11:39:00.734Z",
      "last_posted_at": "2025-05-31T15:34:18.368Z",
      "bumped": true,
      "bumped_at": "2025-05-31T15:34:18.368Z",
      "archetype": "regular",
      "unseen": false,
      "last_read_post_number": 82,
      "unread": 0,
      "new_posts": 3,
      "unread_posts": 3,
      "pinned": false,
      "unpinned": null,
      "visible": true,
      "closed": false,
      "archived": false,
      "notification_level": 2,
      "bookmarked": false,
      "liked": false,
      "tags": [
        "term2-2025",
        "graded-assignment"
      ],
      "tags_descriptions": {},
      "like_count": 25,
      "views": 1155,
      "category_id": 34,
      "featured_link": null,
      "has_accepted_answer": false,
      "posters": [
        {
          "extras": null,
          "description": "Original Poster",
          "user": {
            "id": 9419,
            "username": "s.anand",
            "name": "Anand S",
            "avatar_template": "/user_avatar/discourse.onlinedegree.iitm.ac.in/s.anand/{size}/15264_2.png",
            "primary_group_name": "faculty",
            "flair_name": "faculty",
            "flair_url": "chalkboard-user",
            "flair_bg_color": "f2c26e",
            "flair_color": "000",
            "flair_group_id": 54,
            "trust_level": 4
          }
        },
        {
          "extras": null,
          "description": "Frequent Poster",
          "user": {
            "id": 22472,
            "username": "Advaith52",
            "name": "Advaith Sanil Kumar",
            "avatar_template": "/user_avatar/discourse.onlinedegree.iitm.ac.in/advaith52/{size}/67172_2.png",
            "primary_group_name": "ds-students",
            "flair_name": "ds-students",
            "flair_group_id": 294,
            "trust_level": 1
          }
        },
        {
          "extras": null,
          "description": "Frequent Poster",
          "user": {
            "id": 16094,
            "username": "carlton",
            "name": "Carlton D'Silva",
            "avatar_template": "/user_avatar/discourse.onlinedegree.iitm.ac.in/carlton/{size}/56317_2.png",
            "primary_group_name": "ds-students",
            "flair_name": "ds-students",
            "flair_group_id": 294,
            "trust_level": 3
          }
        },
        {
          "extras": null,
          "description": "Frequent Poster",
          "user": {
            "id": 15658,
            "username": "HritikRoshan_HRM",
            "name": "HRITIK ROSHAN MAURYA",
            "avatar_template": "/user_avatar/discourse.onlinedegree.iitm.ac.in/hritikroshan_hrm/{size}/66975_2.png",
            "primary_group_name": "ds-students",
            "flair_name": "ds-students",
            "flair_group_id": 294,
            "trust_level": 1
          }
        },
        {
          "extras": "latest",
          "description": "Most Recent Poster",
          "user": {
            "id": 12914,
            "username": "iAnimeshS",
            "name": "Animesh",
            "avatar_template": "/user_avatar/discourse.onlinedegree.iitm.ac.in/ianimeshs/{size}/12415_2.png",
            "primary_group_name": "ds-students",
            "flair_name": "ds-students",
            "flair_group_id": 294,
            "trust_level": 1
          }
        }
      ]
    },
    {
      "id": 176789,
      "title": "Vercel deployement error",
      "fancy_title": "Vercel deployement error",
      "slug": "vercel-deployement-error",
      "posts_count": 1,
      "reply_count": 0,
      "highest_post_number": 1,
      "image_url": null,
      "created_at": "2025-05-31T11:55:22.507Z",
      "last_posted_at": "2025-05-31T11:55:22.708Z",
      "bumped": true,
      "bumped_at": "2025-05-31T11:55:22.708Z",
      "archetype": "regular",
      "unseen": true,
      "pinned": false,
      "unpinned": null,
      "visible": true,
      "closed": false,
      "archived": false,
      "bookmarked": null,
      "liked": null,
      "tags": [
        "diploma-level",
        "term2-2025"
      ],
      "tags_descriptions": {},
      "like_count": 0,
      "views": 9,
      "category_id": 34,
      "featured_link": null,
      "has_accepted_answer": false,
      "posters": [
        {
          "extras": "latest single",
          "description": "Original Poster, Most Recent Poster",
          "user": {
            "id": 25506,
            "username": "23f3003724",
            "name": "Vedika Gupta",
            "avatar_template": "/user_avatar/discourse.onlinedegree.iitm.ac.in/23f3003724/{size}/68806_2.png",
            "primary_group_name": "ds-students",
            "flair_name": "ds-students",
            "flair_group_id": 294,
            "trust_level": 1
          }
        }
      ]
    }
  ],
  "tags": [
    "clarification"
  ],
  "tags_descriptions": {},
  "id": 167072,
  "title": "Sudo permission needed to create data folder in root?",
  "fancy_title": "Sudo permission needed to create data folder in root?",
  "posts_count": 2,
  "created_at": "2025-02-14T03:57:16.661Z",
  "views": 44,
  "reply_count": 0,
  "like_count": 0,
  "last_posted_at": "2025-02-14T04:53:36.939Z",
  "visible": true,
  "closed": false,
  "archived": false,
  "has_summary": false,
  "archetype": "regular",
  "slug": "sudo-permission-needed-to-create-data-folder-in-root",
  "category_id": 34,
  "word_count": 281,
  "deleted_at": null,
  "user_id": 3935,
  "featured_link": null,
  "pinned_globally": false,
  "pinned_at": null,
  "pinned_until": null,
  "image_url": "https://europe1.discourse-cdn.com/flex013/uploads/iitm/optimized/3X/f/5/f51040627e050b955bb243c23f1f660da36b73ae_2_1024x105.png",
  "slow_mode_seconds": 0,
  "draft": null,
  "draft_key": "topic_167072",
  "draft_sequence": 0,
  "unpinned": null,
  "pinned": false,
  "current_post_number": 1,
  "highest_post_number": 2,
  "deleted_by": null,
  "actions_summary": [
    {
      "id": 4,
      "count": 0,
      "hidden": false,
      "can_act": true
    },
    {
      "id": 8,
      "count": 0,
      "hidden": false,
      "can_act": true
    },
    {
      "id": 10,
      "count": 0,
      "hidden": false,
      "can_act": true
    },
    {
      "id": 7,
      "count": 0,
      "hidden": false,
      "can_act": true
    }
  ],
  "chunk_size": 20,
  "bookmarked": false,
  "topic_timer": null,
  "message_bus_last_id": 0,
  "participant_count": 2,
  "show_read_indicator": false,
  "thumbnails": [
    {
      "max_width": null,
      "max_height": null,
      "width": 2100,
      "height": 216,
      "url": "https://europe1.discourse-cdn.com/flex013/uploads/iitm/original/3X/f/5/f51040627e050b955bb243c23f1f660da36b73ae.png"
    },
    {
      "max_width": 1024,
      "max_height": 1024,
      "width": 1024,
      "height": 105,
      "url": "https://europe1.discourse-cdn.com/flex013/uploads/iitm/optimized/3X/f/5/f51040627e050b955bb243c23f1f660da36b73ae_2_1024x105.png"
    }
  ],
  "slow_mode_enabled_until": null,
  "tags_disable_ads": false,
  "related_topics": [
    {
      "id": 24980,
      "title": "Permission denied for making directory",
      "fancy_title": "Permission denied for making directory",
      "slug": "permission-denied-for-making-directory",
      "posts_count": 8,
      "reply_count": 5,
      "highest_post_number": 8,
      "image_url": "https://europe1.discourse-cdn.com/flex013/uploads/iitm/optimized/2X/9/9ba22b7f371966058958c58e0afc26cb592748d5_2_1024x422.png",
      "created_at": "2021-12-31T07:05:13.447Z",
      "last_posted_at": "2022-03-28T19:12:17.529Z",
      "bumped": true,
      "bumped_at": "2022-03-28T19:12:17.529Z",
      "archetype": "regular",
      "unseen": false,
      "pinned": false,
      "unpinned": null,
      "visible": true,
      "closed": false,
      "archived": false,
      "bookmarked": null,
      "liked": null,
      "tags": [
        "week-1"
      ],
      "tags_descriptions": {},
      "like_count": 5,
      "views": 61,
      "category_id": 36,
      "featured_link": null,
      "has_accepted_answer": true,
      "posters": [
        {
          "extras": null,
          "description": "Original Poster",
          "user": {
            "id": 150,
            "username": "priyadarsh",
            "name": "PRIYADARSH SINGH",
            "avatar_template": "/user_avatar/discourse.onlinedegree.iitm.ac.in/priyadarsh/{size}/2584_2.png",
            "primary_group_name": "ds-students",
            "flair_name": "ds-students",
            "flair_group_id": 294,
            "trust_level": 1
          }
        },
        {
          "extras": null,
          "description": "Frequent Poster, Accepted Answer",
          "user": {
            "id": 428,
            "username": "Yash",
            "name": "Goyal",
            "avatar_template": "/user_avatar/discourse.onlinedegree.iitm.ac.in/yash/{size}/566_2.png",
            "primary_group_name": "ds-students",
            "flair_name": "ds-students",
            "flair_group_id": 294,
            "trust_level": 1
          }
        },
        {
          "extras": null,
          "description": "Frequent Poster",
          "user": {
            "id": 3080,
            "username": "amitc",
            "name": "Amit Chakraborti",
            "avatar_template": "/user_avatar/discourse.onlinedegree.iitm.ac.in/amitc/{size}/655_2.png",
            "primary_group_name": "ds-students",
            "flair_name": "ds-students",
            "flair_group_id": 294,
            "trust_level": 1
          }
        },
        {
          "extras": null,
          "description": "Frequent Poster",
          "user": {
            "id": 12,
            "username": "santhanakrishnan",
            "name": "Santhana Krishnan S",
            "avatar_template": "/user_avatar/discourse.onlinedegree.iitm.ac.in/santhanakrishnan/{size}/179_2.png",
            "primary_group_name": "course_support",
            "flair_name": "course_support",
            "flair_url": "scale-balanced",
            "flair_bg_color": "0040ff",
            "flair_color": "1affc6",
            "flair_group_id": 41,
            "trust_level": 4
          }
        },
        {
          "extras": "latest",
          "description": "Most Recent Poster",
          "user": {
            "id": 1144,
            "username": "Mufeed",
            "name": "Mufeed",
            "avatar_template": "/user_avatar/discourse.onlinedegree.iitm.ac.in/mufeed/{size}/66_2.png",
            "primary_group_name": "ds-students",
            "flair_name": "ds-students",
            "flair_group_id": 294,
            "trust_level": 1
          }
        }
      ]
    },
    {
      "id": 65551,
      "title": "Week 3, Lab Assignment 3",
      "fancy_title": "Week 3, Lab Assignment 3",
      "slug": "week-3-lab-assignment-3",
      "posts_count": 5,
      "reply_count": 2,
      "highest_post_number": 5,
      "image_url": "https://europe1.discourse-cdn.com/flex013/uploads/iitm/optimized/3X/8/a/8a4530fc41b3fc2b41c8e8e8bc85ef7e62d64dcd_2_1024x273.png",
      "created_at": "2022-09-23T15:21:34.806Z",
      "last_posted_at": "2022-09-24T11:39:43.001Z",
      "bumped": true,
      "bumped_at": "2022-09-24T11:39:43.001Z",
      "archetype": "regular",
      "unseen": false,
      "pinned": false,
      "unpinned": null,
      "visible": true,
      "closed": false,
      "archived": false,
      "bookmarked": null,
      "liked": null,
      "tags": [
        "lab-assignment",
        "week-3"
      ],
      "tags_descriptions": {},
      "like_count": 0,
      "views": 132,
      "category_id": 29,
      "featured_link": null,
      "has_accepted_answer": false,
      "posters": [
        {
          "extras": "latest",
          "description": "Original Poster, Most Recent Poster",
          "user": {
            "id": 11418,
            "username": "Suresh_Umapathi",
            "name": "Suresh Umapathi",
            "avatar_template": "/user_avatar/discourse.onlinedegree.iitm.ac.in/suresh_umapathi/{size}/31173_2.png",
            "primary_group_name": "ds-students",
            "flair_name": "ds-students",
            "flair_group_id": 294,
            "trust_level": 1
          }
        },
        {
          "extras": null,
          "description": "Frequent Poster",
          "user": {
            "id": 4028,
            "username": "srinivas",
            "name": "Srinivas",
            "avatar_template": "/user_avatar/discourse.onlinedegree.iitm.ac.in/srinivas/{size}/35625_2.png",
            "primary_group_name": "ds-students",
            "flair_name": "ds-students",
            "flair_group_id": 294,
            "trust_level": 1
          }
        }
      ]
    },
    {
      "id": 82346,
      "title": "VM TASK: Permission denied while creating script.sh",
      "fancy_title": "VM TASK: Permission denied while creating script.sh",
      "slug": "vm-task-permission-denied-while-creating-script-sh",
      "posts_count": 10,
      "reply_count": 9,
      "highest_post_number": 11,
      "image_url": "https://europe1.discourse-cdn.com/flex013/uploads/iitm/original/3X/7/8/78477103e8a767a3d73ee6457f45269c28b88ed7.png",
      "created_at": "2023-03-26T03:42:34.035Z",
      "last_posted_at": "2023-12-20T18:26:29.529Z",
      "bumped": true,
      "bumped_at": "2023-12-20T18:26:29.529Z",
      "archetype": "regular",
      "unseen": false,
      "pinned": false,
      "unpinned": null,
      "visible": true,
      "closed": false,
      "archived": false,
      "bookmarked": null,
      "liked": null,
      "tags": [
        "clarification"
      ],
      "tags_descriptions": {},
      "like_count": 12,
      "views": 270,
      "category_id": 36,
      "featured_link": null,
      "has_accepted_answer": false,
      "posters": [
        {
          "extras": null,
          "description": "Original Poster",
          "user": {
            "id": 9169,
            "username": "21f3003123",
            "name": "Lalit Kumar",
            "avatar_template": "/user_avatar/discourse.onlinedegree.iitm.ac.in/21f3003123/{size}/228_2.png",
            "primary_group_name": "ds-students",
            "flair_name": "ds-students",
            "flair_group_id": 294,
            "trust_level": 1
          }
        },
        {
          "extras": null,
          "description": "Frequent Poster",
          "user": {
            "id": 714,
            "username": "prass",
            "name": "Sanjaykumar",
            "avatar_template": "/user_avatar/discourse.onlinedegree.iitm.ac.in/prass/{size}/40_2.png",
            "primary_group_name": "ds-students",
            "flair_name": "ds-students",
            "flair_group_id": 294,
            "trust_level": 1
          }
        },
        {
          "extras": null,
          "description": "Frequent Poster",
          "user": {
            "id": 1296,
            "username": "Mrityunjay",
            "name": "MRITYUNJAY KUMAR MISHRA",
            "avatar_template": "/user_avatar/discourse.onlinedegree.iitm.ac.in/mrityunjay/{size}/93207_2.png",
            "primary_group_name": "ds-students",
            "flair_name": "ds-students",
            "flair_group_id": 294,
            "trust_level": 1
          }
        },
        {
          "extras": null,
          "description": "Frequent Poster",
          "user": {
            "id": 14545,
            "username": "Prahladh",
            "name": "Prahladh N C",
            "avatar_template": "/user_avatar/discourse.onlinedegree.iitm.ac.in/prahladh/{size}/56083_2.png",
            "primary_group_name": "ds-students",
            "flair_name": "ds-students",
            "flair_group_id": 294,
            "trust_level": 1
          }
        },
        {
          "extras": "latest",
          "description": "Most Recent Poster",
          "user": {
            "id": 6672,
            "username": "21f3000261",
            "name": "Akansha Uniyal",
            "avatar_template": "/user_avatar/discourse.onlinedegree.iitm.ac.in/21f3000261/{size}/13890_2.png",
            "primary_group_name": "ds-students",
            "flair_name": "ds-students",
            "flair_group_id": 294,
            "trust_level": 0
          }
        }
      ]
    },
    {
      "id": 158215,
      "title": "Project 2 directory structure",
      "fancy_title": "Project 2 directory structure",
      "slug": "project-2-directory-structure",
      "posts_count": 6,
      "reply_count": 4,
      "highest_post_number": 6,
      "image_url": "https://europe1.discourse-cdn.com/flex013/uploads/iitm/optimized/3X/6/f/6f4653ca2a2e1924e441923a1c761506a14cf89e_2_1024x374.png",
      "created_at": "2024-12-06T11:15:07.841Z",
      "last_posted_at": "2024-12-12T02:58:58.265Z",
      "bumped": true,
      "bumped_at": "2024-12-12T02:58:58.265Z",
      "archetype": "regular",
      "unseen": false,
      "pinned": false,
      "unpinned": null,
      "visible": true,
      "closed": false,
      "archived": false,
      "bookmarked": null,
      "liked": null,
      "tags": [
        "clarification",
        "tds-project-2"
      ],
      "tags_descriptions": {},
      "like_count": 1,
      "views": 243,
      "category_id": 34,
      "featured_link": null,
      "has_accepted_answer": true,
      "posters": [
        {
          "extras": null,
          "description": "Original Poster",
          "user": {
            "id": 18988,
            "username": "23f1001747",
            "name": "Vishu",
            "avatar_template": "/user_avatar/discourse.onlinedegree.iitm.ac.in/23f1001747/{size}/68234_2.png",
            "primary_group_name": "ds-students",
            "flair_name": "ds-students",
            "flair_group_id": 294,
            "trust_level": 1
          }
        },
        {
          "extras": "latest",
          "description": "Most Recent Poster, Accepted Answer",
          "user": {
            "id": 16094,
            "username": "carlton",
            "name": "Carlton D'Silva",
            "avatar_template": "/user_avatar/discourse.onlinedegree.iitm.ac.in/carlton/{size}/56317_2.png",
            "primary_group_name": "ds-students",
            "flair_name": "ds-students",
            "flair_group_id": 294,
            "trust_level": 3
          }
        },
        {
          "extras": null,
          "description": "Frequent Poster",
          "user": {
            "id": 20296,
            "username": "anshul_baliga7",
            "name": "Anshul Baliga",
            "avatar_template": "/user_avatar/discourse.onlinedegree.iitm.ac.in/anshul_baliga7/{size}/67139_2.png",
            "primary_group_name": "ds-students",
            "flair_name": "ds-students",
            "flair_group_id": 294,
            "trust_level": 1
          }
        },
        {
          "extras": null,
          "description": "Frequent Poster",
          "user": {
            "id": 24024,
            "username": "23ds3000248",
            "name": "Bhavin",
            "avatar_template": "/user_avatar/discourse.onlinedegree.iitm.ac.in/23ds3000248/{size}/68154_2.png",
            "primary_group_name": "ds-students",
            "flair_name": "ds-students",
            "flair_group_id": 294,
            "trust_level": 1
          }
        }
      ]
    },
    {
      "id": 154362,
      "title": "Quiz1 Question Id : 640653995860 QDD3",
      "fancy_title": "Quiz1 Question Id : 640653995860 QDD3",
      "slug": "quiz1-question-id-640653995860-qdd3",
      "posts_count": 3,
      "reply_count": 0,
      "highest_post_number": 3,
      "image_url": "https://europe1.discourse-cdn.com/flex013/uploads/iitm/optimized/3X/4/f/4fc01fba9527d2094fcd49583c52db62b5f53a31_2_1024x609.jpeg",
      "created_at": "2024-10-29T10:16:18.028Z",
      "last_posted_at": "2024-10-29T14:19:02.254Z",
      "bumped": true,
      "bumped_at": "2024-10-29T14:19:02.254Z",
      "archetype": "regular",
      "unseen": false,
      "pinned": false,
      "unpinned": null,
      "visible": true,
      "closed": false,
      "archived": false,
      "bookmarked": null,
      "liked": null,
      "tags": [
        "clarification",
        "quiz"
      ],
      "tags_descriptions": {},
      "like_count": 1,
      "views": 46,
      "category_id": 36,
      "featured_link": null,
      "has_accepted_answer": false,
      "posters": [
        {
          "extras": null,
          "description": "Original Poster",
          "user": {
            "id": 19167,
            "username": "23f1002684",
            "name": "Harsh Airan",
            "avatar_template": "/user_avatar/discourse.onlinedegree.iitm.ac.in/23f1002684/{size}/69560_2.png",
            "primary_group_name": "ds-students",
            "flair_name": "ds-students",
            "flair_group_id": 294,
            "trust_level": 1
          }
        },
        {
          "extras": null,
          "description": "Frequent Poster",
          "user": {
            "id": 20800,
            "username": "23f2000867",
            "name": "Aayush Kumawat ",
            "avatar_template": "/user_avatar/discourse.onlinedegree.iitm.ac.in/23f2000867/{size}/113991_2.png",
            "primary_group_name": "ds-students",
            "flair_name": "ds-students",
            "flair_group_id": 294,
            "trust_level": 1
          }
        },
        {
          "extras": "latest",
          "description": "Most Recent Poster",
          "user": {
            "id": 348,
            "username": "sayan",
            "name": "Sayan Ghosh",
            "avatar_template": "/user_avatar/discourse.onlinedegree.iitm.ac.in/sayan/{size}/112713_2.png",
            "primary_group_name": "ds-students",
            "flair_name": "ds-students",
            "flair_group_id": 294,
            "trust_level": 2
          }
        }
      ]
    }
  ],
  "summarizable": false,
  "valid_reactions": [
    "heart",
    "+1",
    "laughing",
    "open_mouth",
    "clap",
    "confetti_ball",
    "rocket",
    "-1"
  ],
  "can_vote": false,
  "vote_count": 0,
  "user_voted": false,
  "discourse_zendesk_plugin_zendesk_id": null,
  "discourse_zendesk_plugin_zendesk_url": "https://your-url.zendesk.com/agent/tickets/",
  "details": {
    "can_edit": false,
    "notification_level": 1,
    "can_create_post": true,
    "can_reply_as_new_topic": true,
    "can_flag_topic": true,
    "participants": [
      {
        "id": 3935,
        "username": "vikramjncasr",
        "name": "Vikram Suriyanarayanan",
        "avatar_template": "/user_avatar/discourse.onlinedegree.iitm.ac.in/vikramjncasr/{size}/1844_2.png",
        "post_count": 1,
        "primary_group_name": "ds-students",
        "flair_name": "ds-students",
        "flair_url": null,
        "flair_color": "",
        "flair_bg_color": "",
        "flair_group_id": 294,
        "trust_level": 1
      },
      {
        "id": 16094,
        "username": "carlton",
        "name": "Carlton D'Silva",
        "avatar_template": "/user_avatar/discourse.onlinedegree.iitm.ac.in/carlton/{size}/56317_2.png",
        "post_count": 1,
        "primary_group_name": "ds-students",
        "flair_name": "ds-students",
        "flair_url": null,
        "flair_color": "",
        "flair_bg_color": "",
        "flair_group_id": 294,
        "trust_level": 3
      }
    ],
    "created_by": {
      "id": 3935,
      "username": "vikramjncasr",
      "name": "Vikram Suriyanarayanan",
      "avatar_template": "/user_avatar/discourse.onlinedegree.iitm.ac.in/vikramjncasr/{size}/1844_2.png"
    },
    "last_poster": {
      "id": 16094,
      "username": "carlton",
      "name": "Carlton D'Silva",
      "avatar_template": "/user_avatar/discourse.onlinedegree.iitm.ac.in/carlton/{size}/56317_2.png"
    }
  },
  "pending_posts": [],
  "bookmarks": []
}