{
  "post_stream": {
    "posts": [
      {
        "id": 614919,
        "name": "Viraj Pitale",
        "username": "virajpitale",
        "avatar_template": "/user_avatar/discourse.onlinedegree.iitm.ac.in/virajpitale/{size}/67267_2.png",
        "created_at": "2025-04-03T10:44:03.443Z",
        "cooked": "<p><div class=\"lightbox-wrapper\"><a class=\"lightbox\" href=\"https://europe1.discourse-cdn.com/flex013/uploads/iitm/original/3X/d/d/dd486ca8bb6ad3279af98783a50cbc232f3fd8e6.png\" data-download-href=\"/uploads/short-url/vzyGKXNJLbjCYVCKBk7si2XdJ6S.png?dl=1\" title=\"Screenshot 2025-04-03 161302\" rel=\"noopener nofollow ugc\"><img src=\"https://europe1.discourse-cdn.com/flex013/uploads/iitm/original/3X/d/d/dd486ca8bb6ad3279af98783a50cbc232f3fd8e6.png\" alt=\"Screenshot 2025-04-03 161302\" data-base62-sha1=\"vzyGKXNJLbjCYVCKBk7si2XdJ6S\" width=\"689\" height=\"290\" data-dominant-color=\"F7F7F7\"><div class=\"meta\"><svg class=\"fa d-icon d-icon-far-image svg-icon\" aria-hidden=\"true\"><use href=\"#far-image\"></use></svg><span class=\"filename\">Screenshot 2025-04-03 161302</span><span class=\"informations\">1268×533 16.3 KB</span><svg class=\"fa d-icon d-icon-discourse-expand svg-icon\" aria-hidden=\"true\"><use href=\"#discourse-expand\"></use></svg></div></a></div><br>\n<a href=\"https://github.com/virajpitale/tds-project1\" rel=\"noopener nofollow ugc\">virajpitale/tds-project1</a><br>\non github you can clearly see i added mit license still it is showing failed</p>",
        "post_number": 1,
        "post_type": 1,
        "posts_count": 5,
        "updated_at": "2025-04-03T10:44:03.443Z",
        "reply_count": 0,
        "reply_to_post_number": null,
        "quote_count": 0,
        "incoming_link_count": 1,
        "reads": 87,
        "readers_count": 86,
        "score": 21.8,
        "yours": false,
        "topic_id": 171672,
        "topic_slug": "why-failed",
        "display_username": "Viraj Pitale",
        "primary_group_name": "ds-students",
        "flair_name": "ds-students",
        "flair_url": null,
        "flair_bg_color": "",
        "flair_color": "",
        "flair_group_id": 294,
        "badges_granted": [],
        "version": 1,
        "can_edit": false,
        "can_delete": false,
        "can_recover": false,
        "can_see_hidden_post": false,
        "can_wiki": false,
        "link_counts": [
          {
            "url": "https://github.com/virajpitale/tds-project1",
            "internal": false,
            "reflection": false,
            "title": "GitHub - virajpitale/tds-project1",
            "clicks": 3
          }
        ],
        "read": false,
        "user_title": null,
        "bookmarked": false,
        "actions_summary": [
          {
            "id": 2,
            "can_act": true
          },
          {
            "id": 6,
            "can_act": true
          },
          {
            "id": 3,
            "can_act": true
          },
          {
            "id": 4,
            "can_act": true
          },
          {
            "id": 8,
            "can_act": true
          },
          {
            "id": 10,
            "can_act": true
          },
          {
            "id": 7,
            "can_act": true
          }
        ],
        "moderator": false,
        "admin": false,
        "staff": false,
        "user_id": 22282,
        "hidden": false,
        "trust_level": 1,
        "deleted_at": null,
        "user_deleted": false,
        "edit_reason": null,
        "can_view_edit_history": true,
        "wiki": false,
        "post_url": "/t/why-failed/171672/1",
        "user_cakedate": "2023-09-19",
        "reactions": [],
        "current_user_reaction": null,
        "reaction_users_count": 0,
        "current_user_used_main_reaction": false,
        "can_accept_answer": false,
        "can_unaccept_answer": false,
        "accepted_answer": false,
        "topic_accepted_answer": null,
        "can_vote": false
      },
      {
        "id": 614922,
        "name": "Jivraj Singh Shekhawat",
        "username": "Jivraj",
        "avatar_template": "https://avatars.discourse-cdn.com/v4/letter/j/b9bd4f/{size}.png",
        "created_at": "2025-04-03T10:47:22.621Z",
        "cooked": "<p><div class=\"lightbox-wrapper\"><a class=\"lightbox\" href=\"https://europe1.discourse-cdn.com/flex013/uploads/iitm/original/3X/b/2/b2559e16f3dcfa20be7636f41868bec610f2ad1e.png\" data-download-href=\"/uploads/short-url/prCqjEJwnNk4fgyWeMzMuDpUwKa.png?dl=1\" title=\"image\" rel=\"noopener nofollow ugc\"><img src=\"https://europe1.discourse-cdn.com/flex013/uploads/iitm/optimized/3X/b/2/b2559e16f3dcfa20be7636f41868bec610f2ad1e_2_690x442.png\" alt=\"image\" data-base62-sha1=\"prCqjEJwnNk4fgyWeMzMuDpUwKa\" width=\"690\" height=\"442\" srcset=\"https://europe1.discourse-cdn.com/flex013/uploads/iitm/optimized/3X/b/2/b2559e16f3dcfa20be7636f41868bec610f2ad1e_2_690x442.png, https://europe1.discourse-cdn.com/flex013/uploads/iitm/optimized/3X/b/2/b2559e16f3dcfa20be7636f41868bec610f2ad1e_2_1035x663.png 1.5x, https://europe1.discourse-cdn.com/flex013/uploads/iitm/optimized/3X/b/2/b2559e16f3dcfa20be7636f41868bec610f2ad1e_2_1380x884.png 2x\" data-dominant-color=\"52565B\"><div class=\"meta\"><svg class=\"fa d-icon d-icon-far-image svg-icon\" aria-hidden=\"true\"><use href=\"#far-image\"></use></svg><span class=\"filename\">image</span><span class=\"informations\">1480×950 140 KB</span><svg class=\"fa d-icon d-icon-discourse-expand svg-icon\" aria-hidden=\"true\"><use href=\"#discourse-expand\"></use></svg></div></a></div></p>\n<p>I checked your github repo MIT License file is named as <code>Licenese.md</code> but standard naming for License is LICENSE or LICENSE.md (with all caps).</p>",
        "post_number": 2,
        "post_type": 1,
        "posts_count": 5,
        "updated_at": "2025-04-03T10:47:22.621Z",
        "reply_count": 2,
        "reply_to_post_number": null,
        "quote_count": 0,
        "incoming_link_count": 2,
        "reads": 85,
        "readers_count": 84,
        "score": 36.2,
        "yours": false,
        "topic_id": 171672,
        "topic_slug": "why-failed",
        "display_username": "Jivraj Singh Shekhawat",
        "primary_group_name": "ds-students",
        "flair_name": "ds-students",
        "flair_url": null,
        "flair_bg_color": "",
        "flair_color": "",
        "flair_group_id": 294,
        "badges_granted": [],
        "version": 1,
        "can_edit": false,
        "can_delete": false,
        "can_recover": false,
        "can_see_hidden_post": false,
        "can_wiki": false,
        "read": false,
        "user_title": "Course TA",
        "title_is_group": false,
        "bookmarked": false,
        "actions_summary": [
          {
            "id": 2,
            "can_act": true
          },
          {
            "id": 6,
            "can_act": true
          },
          {
            "id": 3,
            "can_act": true
          },
          {
            "id": 4,
            "can_act": true
          },
          {
            "id": 8,
            "can_act": true
          },
          {
            "id": 10,
            "can_act": true
          },
          {
            "id": 7,
            "can_act": true
          }
        ],
        "moderator": false,
        "admin": false,
        "staff": false,
        "group_moderator": true,
        "user_id": 15651,
        "hidden": false,
        "trust_level": 2,
        "deleted_at": null,
        "user_deleted": false,
        "edit_reason": null,
        "can_view_edit_history": true,
        "wiki": false,
        "post_url": "/t/why-failed/171672/2",
        "user_cakedate": "2023-01-25",
        "reactions": [],
        "current_user_reaction": null,
        "reaction_users_count": 0,
        "current_user_used_main_reaction": false,
        "can_accept_answer": false,
        "can_unaccept_answer": false,
        "accepted_answer": false,
        "topic_accepted_answer": null
      },
      {
        "id": 614931,
        "name": "Viraj Pitale",
        "username": "virajpitale",
        "avatar_template": "/user_avatar/discourse.onlinedegree.iitm.ac.in/virajpitale/{size}/67267_2.png",
        "created_at": "2025-04-03T11:00:47.042Z",
        "cooked": "<p>So, should I edit the filename now, or will you count it as missing?</p>",
        "post_number": 3,
        "post_type": 1,
        "posts_count": 5,
        "updated_at": "2025-04-03T11:00:47.042Z",
        "reply_count": 1,
        "reply_to_post_number": 2,
        "quote_count": 0,
        "incoming_link_count": 0,
        "reads": 76,
        "readers_count": 75,
        "score": 19.6,
        "yours": false,
        "topic_id": 171672,
        "topic_slug": "why-failed",
        "display_username": "Viraj Pitale",
        "primary_group_name": "ds-students",
        "flair_name": "ds-students",
        "flair_url": null,
        "flair_bg_color": "",
        "flair_color": "",
        "flair_group_id": 294,
        "badges_granted": [],
        "version": 1,
        "can_edit": false,
        "can_delete": false,
        "can_recover": false,
        "can_see_hidden_post": false,
        "can_wiki": false,
        "read": false,
        "user_title": null,
        "reply_to_user": {
          "id": 15651,
          "username": "Jivraj",
          "name": "Jivraj Singh Shekhawat",
          "avatar_template": "https://avatars.discourse-cdn.com/v4/letter/j/b9bd4f/{size}.png"
        },
        "bookmarked": false,
        "actions_summary": [
          {
            "id": 2,
            "can_act": true
          },
          {
            "id": 6,
            "can_act": true
          },
          {
            "id": 3,
            "can_act": true
          },
          {
            "id": 4,
            "can_act": true
          },
          {
            "id": 8,
            "can_act": true
          },
          {
            "id": 10,
            "can_act": true
          },
          {
            "id": 7,
            "can_act": true
          }
        ],
        "moderator": false,
        "admin": false,
        "staff": false,
        "user_id": 22282,
        "hidden": false,
        "trust_level": 1,
        "deleted_at": null,
        "user_deleted": false,
        "edit_reason": null,
        "can_view_edit_history": true,
        "wiki": false,
        "post_url": "/t/why-failed/171672/3",
        "user_cakedate": "2023-09-19",
        "reactions": [],
        "current_user_reaction": null,
        "reaction_users_count": 0,
        "current_user_used_main_reaction": false,
        "can_accept_answer": false,
        "can_unaccept_answer": false,
        "accepted_answer": false,
        "topic_accepted_answer": null
      },
      {
        "id": 614963,
        "name": "Viraj Pitale",
        "username": "virajpitale",
        "avatar_template": "/user_avatar/discourse.onlinedegree.iitm.ac.in/virajpitale/{size}/67267_2.png",
        "created_at": "2025-04-03T12:27:21.792Z",
        "cooked": "<p><a class=\"mention\" href=\"/u/jivraj\">@Jivraj</a> please reply</p>",
        "post_number": 4,
        "post_type": 1,
        "posts_count": 5,
        "updated_at": "2025-04-03T12:27:21.792Z",
        "reply_count": 0,
        "reply_to_post_number": 3,
        "quote_count": 0,
        "incoming_link_count": 0,
        "reads": 75,
        "readers_count": 74,
        "score": 14.2,
        "yours": false,
        "topic_id": 171672,
        "topic_slug": "why-failed",
        "display_username": "Viraj Pitale",
        "primary_group_name": "ds-students",
        "flair_name": "ds-students",
        "flair_url": null,
        "flair_bg_color": "",
        "flair_color": "",
        "flair_group_id": 294,
        "badges_granted": [],
        "version": 1,
        "can_edit": false,
        "can_delete": false,
        "can_recover": false,
        "can_see_hidden_post": false,
        "can_wiki": false,
        "read": false,
        "user_title": null,
        "reply_to_user": {
          "id": 22282,
          "username": "virajpitale",
          "name": "Viraj Pitale",
          "avatar_template": "/user_avatar/discourse.onlinedegree.iitm.ac.in/virajpitale/{size}/67267_2.png"
        },
        "bookmarked": false,
        "actions_summary": [
          {
            "id": 2,
            "can_act": true
          },
          {
            "id": 6,
            "can_act": true
          },
          {
            "id": 3,
            "can_act": true
          },
          {
            "id": 4,
            "can_act": true
          },
          {
            "id": 8,
            "can_act": true
          },
          {
            "id": 10,
            "can_act": true
          },
          {
            "id": 7,
            "can_act": true
          }
        ],
        "moderator": false,
        "admin": false,
        "staff": false,
        "user_id": 22282,
        "hidden": false,
        "trust_level": 1,
        "deleted_at": null,
        "user_deleted": false,
        "edit_reason": null,
        "can_view_edit_history": true,
        "wiki": false,
        "post_url": "/t/why-failed/171672/4",
        "user_cakedate": "2023-09-19",
        "reactions": [],
        "current_user_reaction": null,
        "reaction_users_count": 0,
        "current_user_used_main_reaction": false,
        "can_accept_answer": false,
        "can_unaccept_answer": false,
        "accepted_answer": false,
        "topic_accepted_answer": null
      },
      {
        "id": 616586,
        "name": "Viraj Pitale",
        "username": "virajpitale",
        "avatar_template": "/user_avatar/discourse.onlinedegree.iitm.ac.in/virajpitale/{size}/67267_2.png",
        "created_at": "2025-04-07T12:15:01.305Z",
        "cooked": "<p><div class=\"lightbox-wrapper\"><a class=\"lightbox\" href=\"https://europe1.discourse-cdn.com/flex013/uploads/iitm/original/3X/2/9/29a6882ebe14812a2abcbaa3dc18405d45ec6111.png\" data-download-href=\"/uploads/short-url/5WsmTScdP6UVKBegUlzS1BIrpBL.png?dl=1\" title=\"Screenshot 2025-04-07 174256\" rel=\"noopener nofollow ugc\"><img src=\"https://europe1.discourse-cdn.com/flex013/uploads/iitm/optimized/3X/2/9/29a6882ebe14812a2abcbaa3dc18405d45ec6111_2_690x209.png\" alt=\"Screenshot 2025-04-07 174256\" data-base62-sha1=\"5WsmTScdP6UVKBegUlzS1BIrpBL\" width=\"690\" height=\"209\" srcset=\"https://europe1.discourse-cdn.com/flex013/uploads/iitm/optimized/3X/2/9/29a6882ebe14812a2abcbaa3dc18405d45ec6111_2_690x209.png, https://europe1.discourse-cdn.com/flex013/uploads/iitm/optimized/3X/2/9/29a6882ebe14812a2abcbaa3dc18405d45ec6111_2_1035x313.png 1.5x, https://europe1.discourse-cdn.com/flex013/uploads/iitm/optimized/3X/2/9/29a6882ebe14812a2abcbaa3dc18405d45ec6111_2_1380x418.png 2x\" data-dominant-color=\"10141A\"><div class=\"meta\"><svg class=\"fa d-icon d-icon-far-image svg-icon\" aria-hidden=\"true\"><use href=\"#far-image\"></use></svg><span class=\"filename\">Screenshot 2025-04-07 174256</span><span class=\"informations\">1710×518 33 KB</span><svg class=\"fa d-icon d-icon-discourse-expand svg-icon\" aria-hidden=\"true\"><use href=\"#discourse-expand\"></use></svg></div></a></div><br>\nI submitted the project <strong>within the deadline</strong>, and I ensured that <strong>all requirements were fulfilled</strong>, including correctly adding the MIT License file. The license file was named properly and contained the correct content.</p>\n<p>However, I received a message stating that the MIT License was not present, and that the prerequisites were not completed — resulting in a failed status. This is surprising and feels unfair, as I’ve double-checked my submission and confirmed that everything, including the license file, is in place and named correctly.</p>\n<p>Here is my GitHub repo for your reference: <a href=\"https://github.com/virajpitale/tds-project1\" class=\"inline-onebox\" rel=\"noopener nofollow ugc\">GitHub - virajpitale/tds-project1</a></p>\n<p>I kindly request a re-evaluation of my submission, as I believe I’ve met all the required criteria. I would really appreciate your time in looking into this matter again.</p>\n<p>Thank you for your understanding.</p>\n<p><a class=\"mention\" href=\"/u/jivraj\">@Jivraj</a></p>",
        "post_number": 5,
        "post_type": 1,
        "posts_count": 5,
        "updated_at": "2025-04-07T12:15:01.305Z",
        "reply_count": 0,
        "reply_to_post_number": 2,
        "quote_count": 0,
        "incoming_link_count": 0,
        "reads": 51,
        "readers_count": 50,
        "score": 9.4,
        "yours": false,
        "topic_id": 171672,
        "topic_slug": "why-failed",
        "display_username": "Viraj Pitale",
        "primary_group_name": "ds-students",
        "flair_name": "ds-students",
        "flair_url": null,
        "flair_bg_color": "",
        "flair_color": "",
        "flair_group_id": 294,
        "badges_granted": [],
        "version": 1,
        "can_edit": false,
        "can_delete": false,
        "can_recover": false,
        "can_see_hidden_post": false,
        "can_wiki": false,
        "link_counts": [
          {
            "url": "https://github.com/virajpitale/tds-project1",
            "internal": false,
            "reflection": false,
            "title": "GitHub - virajpitale/tds-project1",
            "clicks": 1
          }
        ],
        "read": false,
        "user_title": null,
        "reply_to_user": {
          "id": 15651,
          "username": "Jivraj",
          "name": "Jivraj Singh Shekhawat",
          "avatar_template": "https://avatars.discourse-cdn.com/v4/letter/j/b9bd4f/{size}.png"
        },
        "bookmarked": false,
        "actions_summary": [
          {
            "id": 2,
            "can_act": true
          },
          {
            "id": 6,
            "can_act": true
          },
          {
            "id": 3,
            "can_act": true
          },
          {
            "id": 4,
            "can_act": true
          },
          {
            "id": 8,
            "can_act": true
          },
          {
            "id": 10,
            "can_act": true
          },
          {
            "id": 7,
            "can_act": true
          }
        ],
        "moderator": false,
        "admin": false,
        "staff": false,
        "user_id": 22282,
        "hidden": false,
        "trust_level": 1,
        "deleted_at": null,
        "user_deleted": false,
        "edit_reason": null,
        "can_view_edit_history": true,
        "wiki": false,
        "post_url": "/t/why-failed/171672/5",
        "user_cakedate": "2023-09-19",
        "reactions": [],
        "current_user_reaction": null,
        "reaction_users_count": 0,
        "current_user_used_main_reaction": false,
        "can_accept_answer": false,
        "can_unaccept_answer": false,
        "accepted_answer": false,
        "topic_accepted_answer": null
      }
    ],
    "stream": [
      614919,
      614922,
      614931,
      614963,
      616586
    ]
  },
  "timeline_lookup": [
    [
      1,
      58
    ],
    [
      5,
      54
    ]
  ],
  "suggested_topics": [
    {
      "id": 173524,
      "title": "GA1 - Development Tools - Discussion Thread [TDS May 2025]",
      "fancy_title": "GA1 - Development Tools - Discussion Thread [TDS May 2025]",
      "slug": "ga1-development-tools-discussion-thread-tds-may-2025",
      "posts_count": 80,
      "reply_count": 51,
      "highest_post_number": 85,
      "image_url": null,
      "created_at": "2025-05-01T11:39:00.734Z",
      "last_posted_at": "2025-05-31T15:34:18.368Z",
      "bumped": true,
      "bumped_at": "2025-05-31T15:34:18.368Z",
      "archetype": "regular",
      "unseen": false,
      "last_read_post_number": 82,
      "unread": 0,
      "new_posts": 3,
      "unread_posts": 3,
      "pinned": false,
      "unpinned": null,
      "visible": true,
      "closed": false,
      "archived": false,
      "notification_level": 2,
      "bookmarked": false,
      "liked": false,
      "tags": [
        "term2-2025",
        "graded-assignment"
      ],
      "tags_descriptions": {},
      "like_count": 25,
      "views": 1155,
      "category_id": 34,
      "featured_link": null,
      "has_accepted_answer": false,
      "posters": [
        {
          "extras": null,
          "description": "Original Poster",
          "user": {
            "id": 9419,
            "username": "s.anand",
            "name": "Anand S",
            "avatar_template": "/user_avatar/discourse.onlinedegree.iitm.ac.in/s.anand/{size}/15264_2.png",
            "primary_group_name": "faculty",
            "flair_name": "faculty",
            "flair_url": "chalkboard-user",
            "flair_bg_color": "f2c26e",
            "flair_color": "000",
            "flair_group_id": 54,
            "trust_level": 4
          }
        },
        {
          "extras": null,
          "description": "Frequent Poster",
          "user": {
            "id": 22472,
            "username": "Advaith52",
            "name": "Advaith Sanil Kumar",
            "avatar_template": "/user_avatar/discourse.onlinedegree.iitm.ac.in/advaith52/{size}/67172_2.png",
            "primary_group_name": "ds-students",
            "flair_name": "ds-students",
            "flair_group_id": 294,
            "trust_level": 1
          }
        },
        {
          "extras": null,
          "description": "Frequent Poster",
          "user": {
            "id": 16094,
            "username": "carlton",
            "name": "Carlton D'Silva",
            "avatar_template": "/user_avatar/discourse.onlinedegree.iitm.ac.in/carlton/{size}/56317_2.png",
            "primary_group_name": "ds-students",
            "flair_name": "ds-students",
            "flair_group_id": 294,
            "trust_level": 3
          }
        },
        {
          "extras": null,
          "description": "Frequent Poster",
          "user": {
            "id": 15658,
            "username": "HritikRoshan_HRM",
            "name": "HRITIK ROSHAN MAURYA",
            "avatar_template": "/user_avatar/discourse.onlinedegree.iitm.ac.in/hritikroshan_hrm/{size}/66975_2.png",
            "primary_group_name": "ds-students",
            "flair_name": "ds-students",
            "flair_group_id": 294,
            "trust_level": 1
          }
        },
        {
          "extras": "latest",
          "description": "Most Recent Poster",
          "user": {
            "id": 12914,
            "username": "iAnimeshS",
            "name": "Animesh",
            "avatar_template": "/user_avatar/discourse.onlinedegree.iitm.ac.in/ianimeshs/{size}/12415_2.png",
            "primary_group_name": "ds-students",
            "flair_name": "ds-students",
            "flair_group_id": 294,
            "trust_level": 1
          }
        }
      ]
    },
    {
      "id": 176789,
      "title": "Vercel deployement error",
      "fancy_title": "Vercel deployement error",
      "slug": "vercel-deployement-error",
      "posts_count": 1,
      "reply_count": 0,
      "highest_post_number": 1,
      "image_url": null,
      "created_at": "2025-05-31T11:55:22.507Z",
      "last_posted_at": "2025-05-31T11:55:22.708Z",
      "bumped": true,
      "bumped_at": "2025-05-31T11:55:22.708Z",
      "archetype": "regular",
      "unseen": true,
      "pinned": false,
      "unpinned": null,
      "visible": true,
      "closed": false,
      "archived": false,
      "bookmarked": null,
      "liked": null,
      "tags": [
        "diploma-level",
        "term2-2025"
      ],
      "tags_descriptions": {},
      "like_count": 0,
      "views": 9,
      "category_id": 34,
      "featured_link": null,
      "has_accepted_answer": false,
      "posters": [
        {
          "extras": "latest single",
          "description": "Original Poster, Most Recent Poster",
          "user": {
            "id": 25506,
            "username": "23f3003724",
            "name": "Vedika Gupta",
            "avatar_template": "/user_avatar/discourse.onlinedegree.iitm.ac.in/23f3003724/{size}/68806_2.png",
            "primary_group_name": "ds-students",
            "flair_name": "ds-students",
            "flair_group_id": 294,
            "trust_level": 1
          }
        }
      ]
    }
  ],
  "tags": [
    "miscellaneous"
  ],
  "tags_descriptions": {},
  "id": 171672,
  "title": "Why Failed?",
  "fancy_title": "Why Failed?",
  "posts_count": 5,
  "created_at": "2025-04-03T10:44:03.220Z",
  "views": 121,
  "reply_count": 3,
  "like_count": 0,
  "last_posted_at": "2025-04-07T12:15:01.305Z",
  "visible": true,
  "closed": false,
  "archived": false,
  "has_summary": false,
  "archetype": "regular",
  "slug": "why-failed",
  "category_id": 34,
  "word_count": 226,
  "deleted_at": null,
  "user_id": 22282,
  "featured_link": null,
  "pinned_globally": false,
  "pinned_at": null,
  "pinned_until": null,
  "image_url": "https://europe1.discourse-cdn.com/flex013/uploads/iitm/optimized/3X/d/d/dd486ca8bb6ad3279af98783a50cbc232f3fd8e6_2_1024x430.png",
  "slow_mode_seconds": 0,
  "draft": null,
  "draft_key": "topic_171672",
  "draft_sequence": 0,
  "unpinned": null,
  "pinned": false,
  "current_post_number": 1,
  "highest_post_number": 5,
  "deleted_by": null,
  "actions_summary": [
    {
      "id": 4,
      "count": 0,
      "hidden": false,
      "can_act": true
    },
    {
      "id": 8,
      "count": 0,
      "hidden": false,
      "can_act": true
    },
    {
      "id": 10,
      "count": 0,
      "hidden": false,
      "can_act": true
    },
    {
      "id": 7,
      "count": 0,
      "hidden": false,
      "can_act": true
    }
  ],
  "chunk_size": 20,
  "bookmarked": false,
  "topic_timer": null,
  "message_bus_last_id": 0,
  "participant_count": 2,
  "show_read_indicator": false,
  "thumbnails": [
    {
      "max_width": null,
      "max_height": null,
      "width": 1268,
      "height": 533,
      "url": "https://europe1.discourse-cdn.com/flex013/uploads/iitm/original/3X/d/d/dd486ca8bb6ad3279af98783a50cbc232f3fd8e6.png"
    },
    {
      "max_width": 1024,
      "max_height": 1024,
      "width": 1024,
      "height": 430,
      "url": "https://europe1.discourse-cdn.com/flex013/uploads/iitm/optimized/3X/d/d/dd486ca8bb6ad3279af98783a50cbc232f3fd8e6_2_1024x430.png"
    }
  ],
  "slow_mode_enabled_until": null,
  "tags_disable_ads": false,
  "related_topics": [
    {
      "id": 171485,
      "title": "Project 1 discrepancy regarding mit license",
      "fancy_title": "Project 1 discrepancy regarding mit license",
      "slug": "project-1-discrepancy-regarding-mit-license",
      "posts_count": 9,
      "reply_count": 7,
      "highest_post_number": 10,
      "image_url": "https://europe1.discourse-cdn.com/flex013/uploads/iitm/optimized/3X/a/6/a63b3e5cf7847aad19780199e18d9767880f3de8_2_1024x601.png",
      "created_at": "2025-04-01T05:16:56.405Z",
      "last_posted_at": "2025-04-06T13:59:53.894Z",
      "bumped": true,
      "bumped_at": "2025-04-06T14:22:37.817Z",
      "archetype": "regular",
      "unseen": false,
      "pinned": false,
      "unpinned": null,
      "visible": true,
      "closed": false,
      "archived": false,
      "bookmarked": null,
      "liked": null,
      "tags": [
        "clarification",
        "diploma-level",
        "tds-project-1"
      ],
      "tags_descriptions": {},
      "like_count": 1,
      "views": 91,
      "category_id": 34,
      "featured_link": null,
      "has_accepted_answer": false,
      "posters": [
        {
          "extras": "latest",
          "description": "Original Poster, Most Recent Poster",
          "user": {
            "id": 16552,
            "username": "22f3000585",
            "name": "Reva Lakshmy Paul",
            "avatar_template": "/user_avatar/discourse.onlinedegree.iitm.ac.in/22f3000585/{size}/111045_2.png",
            "primary_group_name": "ds-students",
            "flair_name": "ds-students",
            "flair_group_id": 294,
            "trust_level": 1
          }
        },
        {
          "extras": null,
          "description": "Frequent Poster",
          "user": {
            "id": 15651,
            "username": "Jivraj",
            "name": "Jivraj Singh Shekhawat",
            "avatar_template": "https://avatars.discourse-cdn.com/v4/letter/j/b9bd4f/{size}.png",
            "primary_group_name": "ds-students",
            "flair_name": "ds-students",
            "flair_group_id": 294,
            "trust_level": 2
          }
        },
        {
          "extras": null,
          "description": "Frequent Poster",
          "user": {
            "id": 31042,
            "username": "24ds2000125",
            "name": "PalakAnand",
            "avatar_template": "/user_avatar/discourse.onlinedegree.iitm.ac.in/24ds2000125/{size}/68316_2.png",
            "primary_group_name": "ds-students",
            "flair_name": "ds-students",
            "flair_group_id": 294,
            "trust_level": 1
          }
        },
        {
          "extras": null,
          "description": "Frequent Poster",
          "user": {
            "id": 16094,
            "username": "carlton",
            "name": "Carlton D'Silva",
            "avatar_template": "/user_avatar/discourse.onlinedegree.iitm.ac.in/carlton/{size}/56317_2.png",
            "primary_group_name": "ds-students",
            "flair_name": "ds-students",
            "flair_group_id": 294,
            "trust_level": 3
          }
        }
      ]
    },
    {
      "id": 167471,
      "title": "Project 1 Submission Marked as FAIL Despite Having Dockerfile & Image",
      "fancy_title": "Project 1 Submission Marked as FAIL Despite Having Dockerfile &amp; Image",
      "slug": "project-1-submission-marked-as-fail-despite-having-dockerfile-image",
      "posts_count": 7,
      "reply_count": 6,
      "highest_post_number": 11,
      "image_url": "https://europe1.discourse-cdn.com/flex013/uploads/iitm/original/3X/6/a/6a4a28aa638840e8d2e4dbf246ca235fd41e5ccb.png",
      "created_at": "2025-02-17T10:07:56.585Z",
      "last_posted_at": "2025-02-18T08:28:16.577Z",
      "bumped": true,
      "bumped_at": "2025-02-18T08:28:16.577Z",
      "archetype": "regular",
      "unseen": false,
      "pinned": false,
      "unpinned": null,
      "visible": true,
      "closed": false,
      "archived": false,
      "bookmarked": null,
      "liked": null,
      "tags": [
        "operational",
        "term1-2025",
        "tds-project-1"
      ],
      "tags_descriptions": {},
      "like_count": 0,
      "views": 85,
      "category_id": 34,
      "featured_link": null,
      "has_accepted_answer": true,
      "posters": [
        {
          "extras": null,
          "description": "Original Poster",
          "user": {
            "id": 14383,
            "username": "21f3002647",
            "name": "Arnav Mehta ",
            "avatar_template": "/user_avatar/discourse.onlinedegree.iitm.ac.in/21f3002647/{size}/12643_2.png",
            "primary_group_name": "ds-students",
            "flair_name": "ds-students",
            "flair_group_id": 294,
            "trust_level": 1
          }
        },
        {
          "extras": null,
          "description": "Frequent Poster, Accepted Answer",
          "user": {
            "id": 16094,
            "username": "carlton",
            "name": "Carlton D'Silva",
            "avatar_template": "/user_avatar/discourse.onlinedegree.iitm.ac.in/carlton/{size}/56317_2.png",
            "primary_group_name": "ds-students",
            "flair_name": "ds-students",
            "flair_group_id": 294,
            "trust_level": 3
          }
        },
        {
          "extras": null,
          "description": "Frequent Poster",
          "user": {
            "id": 13078,
            "username": "Saransh_Saini",
            "name": "Saransh Saini",
            "avatar_template": "/user_avatar/discourse.onlinedegree.iitm.ac.in/saransh_saini/{size}/123495_2.png",
            "primary_group_name": "ds-students",
            "flair_name": "ds-students",
            "flair_group_id": 294,
            "trust_level": 1
          }
        },
        {
          "extras": "latest",
          "description": "Most Recent Poster",
          "user": {
            "id": 22259,
            "username": "satviksawhney",
            "name": "Satvik  Sawhney",
            "avatar_template": "/user_avatar/discourse.onlinedegree.iitm.ac.in/satviksawhney/{size}/66863_2.png",
            "primary_group_name": "ds-students",
            "flair_name": "ds-students",
            "flair_group_id": 294,
            "trust_level": 0
          }
        }
      ]
    },
    {
      "id": 158789,
      "title": "Getting score 2.5/2.5 in TDS PROJECT -2",
      "fancy_title": "Getting score 2.5/2.5 in TDS PROJECT -2",
      "slug": "getting-score-2-5-2-5-in-tds-project-2",
      "posts_count": 3,
      "reply_count": 0,
      "highest_post_number": 3,
      "image_url": "https://europe1.discourse-cdn.com/flex013/uploads/iitm/optimized/3X/2/f/2f9c838fc7e82eee805b88b0eb1d36b7bea44203_2_1024x310.png",
      "created_at": "2024-12-12T07:39:10.141Z",
      "last_posted_at": "2024-12-12T08:10:25.787Z",
      "bumped": true,
      "bumped_at": "2024-12-12T17:09:43.752Z",
      "archetype": "regular",
      "unseen": false,
      "pinned": false,
      "unpinned": null,
      "visible": true,
      "closed": false,
      "archived": false,
      "bookmarked": null,
      "liked": null,
      "tags": [
        "clarification",
        "diploma-level",
        "tds-project-2"
      ],
      "tags_descriptions": {},
      "like_count": 5,
      "views": 174,
      "category_id": 34,
      "featured_link": null,
      "has_accepted_answer": false,
      "posters": [
        {
          "extras": null,
          "description": "Original Poster",
          "user": {
            "id": 22137,
            "username": "itwasnotme",
            "name": "Rohit",
            "avatar_template": "/user_avatar/discourse.onlinedegree.iitm.ac.in/itwasnotme/{size}/68228_2.png",
            "primary_group_name": "ds-students",
            "flair_name": "ds-students",
            "flair_group_id": 294,
            "trust_level": 1
          }
        },
        {
          "extras": "latest",
          "description": "Most Recent Poster",
          "user": {
            "id": 933,
            "username": "Anand",
            "name": "Anand Iyer",
            "avatar_template": "/user_avatar/discourse.onlinedegree.iitm.ac.in/anand/{size}/1555_2.png",
            "primary_group_name": "ds-students",
            "flair_name": "ds-students",
            "flair_group_id": 294,
            "trust_level": 2
          }
        }
      ]
    },
    {
      "id": 171477,
      "title": "Project 1 Evaluation second mail is not correct and reports files missing while they are present",
      "fancy_title": "Project 1 Evaluation second mail is not correct and reports files missing while they are present",
      "slug": "project-1-evaluation-second-mail-is-not-correct-and-reports-files-missing-while-they-are-present",
      "posts_count": 12,
      "reply_count": 8,
      "highest_post_number": 13,
      "image_url": "https://europe1.discourse-cdn.com/flex013/uploads/iitm/optimized/3X/f/0/f001f7be7e533353ac4526f1cf9d82d4211ea6e1_2_1024x393.png",
      "created_at": "2025-04-01T03:38:04.214Z",
      "last_posted_at": "2025-04-29T15:19:06.622Z",
      "bumped": true,
      "bumped_at": "2025-04-29T15:19:06.622Z",
      "archetype": "regular",
      "unseen": false,
      "last_read_post_number": 4,
      "unread": 0,
      "new_posts": 0,
      "unread_posts": 0,
      "pinned": false,
      "unpinned": null,
      "visible": true,
      "closed": false,
      "archived": false,
      "notification_level": 1,
      "bookmarked": false,
      "liked": false,
      "tags": [
        "term1-2025",
        "tds-project-one"
      ],
      "tags_descriptions": {},
      "like_count": 3,
      "views": 153,
      "category_id": 34,
      "featured_link": null,
      "has_accepted_answer": true,
      "posters": [
        {
          "extras": null,
          "description": "Original Poster",
          "user": {
            "id": 15817,
            "username": "22f3001832",
            "name": "Aryan Kohli",
            "avatar_template": "/user_avatar/discourse.onlinedegree.iitm.ac.in/22f3001832/{size}/97892_2.png",
            "primary_group_name": "ds-students",
            "flair_name": "ds-students",
            "flair_group_id": 294,
            "trust_level": 1
          }
        },
        {
          "extras": null,
          "description": "Frequent Poster, Accepted Answer",
          "user": {
            "id": 16094,
            "username": "carlton",
            "name": "Carlton D'Silva",
            "avatar_template": "/user_avatar/discourse.onlinedegree.iitm.ac.in/carlton/{size}/56317_2.png",
            "primary_group_name": "ds-students",
            "flair_name": "ds-students",
            "flair_group_id": 294,
            "trust_level": 3
          }
        },
        {
          "extras": null,
          "description": "Frequent Poster",
          "user": {
            "id": 17654,
            "username": "23f2000345",
            "name": "Kshitij Pandey",
            "avatar_template": "/user_avatar/discourse.onlinedegree.iitm.ac.in/23f2000345/{size}/84315_2.png",
            "primary_group_name": "ds-students",
            "flair_name": "ds-students",
            "flair_group_id": 294,
            "trust_level": 1
          }
        },
        {
          "extras": null,
          "description": "Frequent Poster",
          "user": {
            "id": 32407,
            "username": "Sudhishnarayan",
            "name": "Sudhish Narayan S",
            "avatar_template": "/user_avatar/discourse.onlinedegree.iitm.ac.in/sudhishnarayan/{size}/66833_2.png",
            "primary_group_name": "ds-students",
            "flair_name": "ds-students",
            "flair_group_id": 294,
            "trust_level": 1
          }
        },
        {
          "extras": "latest",
          "description": "Most Recent Poster",
          "user": {
            "id": 15651,
            "username": "Jivraj",
            "name": "Jivraj Singh Shekhawat",
            "avatar_template": "https://avatars.discourse-cdn.com/v4/letter/j/b9bd4f/{size}.png",
            "primary_group_name": "ds-students",
            "flair_name": "ds-students",
            "flair_group_id": 294,
            "trust_level": 2
          }
        }
      ]
    },
    {
      "id": 154452,
      "title": "Bangalore:100",
      "fancy_title": "Bangalore:100",
      "slug": "bangalore-100",
      "posts_count": 6,
      "reply_count": 3,
      "highest_post_number": 6,
      "image_url": "https://europe1.discourse-cdn.com/flex013/uploads/iitm/optimized/3X/3/d/3d1477cf1b0826472c93ba5b2ded3db1a792ea3c_2_1024x170.png",
      "created_at": "2024-10-30T08:02:51.391Z",
      "last_posted_at": "2024-10-30T13:47:35.971Z",
      "bumped": true,
      "bumped_at": "2024-10-30T13:47:35.971Z",
      "archetype": "regular",
      "unseen": false,
      "pinned": false,
      "unpinned": null,
      "visible": true,
      "closed": false,
      "archived": false,
      "bookmarked": null,
      "liked": null,
      "tags": [
        "clarification"
      ],
      "tags_descriptions": {},
      "like_count": 1,
      "views": 50,
      "category_id": 34,
      "featured_link": null,
      "has_accepted_answer": false,
      "posters": [
        {
          "extras": null,
          "description": "Original Poster",
          "user": {
            "id": 17066,
            "username": "23f1000966",
            "name": "Aryan Thakur",
            "avatar_template": "/user_avatar/discourse.onlinedegree.iitm.ac.in/23f1000966/{size}/67154_2.png",
            "primary_group_name": "ds-students",
            "flair_name": "ds-students",
            "flair_group_id": 294,
            "trust_level": 1
          }
        },
        {
          "extras": null,
          "description": "Frequent Poster",
          "user": {
            "id": 40077,
            "username": "24ds3000100",
            "name": "Bahni Roy",
            "avatar_template": "/user_avatar/discourse.onlinedegree.iitm.ac.in/24ds3000100/{size}/113366_2.png",
            "primary_group_name": "ds-students",
            "flair_name": "ds-students",
            "flair_group_id": 294,
            "trust_level": 1
          }
        },
        {
          "extras": null,
          "description": "Frequent Poster",
          "user": {
            "id": 24024,
            "username": "23ds3000248",
            "name": "Bhavin",
            "avatar_template": "/user_avatar/discourse.onlinedegree.iitm.ac.in/23ds3000248/{size}/68154_2.png",
            "primary_group_name": "ds-students",
            "flair_name": "ds-students",
            "flair_group_id": 294,
            "trust_level": 1
          }
        },
        {
          "extras": "latest",
          "description": "Most Recent Poster",
          "user": {
            "id": 15651,
            "username": "Jivraj",
            "name": "Jivraj Singh Shekhawat",
            "avatar_template": "https://avatars.discourse-cdn.com/v4/letter/j/b9bd4f/{size}.png",
            "primary_group_name": "ds-students",
            "flair_name": "ds-students",
            "flair_group_id": 294,
            "trust_level": 2
          }
        }
      ]
    }
  ],
  "summarizable": false,
  "valid_reactions": [
    "heart",
    "+1",
    "laughing",
    "open_mouth",
    "clap",
    "confetti_ball",
    "rocket",
    "-1"
  ],
  "can_vote": false,
  "vote_count": 0,
  "user_voted": false,
  "discourse_zendesk_plugin_zendesk_id": null,
  "discourse_zendesk_plugin_zendesk_url": "https://your-url.zendesk.com/agent/tickets/",
  "details": {
    "can_edit": false,
    "notification_level": 1,
    "can_create_post": true,
    "can_reply_as_new_topic": true,
    "can_flag_topic": true,
    "participants": [
      {
        "id": 22282,
        "username": "virajpitale",
        "name": "Viraj Pitale",
        "avatar_template": "/user_avatar/discourse.onlinedegree.iitm.ac.in/virajpitale/{size}/67267_2.png",
        "post_count": 4,
        "primary_group_name": "ds-students",
        "flair_name": "ds-students",
        "flair_url": null,
        "flair_color": "",
        "flair_bg_color": "",
        "flair_group_id": 294,
        "trust_level": 1
      },
      {
        "id": 15651,
        "username": "Jivraj",
        "name": "Jivraj Singh Shekhawat",
        "avatar_template": "https://avatars.discourse-cdn.com/v4/letter/j/b9bd4f/{size}.png",
        "post_count": 1,
        "primary_group_name": "ds-students",
        "flair_name": "ds-students",
        "flair_url": null,
        "flair_color": "",
        "flair_bg_color": "",
        "flair_group_id": 294,
        "trust_level": 2
      }
    ],
    "created_by": {
      "id": 22282,
      "username": "virajpitale",
      "name": "Viraj Pitale",
      "avatar_template": "/user_avatar/discourse.onlinedegree.iitm.ac.in/virajpitale/{size}/67267_2.png"
    },
    "last_poster": {
      "id": 22282,
      "username": "virajpitale",
      "name": "Viraj Pitale",
      "avatar_template": "/user_avatar/discourse.onlinedegree.iitm.ac.in/virajpitale/{size}/67267_2.png"
    },
    "links": [
      {
        "url": "https://github.com/virajpitale/tds-project1",
        "title": "GitHub - virajpitale/tds-project1",
        "internal": false,
        "attachment": false,
        "reflection": false,
        "clicks": 4,
        "user_id": 22282,
        "domain": "github.com",
        "root_domain": "github.com"
      }
    ]
  },
  "pending_posts": [],
  "bookmarks": []
}