{
  "post_stream": {
    "posts": [
      {
        "id": 614265,
        "name": "Aashutosh",
        "username": "22f2000644",
        "avatar_template": "/user_avatar/discourse.onlinedegree.iitm.ac.in/22f2000644/{size}/119958_2.png",
        "created_at": "2025-04-01T13:11:54.500Z",
        "cooked": "<p><a class=\"mention\" href=\"/u/carlton\">@carlton</a> Sir, I want to clarify something about the peer grading process. Some of the files of the student assigned to me are not accessble and others are missing. How am I to grade each thing? From what I understand analysis must be graded based on the shared files but if im not able to access them what should I do? I think requesting view access might violate the spirit of the grading exercise.</p>\n<p>Please help me out on what to do. Thanks.</p>\n<p><div class=\"lightbox-wrapper\"><a class=\"lightbox\" href=\"https://europe1.discourse-cdn.com/flex013/uploads/iitm/original/3X/8/f/8fdfb4efc5210f5bc95e4ad37f87e11e7e9a0d6d.png\" data-download-href=\"/uploads/short-url/kwLzcNZcZxPnMbA5nbTFwHehgId.png?dl=1\" title=\"image\" rel=\"noopener nofollow ugc\"><img src=\"https://europe1.discourse-cdn.com/flex013/uploads/iitm/optimized/3X/8/f/8fdfb4efc5210f5bc95e4ad37f87e11e7e9a0d6d_2_690x454.png\" alt=\"image\" data-base62-sha1=\"kwLzcNZcZxPnMbA5nbTFwHehgId\" width=\"690\" height=\"454\" srcset=\"https://europe1.discourse-cdn.com/flex013/uploads/iitm/optimized/3X/8/f/8fdfb4efc5210f5bc95e4ad37f87e11e7e9a0d6d_2_690x454.png, https://europe1.discourse-cdn.com/flex013/uploads/iitm/optimized/3X/8/f/8fdfb4efc5210f5bc95e4ad37f87e11e7e9a0d6d_2_1035x681.png 1.5x, https://europe1.discourse-cdn.com/flex013/uploads/iitm/optimized/3X/8/f/8fdfb4efc5210f5bc95e4ad37f87e11e7e9a0d6d_2_1380x908.png 2x\" data-dominant-color=\"F5F7F7\"><div class=\"meta\"><svg class=\"fa d-icon d-icon-far-image svg-icon\" aria-hidden=\"true\"><use href=\"#far-image\"></use></svg><span class=\"filename\">image</span><span class=\"informations\">1756×1156 149 KB</span><svg class=\"fa d-icon d-icon-discourse-expand svg-icon\" aria-hidden=\"true\"><use href=\"#discourse-expand\"></use></svg></div></a></div></p>\n<p>Upon checking further, in the assignment we were asked only to share access with se2002@study.iitm.ac.in . So I think all of us might have this issue. what do we do?</p>\n<p><div class=\"lightbox-wrapper\"><a class=\"lightbox\" href=\"https://europe1.discourse-cdn.com/flex013/uploads/iitm/original/3X/e/9/e92fa66a961cb1598b0688b555bf957e1e054f4e.png\" data-download-href=\"/uploads/short-url/xgRl6wcmCvebUPvkdlO9tmHvCFg.png?dl=1\" title=\"image\" rel=\"noopener nofollow ugc\"><img src=\"https://europe1.discourse-cdn.com/flex013/uploads/iitm/optimized/3X/e/9/e92fa66a961cb1598b0688b555bf957e1e054f4e_2_690x106.png\" alt=\"image\" data-base62-sha1=\"xgRl6wcmCvebUPvkdlO9tmHvCFg\" width=\"690\" height=\"106\" srcset=\"https://europe1.discourse-cdn.com/flex013/uploads/iitm/optimized/3X/e/9/e92fa66a961cb1598b0688b555bf957e1e054f4e_2_690x106.png, https://europe1.discourse-cdn.com/flex013/uploads/iitm/optimized/3X/e/9/e92fa66a961cb1598b0688b555bf957e1e054f4e_2_1035x159.png 1.5x, https://europe1.discourse-cdn.com/flex013/uploads/iitm/original/3X/e/9/e92fa66a961cb1598b0688b555bf957e1e054f4e.png 2x\" data-dominant-color=\"ECEDEE\"><div class=\"meta\"><svg class=\"fa d-icon d-icon-far-image svg-icon\" aria-hidden=\"true\"><use href=\"#far-image\"></use></svg><span class=\"filename\">image</span><span class=\"informations\">1260×194 29.4 KB</span><svg class=\"fa d-icon d-icon-discourse-expand svg-icon\" aria-hidden=\"true\"><use href=\"#discourse-expand\"></use></svg></div></a></div></p>",
        "post_number": 1,
        "post_type": 1,
        "posts_count": 1,
        "updated_at": "2025-04-01T13:15:28.248Z",
        "reply_count": 0,
        "reply_to_post_number": null,
        "quote_count": 0,
        "incoming_link_count": 0,
        "reads": 18,
        "readers_count": 17,
        "score": 3.2,
        "yours": false,
        "topic_id": 171515,
        "topic_slug": "ga7-peer-grading-clarification",
        "display_username": "Aashutosh",
        "primary_group_name": "ds-students",
        "flair_name": "ds-students",
        "flair_url": null,
        "flair_bg_color": "",
        "flair_color": "",
        "flair_group_id": 294,
        "badges_granted": [],
        "version": 2,
        "can_edit": false,
        "can_delete": false,
        "can_recover": false,
        "can_see_hidden_post": false,
        "can_wiki": false,
        "read": false,
        "user_title": null,
        "bookmarked": false,
        "actions_summary": [
          {
            "id": 2,
            "can_act": true
          },
          {
            "id": 6,
            "can_act": true
          },
          {
            "id": 3,
            "can_act": true
          },
          {
            "id": 4,
            "can_act": true
          },
          {
            "id": 8,
            "can_act": true
          },
          {
            "id": 10,
            "can_act": true
          },
          {
            "id": 7,
            "can_act": true
          }
        ],
        "moderator": false,
        "admin": false,
        "staff": false,
        "user_id": 14423,
        "hidden": false,
        "trust_level": 1,
        "deleted_at": null,
        "user_deleted": false,
        "edit_reason": null,
        "can_view_edit_history": true,
        "wiki": false,
        "post_url": "/t/ga7-peer-grading-clarification/171515/1",
        "user_cakedate": "2022-09-05",
        "reactions": [],
        "current_user_reaction": null,
        "reaction_users_count": 0,
        "current_user_used_main_reaction": false,
        "can_accept_answer": false,
        "can_unaccept_answer": false,
        "accepted_answer": false,
        "topic_accepted_answer": null,
        "can_vote": false
      }
    ],
    "stream": [
      614265
    ]
  },
  "timeline_lookup": [
    [
      1,
      60
    ]
  ],
  "suggested_topics": [
    {
      "id": 173524,
      "title": "GA1 - Development Tools - Discussion Thread [TDS May 2025]",
      "fancy_title": "GA1 - Development Tools - Discussion Thread [TDS May 2025]",
      "slug": "ga1-development-tools-discussion-thread-tds-may-2025",
      "posts_count": 80,
      "reply_count": 51,
      "highest_post_number": 85,
      "image_url": null,
      "created_at": "2025-05-01T11:39:00.734Z",
      "last_posted_at": "2025-05-31T15:34:18.368Z",
      "bumped": true,
      "bumped_at": "2025-05-31T15:34:18.368Z",
      "archetype": "regular",
      "unseen": false,
      "last_read_post_number": 82,
      "unread": 0,
      "new_posts": 3,
      "unread_posts": 3,
      "pinned": false,
      "unpinned": null,
      "visible": true,
      "closed": false,
      "archived": false,
      "notification_level": 2,
      "bookmarked": false,
      "liked": false,
      "tags": [
        "term2-2025",
        "graded-assignment"
      ],
      "tags_descriptions": {},
      "like_count": 25,
      "views": 1155,
      "category_id": 34,
      "featured_link": null,
      "has_accepted_answer": false,
      "posters": [
        {
          "extras": null,
          "description": "Original Poster",
          "user": {
            "id": 9419,
            "username": "s.anand",
            "name": "Anand S",
            "avatar_template": "/user_avatar/discourse.onlinedegree.iitm.ac.in/s.anand/{size}/15264_2.png",
            "primary_group_name": "faculty",
            "flair_name": "faculty",
            "flair_url": "chalkboard-user",
            "flair_bg_color": "f2c26e",
            "flair_color": "000",
            "flair_group_id": 54,
            "trust_level": 4
          }
        },
        {
          "extras": null,
          "description": "Frequent Poster",
          "user": {
            "id": 22472,
            "username": "Advaith52",
            "name": "Advaith Sanil Kumar",
            "avatar_template": "/user_avatar/discourse.onlinedegree.iitm.ac.in/advaith52/{size}/67172_2.png",
            "primary_group_name": "ds-students",
            "flair_name": "ds-students",
            "flair_group_id": 294,
            "trust_level": 1
          }
        },
        {
          "extras": null,
          "description": "Frequent Poster",
          "user": {
            "id": 16094,
            "username": "carlton",
            "name": "Carlton D'Silva",
            "avatar_template": "/user_avatar/discourse.onlinedegree.iitm.ac.in/carlton/{size}/56317_2.png",
            "primary_group_name": "ds-students",
            "flair_name": "ds-students",
            "flair_group_id": 294,
            "trust_level": 3
          }
        },
        {
          "extras": null,
          "description": "Frequent Poster",
          "user": {
            "id": 15658,
            "username": "HritikRoshan_HRM",
            "name": "HRITIK ROSHAN MAURYA",
            "avatar_template": "/user_avatar/discourse.onlinedegree.iitm.ac.in/hritikroshan_hrm/{size}/66975_2.png",
            "primary_group_name": "ds-students",
            "flair_name": "ds-students",
            "flair_group_id": 294,
            "trust_level": 1
          }
        },
        {
          "extras": "latest",
          "description": "Most Recent Poster",
          "user": {
            "id": 12914,
            "username": "iAnimeshS",
            "name": "Animesh",
            "avatar_template": "/user_avatar/discourse.onlinedegree.iitm.ac.in/ianimeshs/{size}/12415_2.png",
            "primary_group_name": "ds-students",
            "flair_name": "ds-students",
            "flair_group_id": 294,
            "trust_level": 1
          }
        }
      ]
    },
    {
      "id": 176789,
      "title": "Vercel deployement error",
      "fancy_title": "Vercel deployement error",
      "slug": "vercel-deployement-error",
      "posts_count": 1,
      "reply_count": 0,
      "highest_post_number": 1,
      "image_url": null,
      "created_at": "2025-05-31T11:55:22.507Z",
      "last_posted_at": "2025-05-31T11:55:22.708Z",
      "bumped": true,
      "bumped_at": "2025-05-31T11:55:22.708Z",
      "archetype": "regular",
      "unseen": true,
      "pinned": false,
      "unpinned": null,
      "visible": true,
      "closed": false,
      "archived": false,
      "bookmarked": null,
      "liked": null,
      "tags": [
        "diploma-level",
        "term2-2025"
      ],
      "tags_descriptions": {},
      "like_count": 0,
      "views": 9,
      "category_id": 34,
      "featured_link": null,
      "has_accepted_answer": false,
      "posters": [
        {
          "extras": "latest single",
          "description": "Original Poster, Most Recent Poster",
          "user": {
            "id": 25506,
            "username": "23f3003724",
            "name": "Vedika Gupta",
            "avatar_template": "/user_avatar/discourse.onlinedegree.iitm.ac.in/23f3003724/{size}/68806_2.png",
            "primary_group_name": "ds-students",
            "flair_name": "ds-students",
            "flair_group_id": 294,
            "trust_level": 1
          }
        }
      ]
    }
  ],
  "tags": [
    "clarification"
  ],
  "tags_descriptions": {},
  "id": 171515,
  "title": "GA7: Peer Grading Clarification",
  "fancy_title": "GA7: Peer Grading Clarification",
  "posts_count": 1,
  "created_at": "2025-04-01T13:11:54.250Z",
  "views": 19,
  "reply_count": 0,
  "like_count": 0,
  "last_posted_at": "2025-04-01T13:11:54.500Z",
  "visible": true,
  "closed": false,
  "archived": false,
  "has_summary": false,
  "archetype": "regular",
  "slug": "ga7-peer-grading-clarification",
  "category_id": 34,
  "word_count": 126,
  "deleted_at": null,
  "user_id": 14423,
  "featured_link": null,
  "pinned_globally": false,
  "pinned_at": null,
  "pinned_until": null,
  "image_url": "https://europe1.discourse-cdn.com/flex013/uploads/iitm/optimized/3X/8/f/8fdfb4efc5210f5bc95e4ad37f87e11e7e9a0d6d_2_1024x674.png",
  "slow_mode_seconds": 0,
  "draft": null,
  "draft_key": "topic_171515",
  "draft_sequence": 0,
  "unpinned": null,
  "pinned": false,
  "current_post_number": 1,
  "highest_post_number": 1,
  "deleted_by": null,
  "actions_summary": [
    {
      "id": 4,
      "count": 0,
      "hidden": false,
      "can_act": true
    },
    {
      "id": 8,
      "count": 0,
      "hidden": false,
      "can_act": true
    },
    {
      "id": 10,
      "count": 0,
      "hidden": false,
      "can_act": true
    },
    {
      "id": 7,
      "count": 0,
      "hidden": false,
      "can_act": true
    }
  ],
  "chunk_size": 20,
  "bookmarked": false,
  "topic_timer": null,
  "message_bus_last_id": 0,
  "participant_count": 1,
  "show_read_indicator": false,
  "thumbnails": [
    {
      "max_width": null,
      "max_height": null,
      "width": 1756,
      "height": 1156,
      "url": "https://europe1.discourse-cdn.com/flex013/uploads/iitm/original/3X/8/f/8fdfb4efc5210f5bc95e4ad37f87e11e7e9a0d6d.png"
    },
    {
      "max_width": 1024,
      "max_height": 1024,
      "width": 1024,
      "height": 674,
      "url": "https://europe1.discourse-cdn.com/flex013/uploads/iitm/optimized/3X/8/f/8fdfb4efc5210f5bc95e4ad37f87e11e7e9a0d6d_2_1024x674.png"
    }
  ],
  "slow_mode_enabled_until": null,
  "tags_disable_ads": false,
  "related_topics": [
    {
      "id": 141190,
      "title": "Peer review pf project 1",
      "fancy_title": "Peer review pf project 1",
      "slug": "peer-review-pf-project-1",
      "posts_count": 3,
      "reply_count": 0,
      "highest_post_number": 3,
      "image_url": null,
      "created_at": "2024-07-27T10:22:25.468Z",
      "last_posted_at": "2024-07-31T03:32:14.355Z",
      "bumped": true,
      "bumped_at": "2024-07-31T03:32:14.355Z",
      "archetype": "regular",
      "unseen": false,
      "pinned": false,
      "unpinned": null,
      "visible": true,
      "closed": false,
      "archived": false,
      "bookmarked": null,
      "liked": null,
      "tags": [
        "clarification"
      ],
      "tags_descriptions": {},
      "like_count": 0,
      "views": 70,
      "category_id": 34,
      "featured_link": null,
      "has_accepted_answer": false,
      "posters": [
        {
          "extras": null,
          "description": "Original Poster",
          "user": {
            "id": 24342,
            "username": "23ds3000226",
            "name": "Srirag S",
            "avatar_template": "/user_avatar/discourse.onlinedegree.iitm.ac.in/23ds3000226/{size}/66937_2.png",
            "primary_group_name": "ds-students",
            "flair_name": "ds-students",
            "flair_group_id": 294,
            "trust_level": 1
          }
        },
        {
          "extras": "latest",
          "description": "Most Recent Poster",
          "user": {
            "id": 16094,
            "username": "carlton",
            "name": "Carlton D'Silva",
            "avatar_template": "/user_avatar/discourse.onlinedegree.iitm.ac.in/carlton/{size}/56317_2.png",
            "primary_group_name": "ds-students",
            "flair_name": "ds-students",
            "flair_group_id": 294,
            "trust_level": 3
          }
        }
      ]
    },
    {
      "id": 136212,
      "title": "Clarification in GA3",
      "fancy_title": "Clarification in GA3",
      "slug": "clarification-in-ga3",
      "posts_count": 2,
      "reply_count": 1,
      "highest_post_number": 2,
      "image_url": null,
      "created_at": "2024-06-24T04:41:45.145Z",
      "last_posted_at": "2024-06-24T09:24:36.600Z",
      "bumped": true,
      "bumped_at": "2024-06-24T10:37:10.814Z",
      "archetype": "regular",
      "unseen": false,
      "pinned": false,
      "unpinned": null,
      "visible": true,
      "closed": false,
      "archived": false,
      "bookmarked": null,
      "liked": null,
      "tags": [
        "clarification",
        "graded-assignment"
      ],
      "tags_descriptions": {},
      "like_count": 1,
      "views": 40,
      "category_id": 34,
      "featured_link": null,
      "has_accepted_answer": false,
      "posters": [
        {
          "extras": null,
          "description": "Original Poster",
          "user": {
            "id": 22407,
            "username": "23f2003787",
            "name": "Delvin.V",
            "avatar_template": "/user_avatar/discourse.onlinedegree.iitm.ac.in/23f2003787/{size}/66878_2.png",
            "primary_group_name": "ds-students",
            "flair_name": "ds-students",
            "flair_group_id": 294,
            "trust_level": 1
          }
        },
        {
          "extras": "latest",
          "description": "Most Recent Poster",
          "user": {
            "id": 9419,
            "username": "s.anand",
            "name": "Anand S",
            "avatar_template": "/user_avatar/discourse.onlinedegree.iitm.ac.in/s.anand/{size}/15264_2.png",
            "primary_group_name": "faculty",
            "flair_name": "faculty",
            "flair_url": "chalkboard-user",
            "flair_bg_color": "f2c26e",
            "flair_color": "000",
            "flair_group_id": 54,
            "trust_level": 4
          }
        }
      ]
    },
    {
      "id": 171541,
      "title": "Peer review clarificaiton",
      "fancy_title": "Peer review clarificaiton",
      "slug": "peer-review-clarificaiton",
      "posts_count": 5,
      "reply_count": 0,
      "highest_post_number": 5,
      "image_url": null,
      "created_at": "2025-04-01T17:58:36.436Z",
      "last_posted_at": "2025-04-04T05:37:33.980Z",
      "bumped": true,
      "bumped_at": "2025-04-04T05:37:33.980Z",
      "archetype": "regular",
      "unseen": false,
      "pinned": false,
      "unpinned": null,
      "visible": true,
      "closed": false,
      "archived": false,
      "bookmarked": null,
      "liked": null,
      "tags": [
        "clarification"
      ],
      "tags_descriptions": {},
      "like_count": 0,
      "views": 85,
      "category_id": 34,
      "featured_link": null,
      "has_accepted_answer": false,
      "posters": [
        {
          "extras": null,
          "description": "Original Poster",
          "user": {
            "id": 31621,
            "username": "AbhinavOhri",
            "name": "Abhinav",
            "avatar_template": "/user_avatar/discourse.onlinedegree.iitm.ac.in/abhinavohri/{size}/66966_2.png",
            "primary_group_name": "ds-students",
            "flair_name": "ds-students",
            "flair_group_id": 294,
            "trust_level": 1
          }
        },
        {
          "extras": null,
          "description": "Frequent Poster",
          "user": {
            "id": 26538,
            "username": "parthivn28",
            "name": "Parthiv",
            "avatar_template": "/user_avatar/discourse.onlinedegree.iitm.ac.in/parthivn28/{size}/132632_2.png",
            "primary_group_name": "ds-students",
            "flair_name": "ds-students",
            "flair_group_id": 294,
            "trust_level": 1
          }
        },
        {
          "extras": null,
          "description": "Frequent Poster",
          "user": {
            "id": 16094,
            "username": "carlton",
            "name": "Carlton D'Silva",
            "avatar_template": "/user_avatar/discourse.onlinedegree.iitm.ac.in/carlton/{size}/56317_2.png",
            "primary_group_name": "ds-students",
            "flair_name": "ds-students",
            "flair_group_id": 294,
            "trust_level": 3
          }
        },
        {
          "extras": null,
          "description": "Frequent Poster",
          "user": {
            "id": 26889,
            "username": "_Riddhi",
            "name": "Riddhi Chatterjee",
            "avatar_template": "/user_avatar/discourse.onlinedegree.iitm.ac.in/_riddhi/{size}/67270_2.png",
            "primary_group_name": "ds-students",
            "flair_name": "ds-students",
            "flair_group_id": 294,
            "trust_level": 1
          }
        },
        {
          "extras": "latest",
          "description": "Most Recent Poster",
          "user": {
            "id": 15817,
            "username": "22f3001832",
            "name": "Aryan Kohli",
            "avatar_template": "/user_avatar/discourse.onlinedegree.iitm.ac.in/22f3001832/{size}/97892_2.png",
            "primary_group_name": "ds-students",
            "flair_name": "ds-students",
            "flair_group_id": 294,
            "trust_level": 1
          }
        }
      ]
    },
    {
      "id": 123971,
      "title": "Inability to access chart",
      "fancy_title": "Inability to access chart",
      "slug": "inability-to-access-chart",
      "posts_count": 1,
      "reply_count": 0,
      "highest_post_number": 1,
      "image_url": null,
      "created_at": "2024-03-14T14:21:13.513Z",
      "last_posted_at": "2024-03-14T14:21:13.672Z",
      "bumped": true,
      "bumped_at": "2024-03-14T14:21:13.672Z",
      "archetype": "regular",
      "unseen": false,
      "pinned": false,
      "unpinned": null,
      "visible": true,
      "closed": false,
      "archived": false,
      "bookmarked": null,
      "liked": null,
      "tags": [
        "clarification",
        "diploma-level"
      ],
      "tags_descriptions": {},
      "like_count": 0,
      "views": 25,
      "category_id": 34,
      "featured_link": null,
      "has_accepted_answer": false,
      "posters": [
        {
          "extras": "latest single",
          "description": "Original Poster, Most Recent Poster",
          "user": {
            "id": 23748,
            "username": "Unnathi",
            "name": "Unnathi Elizabeth Thomas",
            "avatar_template": "https://avatars.discourse-cdn.com/v4/letter/u/c6cbf5/{size}.png",
            "primary_group_name": "ds-students",
            "flair_name": "ds-students",
            "flair_group_id": 294,
            "trust_level": 0
          }
        }
      ]
    },
    {
      "id": 31899,
      "title": "Graded Assignments Question 8-10",
      "fancy_title": "Graded Assignments Question 8-10",
      "slug": "graded-assignments-question-8-10",
      "posts_count": 5,
      "reply_count": 2,
      "highest_post_number": 5,
      "image_url": "https://europe1.discourse-cdn.com/flex013/uploads/iitm/optimized/3X/4/d/4d01ffc08d64bf4edd71791398a4c51ba2880178_2_1023x260.png",
      "created_at": "2022-02-02T04:11:28.640Z",
      "last_posted_at": "2022-02-06T08:45:55.545Z",
      "bumped": true,
      "bumped_at": "2022-02-06T08:45:55.545Z",
      "archetype": "regular",
      "unseen": false,
      "pinned": false,
      "unpinned": null,
      "visible": true,
      "closed": false,
      "archived": false,
      "bookmarked": null,
      "liked": null,
      "tags": [
        "week-6"
      ],
      "tags_descriptions": {},
      "like_count": 5,
      "views": 112,
      "category_id": 34,
      "featured_link": null,
      "has_accepted_answer": true,
      "posters": [
        {
          "extras": null,
          "description": "Original Poster",
          "user": {
            "id": 529,
            "username": "biswasabhik999",
            "name": "Abhik Biswas",
            "avatar_template": "/user_avatar/discourse.onlinedegree.iitm.ac.in/biswasabhik999/{size}/169_2.png",
            "primary_group_name": "ds-students",
            "flair_name": "ds-students",
            "flair_group_id": 294,
            "trust_level": 2
          }
        },
        {
          "extras": null,
          "description": "Frequent Poster, Accepted Answer",
          "user": {
            "id": 6142,
            "username": "Dixon",
            "name": "Dixon",
            "avatar_template": "/user_avatar/discourse.onlinedegree.iitm.ac.in/dixon/{size}/1027_2.png",
            "trust_level": 1
          }
        },
        {
          "extras": null,
          "description": "Frequent Poster",
          "user": {
            "id": 99,
            "username": "Naveen",
            "name": "Naveen",
            "avatar_template": "/user_avatar/discourse.onlinedegree.iitm.ac.in/naveen/{size}/22538_2.png",
            "primary_group_name": "ds-students",
            "flair_name": "ds-students",
            "flair_group_id": 294,
            "trust_level": 1
          }
        },
        {
          "extras": "latest",
          "description": "Most Recent Poster",
          "user": {
            "id": 8708,
            "username": "21f1000067",
            "name": "Mayur Kuhate",
            "avatar_template": "/user_avatar/discourse.onlinedegree.iitm.ac.in/21f1000067/{size}/13152_2.png",
            "primary_group_name": "ds-students",
            "flair_name": "ds-students",
            "flair_group_id": 294,
            "trust_level": 1
          }
        }
      ]
    }
  ],
  "summarizable": false,
  "valid_reactions": [
    "heart",
    "+1",
    "laughing",
    "open_mouth",
    "clap",
    "confetti_ball",
    "rocket",
    "-1"
  ],
  "can_vote": false,
  "vote_count": 0,
  "user_voted": false,
  "discourse_zendesk_plugin_zendesk_id": null,
  "discourse_zendesk_plugin_zendesk_url": "https://your-url.zendesk.com/agent/tickets/",
  "details": {
    "can_edit": false,
    "notification_level": 1,
    "can_create_post": true,
    "can_reply_as_new_topic": true,
    "can_flag_topic": true,
    "participants": [
      {
        "id": 14423,
        "username": "22f2000644",
        "name": "Aashutosh",
        "avatar_template": "/user_avatar/discourse.onlinedegree.iitm.ac.in/22f2000644/{size}/119958_2.png",
        "post_count": 1,
        "primary_group_name": "ds-students",
        "flair_name": "ds-students",
        "flair_url": null,
        "flair_color": "",
        "flair_bg_color": "",
        "flair_group_id": 294,
        "trust_level": 1
      }
    ],
    "created_by": {
      "id": 14423,
      "username": "22f2000644",
      "name": "Aashutosh",
      "avatar_template": "/user_avatar/discourse.onlinedegree.iitm.ac.in/22f2000644/{size}/119958_2.png"
    },
    "last_poster": {
      "id": 14423,
      "username": "22f2000644",
      "name": "Aashutosh",
      "avatar_template": "/user_avatar/discourse.onlinedegree.iitm.ac.in/22f2000644/{size}/119958_2.png"
    }
  },
  "pending_posts": [],
  "bookmarks": []
}