{
  "post_stream": {
    "posts": [
      {
        "id": 592250,
        "name": "SAKSHI PATHAK",
        "username": "Sakshi6479",
        "avatar_template": "/user_avatar/discourse.onlinedegree.iitm.ac.in/sakshi6479/{size}/110446_2.png",
        "created_at": "2025-02-08T17:32:11.546Z",
        "cooked": "<p>Sir,<br>\nI have facing lots of difficulties in assignments and it was taking alot of time to solve a single assignment, so please extend the deadline for project 1 as it contains more weightage and it required more time to solve it.<br>\nPlease kindly consider my request, as I am from non-technical background it is taking most of the time of a week because of which other Courses are suffering.<br>\n<a class=\"mention\" href=\"/u/carlton\">@carlton</a> , <a class=\"mention\" href=\"/u/jivraj\">@Jivraj</a> , <a class=\"mention\" href=\"/u/saransh_saini\">@Saransh_Saini</a></p>",
        "post_number": 1,
        "post_type": 1,
        "posts_count": 4,
        "updated_at": "2025-02-17T19:01:47.243Z",
        "reply_count": 0,
        "reply_to_post_number": null,
        "quote_count": 0,
        "incoming_link_count": 1,
        "reads": 72,
        "readers_count": 71,
        "score": 123.8,
        "yours": false,
        "topic_id": 166593,
        "topic_slug": "for-project-1",
        "display_username": "SAKSHI PATHAK",
        "primary_group_name": "ds-students",
        "flair_name": "ds-students",
        "flair_url": null,
        "flair_bg_color": "",
        "flair_color": "",
        "flair_group_id": 294,
        "badges_granted": [],
        "version": 2,
        "can_edit": false,
        "can_delete": false,
        "can_recover": false,
        "can_see_hidden_post": false,
        "can_wiki": false,
        "read": false,
        "user_title": null,
        "bookmarked": false,
        "actions_summary": [
          {
            "id": 2,
            "count": 7,
            "can_act": true
          },
          {
            "id": 6,
            "can_act": true
          },
          {
            "id": 3,
            "can_act": true
          },
          {
            "id": 4,
            "can_act": true
          },
          {
            "id": 8,
            "can_act": true
          },
          {
            "id": 10,
            "can_act": true
          },
          {
            "id": 7,
            "can_act": true
          }
        ],
        "moderator": false,
        "admin": false,
        "staff": false,
        "user_id": 40000,
        "hidden": false,
        "trust_level": 1,
        "deleted_at": null,
        "user_deleted": false,
        "edit_reason": null,
        "can_view_edit_history": true,
        "wiki": false,
        "post_url": "/t/for-project-1/166593/1",
        "user_cakedate": "2024-10-04",
        "reactions": [
          {
            "id": "heart",
            "type": "emoji",
            "count": 7
          }
        ],
        "current_user_reaction": null,
        "reaction_users_count": 7,
        "current_user_used_main_reaction": false,
        "can_accept_answer": false,
        "can_unaccept_answer": false,
        "accepted_answer": false,
        "topic_accepted_answer": null,
        "can_vote": false
      },
      {
        "id": 592370,
        "name": "Tanya kamboj",
        "username": "21f3000745",
        "avatar_template": "/user_avatar/discourse.onlinedegree.iitm.ac.in/21f3000745/{size}/638_2.png",
        "created_at": "2025-02-09T05:54:18.931Z",
        "cooked": "<p>yes sir , most of the time goes in solving assignment as it takes a lot of time. o please extend the date of project1.</p>",
        "post_number": 2,
        "post_type": 1,
        "posts_count": 4,
        "updated_at": "2025-02-09T05:54:18.931Z",
        "reply_count": 0,
        "reply_to_post_number": null,
        "quote_count": 0,
        "incoming_link_count": 0,
        "reads": 61,
        "readers_count": 60,
        "score": 11.6,
        "yours": false,
        "topic_id": 166593,
        "topic_slug": "for-project-1",
        "display_username": "Tanya kamboj",
        "primary_group_name": "ds-students",
        "flair_name": "ds-students",
        "flair_url": null,
        "flair_bg_color": "",
        "flair_color": "",
        "flair_group_id": 294,
        "badges_granted": [],
        "version": 1,
        "can_edit": false,
        "can_delete": false,
        "can_recover": false,
        "can_see_hidden_post": false,
        "can_wiki": false,
        "read": false,
        "user_title": null,
        "bookmarked": false,
        "actions_summary": [
          {
            "id": 2,
            "can_act": true
          },
          {
            "id": 6,
            "can_act": true
          },
          {
            "id": 3,
            "can_act": true
          },
          {
            "id": 4,
            "can_act": true
          },
          {
            "id": 8,
            "can_act": true
          },
          {
            "id": 10,
            "can_act": true
          },
          {
            "id": 7,
            "can_act": true
          }
        ],
        "moderator": false,
        "admin": false,
        "staff": false,
        "user_id": 7742,
        "hidden": false,
        "trust_level": 1,
        "deleted_at": null,
        "user_deleted": false,
        "edit_reason": null,
        "can_view_edit_history": true,
        "wiki": false,
        "post_url": "/t/for-project-1/166593/2",
        "user_cakedate": "2021-10-08",
        "reactions": [],
        "current_user_reaction": null,
        "reaction_users_count": 0,
        "current_user_used_main_reaction": false,
        "can_accept_answer": false,
        "can_unaccept_answer": false,
        "accepted_answer": false,
        "topic_accepted_answer": null
      },
      {
        "id": 593677,
        "name": "SAKSHI PATHAK",
        "username": "Sakshi6479",
        "avatar_template": "/user_avatar/discourse.onlinedegree.iitm.ac.in/sakshi6479/{size}/110446_2.png",
        "created_at": "2025-02-10T19:48:36.686Z",
        "cooked": "<p>Sir , kindly extend the deadline for project 1 .<br>\n<a class=\"mention\" href=\"/u/carlton\">@carlton</a> , <a class=\"mention\" href=\"/u/jivraj\">@Jivraj</a> , <a class=\"mention\" href=\"/u/saransh_saini\">@Saransh_Saini</a></p>",
        "post_number": 3,
        "post_type": 1,
        "posts_count": 4,
        "updated_at": "2025-02-10T19:48:36.686Z",
        "reply_count": 0,
        "reply_to_post_number": null,
        "quote_count": 0,
        "incoming_link_count": 0,
        "reads": 52,
        "readers_count": 51,
        "score": 9.8,
        "yours": false,
        "topic_id": 166593,
        "topic_slug": "for-project-1",
        "display_username": "SAKSHI PATHAK",
        "primary_group_name": "ds-students",
        "flair_name": "ds-students",
        "flair_url": null,
        "flair_bg_color": "",
        "flair_color": "",
        "flair_group_id": 294,
        "badges_granted": [],
        "version": 1,
        "can_edit": false,
        "can_delete": false,
        "can_recover": false,
        "can_see_hidden_post": false,
        "can_wiki": false,
        "read": false,
        "user_title": null,
        "bookmarked": false,
        "actions_summary": [
          {
            "id": 2,
            "can_act": true
          },
          {
            "id": 6,
            "can_act": true
          },
          {
            "id": 3,
            "can_act": true
          },
          {
            "id": 4,
            "can_act": true
          },
          {
            "id": 8,
            "can_act": true
          },
          {
            "id": 10,
            "can_act": true
          },
          {
            "id": 7,
            "can_act": true
          }
        ],
        "moderator": false,
        "admin": false,
        "staff": false,
        "user_id": 40000,
        "hidden": false,
        "trust_level": 1,
        "deleted_at": null,
        "user_deleted": false,
        "edit_reason": null,
        "can_view_edit_history": true,
        "wiki": false,
        "post_url": "/t/for-project-1/166593/3",
        "user_cakedate": "2024-10-04",
        "reactions": [],
        "current_user_reaction": null,
        "reaction_users_count": 0,
        "current_user_used_main_reaction": false,
        "can_accept_answer": false,
        "can_unaccept_answer": false,
        "accepted_answer": false,
        "topic_accepted_answer": null
      },
      {
        "id": 596439,
        "name": "Jayakrishnan",
        "username": "jkmadathil",
        "avatar_template": "/user_avatar/discourse.onlinedegree.iitm.ac.in/jkmadathil/{size}/100121_2.png",
        "created_at": "2025-02-17T19:01:57.809Z",
        "cooked": "",
        "post_number": 5,
        "post_type": 3,
        "posts_count": 4,
        "updated_at": "2025-02-17T19:01:57.809Z",
        "reply_count": 0,
        "reply_to_post_number": null,
        "quote_count": 0,
        "incoming_link_count": 1,
        "reads": 18,
        "readers_count": 17,
        "score": 2.8,
        "yours": false,
        "topic_id": 166593,
        "topic_slug": "for-project-1",
        "display_username": "Jayakrishnan",
        "primary_group_name": "ds-students",
        "flair_name": "course_support",
        "flair_url": "scale-balanced",
        "flair_bg_color": "0040ff",
        "flair_color": "1affc6",
        "flair_group_id": 41,
        "badges_granted": [],
        "version": 1,
        "can_edit": false,
        "can_delete": false,
        "can_recover": false,
        "can_see_hidden_post": false,
        "can_wiki": false,
        "read": false,
        "user_title": "Leader",
        "title_is_group": false,
        "bookmarked": false,
        "actions_summary": [
          {
            "id": 2,
            "can_act": true
          },
          {
            "id": 6,
            "can_act": true
          },
          {
            "id": 3,
            "can_act": true
          },
          {
            "id": 4,
            "can_act": true
          },
          {
            "id": 8,
            "can_act": true
          },
          {
            "id": 10,
            "can_act": true
          },
          {
            "id": 7,
            "can_act": true
          }
        ],
        "moderator": false,
        "admin": true,
        "staff": true,
        "group_moderator": true,
        "user_id": 1,
        "hidden": false,
        "trust_level": 4,
        "deleted_at": null,
        "user_deleted": false,
        "edit_reason": null,
        "can_view_edit_history": true,
        "wiki": false,
        "action_code": "closed.enabled",
        "post_url": "/t/for-project-1/166593/5",
        "user_cakedate": "2021-03-19",
        "reactions": [],
        "current_user_reaction": null,
        "reaction_users_count": 0,
        "current_user_used_main_reaction": false,
        "can_accept_answer": false,
        "can_unaccept_answer": false,
        "accepted_answer": false,
        "topic_accepted_answer": null
      }
    ],
    "stream": [
      592250,
      592370,
      593677,
      596439
    ]
  },
  "timeline_lookup": [
    [
      1,
      112
    ],
    [
      2,
      111
    ],
    [
      3,
      110
    ],
    [
      4,
      103
    ]
  ],
  "suggested_topics": [
    {
      "id": 173524,
      "title": "GA1 - Development Tools - Discussion Thread [TDS May 2025]",
      "fancy_title": "GA1 - Development Tools - Discussion Thread [TDS May 2025]",
      "slug": "ga1-development-tools-discussion-thread-tds-may-2025",
      "posts_count": 80,
      "reply_count": 51,
      "highest_post_number": 85,
      "image_url": null,
      "created_at": "2025-05-01T11:39:00.734Z",
      "last_posted_at": "2025-05-31T15:34:18.368Z",
      "bumped": true,
      "bumped_at": "2025-05-31T15:34:18.368Z",
      "archetype": "regular",
      "unseen": false,
      "last_read_post_number": 82,
      "unread": 0,
      "new_posts": 3,
      "unread_posts": 3,
      "pinned": false,
      "unpinned": null,
      "visible": true,
      "closed": false,
      "archived": false,
      "notification_level": 2,
      "bookmarked": false,
      "liked": false,
      "tags": [
        "term2-2025",
        "graded-assignment"
      ],
      "tags_descriptions": {},
      "like_count": 25,
      "views": 1155,
      "category_id": 34,
      "featured_link": null,
      "has_accepted_answer": false,
      "posters": [
        {
          "extras": null,
          "description": "Original Poster",
          "user": {
            "id": 9419,
            "username": "s.anand",
            "name": "Anand S",
            "avatar_template": "/user_avatar/discourse.onlinedegree.iitm.ac.in/s.anand/{size}/15264_2.png",
            "primary_group_name": "faculty",
            "flair_name": "faculty",
            "flair_url": "chalkboard-user",
            "flair_bg_color": "f2c26e",
            "flair_color": "000",
            "flair_group_id": 54,
            "trust_level": 4
          }
        },
        {
          "extras": null,
          "description": "Frequent Poster",
          "user": {
            "id": 22472,
            "username": "Advaith52",
            "name": "Advaith Sanil Kumar",
            "avatar_template": "/user_avatar/discourse.onlinedegree.iitm.ac.in/advaith52/{size}/67172_2.png",
            "primary_group_name": "ds-students",
            "flair_name": "ds-students",
            "flair_group_id": 294,
            "trust_level": 1
          }
        },
        {
          "extras": null,
          "description": "Frequent Poster",
          "user": {
            "id": 16094,
            "username": "carlton",
            "name": "Carlton D'Silva",
            "avatar_template": "/user_avatar/discourse.onlinedegree.iitm.ac.in/carlton/{size}/56317_2.png",
            "primary_group_name": "ds-students",
            "flair_name": "ds-students",
            "flair_group_id": 294,
            "trust_level": 3
          }
        },
        {
          "extras": null,
          "description": "Frequent Poster",
          "user": {
            "id": 15658,
            "username": "HritikRoshan_HRM",
            "name": "HRITIK ROSHAN MAURYA",
            "avatar_template": "/user_avatar/discourse.onlinedegree.iitm.ac.in/hritikroshan_hrm/{size}/66975_2.png",
            "primary_group_name": "ds-students",
            "flair_name": "ds-students",
            "flair_group_id": 294,
            "trust_level": 1
          }
        },
        {
          "extras": "latest",
          "description": "Most Recent Poster",
          "user": {
            "id": 12914,
            "username": "iAnimeshS",
            "name": "Animesh",
            "avatar_template": "/user_avatar/discourse.onlinedegree.iitm.ac.in/ianimeshs/{size}/12415_2.png",
            "primary_group_name": "ds-students",
            "flair_name": "ds-students",
            "flair_group_id": 294,
            "trust_level": 1
          }
        }
      ]
    },
    {
      "id": 176789,
      "title": "Vercel deployement error",
      "fancy_title": "Vercel deployement error",
      "slug": "vercel-deployement-error",
      "posts_count": 1,
      "reply_count": 0,
      "highest_post_number": 1,
      "image_url": null,
      "created_at": "2025-05-31T11:55:22.507Z",
      "last_posted_at": "2025-05-31T11:55:22.708Z",
      "bumped": true,
      "bumped_at": "2025-05-31T11:55:22.708Z",
      "archetype": "regular",
      "unseen": true,
      "pinned": false,
      "unpinned": null,
      "visible": true,
      "closed": false,
      "archived": false,
      "bookmarked": null,
      "liked": null,
      "tags": [
        "diploma-level",
        "term2-2025"
      ],
      "tags_descriptions": {},
      "like_count": 0,
      "views": 9,
      "category_id": 34,
      "featured_link": null,
      "has_accepted_answer": false,
      "posters": [
        {
          "extras": "latest single",
          "description": "Original Poster, Most Recent Poster",
          "user": {
            "id": 25506,
            "username": "23f3003724",
            "name": "Vedika Gupta",
            "avatar_template": "/user_avatar/discourse.onlinedegree.iitm.ac.in/23f3003724/{size}/68806_2.png",
            "primary_group_name": "ds-students",
            "flair_name": "ds-students",
            "flair_group_id": 294,
            "trust_level": 1
          }
        }
      ]
    }
  ],
  "tags": [
    "miscellaneous",
    "term1-2025",
    "tds-project-1"
  ],
  "tags_descriptions": {},
  "id": 166593,
  "title": "For project 1",
  "fancy_title": "For project 1",
  "posts_count": 4,
  "created_at": "2025-02-08T17:32:11.361Z",
  "views": 96,
  "reply_count": 0,
  "like_count": 7,
  "last_posted_at": "2025-02-17T19:01:57.809Z",
  "visible": true,
  "closed": true,
  "archived": false,
  "has_summary": false,
  "archetype": "regular",
  "slug": "for-project-1",
  "category_id": 34,
  "word_count": 109,
  "deleted_at": null,
  "user_id": 40000,
  "featured_link": null,
  "pinned_globally": false,
  "pinned_at": null,
  "pinned_until": null,
  "image_url": null,
  "slow_mode_seconds": 0,
  "draft": null,
  "draft_key": "topic_166593",
  "draft_sequence": 0,
  "unpinned": null,
  "pinned": false,
  "current_post_number": 1,
  "highest_post_number": 5,
  "deleted_by": null,
  "actions_summary": [
    {
      "id": 4,
      "count": 0,
      "hidden": false,
      "can_act": true
    },
    {
      "id": 8,
      "count": 0,
      "hidden": false,
      "can_act": true
    },
    {
      "id": 10,
      "count": 0,
      "hidden": false,
      "can_act": true
    },
    {
      "id": 7,
      "count": 0,
      "hidden": false,
      "can_act": true
    }
  ],
  "chunk_size": 20,
  "bookmarked": false,
  "topic_timer": null,
  "message_bus_last_id": 0,
  "participant_count": 2,
  "show_read_indicator": false,
  "thumbnails": null,
  "slow_mode_enabled_until": null,
  "tags_disable_ads": false,
  "related_topics": [
    {
      "id": 166866,
      "title": "--Request for postponing the Project -1 deadline-- Official Response: Extended :)",
      "fancy_title": "&ndash;Request for postponing the Project -1 deadline&ndash; Official Response: Extended :slight_smile:",
      "slug": "request-for-postponing-the-project-1-deadline-official-response-extended",
      "posts_count": 27,
      "reply_count": 3,
      "highest_post_number": 28,
      "image_url": null,
      "created_at": "2025-02-12T14:07:52.702Z",
      "last_posted_at": "2025-02-15T16:52:14.578Z",
      "bumped": true,
      "bumped_at": "2025-02-15T16:22:43.476Z",
      "archetype": "regular",
      "unseen": false,
      "pinned": false,
      "unpinned": null,
      "visible": true,
      "closed": true,
      "archived": false,
      "bookmarked": null,
      "liked": null,
      "tags": [
        "clarification",
        "term1-2025",
        "tds-project-1"
      ],
      "tags_descriptions": {},
      "like_count": 105,
      "views": 287,
      "category_id": 34,
      "featured_link": null,
      "has_accepted_answer": false,
      "posters": [
        {
          "extras": null,
          "description": "Original Poster",
          "user": {
            "id": 3935,
            "username": "vikramjncasr",
            "name": "Vikram Suriyanarayanan",
            "avatar_template": "/user_avatar/discourse.onlinedegree.iitm.ac.in/vikramjncasr/{size}/1844_2.png",
            "primary_group_name": "ds-students",
            "flair_name": "ds-students",
            "flair_group_id": 294,
            "trust_level": 1
          }
        },
        {
          "extras": null,
          "description": "Frequent Poster",
          "user": {
            "id": 20948,
            "username": "22f3000586",
            "name": "Taniya Gupta",
            "avatar_template": "/user_avatar/discourse.onlinedegree.iitm.ac.in/22f3000586/{size}/77773_2.png",
            "primary_group_name": "ds-students",
            "flair_name": "ds-students",
            "flair_group_id": 294,
            "trust_level": 0
          }
        },
        {
          "extras": null,
          "description": "Frequent Poster",
          "user": {
            "id": 2693,
            "username": "rabbaniIITB",
            "name": "Md Anzar Rabbani",
            "avatar_template": "/user_avatar/discourse.onlinedegree.iitm.ac.in/rabbaniiitb/{size}/828_2.png",
            "primary_group_name": "ds-students",
            "flair_name": "ds-students",
            "flair_group_id": 294,
            "trust_level": 1
          }
        },
        {
          "extras": null,
          "description": "Frequent Poster",
          "user": {
            "id": 22969,
            "username": "23f2004094",
            "name": "Shreya Khantal",
            "avatar_template": "/user_avatar/discourse.onlinedegree.iitm.ac.in/23f2004094/{size}/68148_2.png",
            "primary_group_name": "ds-students",
            "flair_name": "ds-students",
            "flair_group_id": 294,
            "trust_level": 1
          }
        },
        {
          "extras": "latest",
          "description": "Most Recent Poster",
          "user": {
            "id": 15651,
            "username": "Jivraj",
            "name": "Jivraj Singh Shekhawat",
            "avatar_template": "https://avatars.discourse-cdn.com/v4/letter/j/b9bd4f/{size}.png",
            "primary_group_name": "ds-students",
            "flair_name": "ds-students",
            "flair_group_id": 294,
            "trust_level": 2
          }
        }
      ]
    },
    {
      "id": 97082,
      "title": "Request for extending the deadline of Project1",
      "fancy_title": "Request for extending the deadline of Project1",
      "slug": "request-for-extending-the-deadline-of-project1",
      "posts_count": 5,
      "reply_count": 0,
      "highest_post_number": 5,
      "image_url": null,
      "created_at": "2023-07-28T23:59:10.262Z",
      "last_posted_at": "2023-07-30T17:29:29.939Z",
      "bumped": true,
      "bumped_at": "2023-07-30T17:29:29.939Z",
      "archetype": "regular",
      "unseen": false,
      "pinned": false,
      "unpinned": null,
      "visible": true,
      "closed": false,
      "archived": false,
      "bookmarked": null,
      "liked": null,
      "tags": [
        "operational",
        "course-portal",
        "projects",
        "tds-project-1"
      ],
      "tags_descriptions": {},
      "like_count": 5,
      "views": 103,
      "category_id": 34,
      "featured_link": null,
      "has_accepted_answer": false,
      "posters": [
        {
          "extras": null,
          "description": "Original Poster",
          "user": {
            "id": 11746,
            "username": "21f3002825",
            "name": "Shyam Kumar Sinha",
            "avatar_template": "/user_avatar/discourse.onlinedegree.iitm.ac.in/21f3002825/{size}/13038_2.png",
            "primary_group_name": "ds-students",
            "flair_name": "ds-students",
            "flair_group_id": 294,
            "trust_level": 1
          }
        },
        {
          "extras": null,
          "description": "Frequent Poster",
          "user": {
            "id": 7321,
            "username": "21f2000991",
            "name": "Parth Chauhan",
            "avatar_template": "/user_avatar/discourse.onlinedegree.iitm.ac.in/21f2000991/{size}/32856_2.png",
            "primary_group_name": "ds-students",
            "flair_name": "ds-students",
            "flair_group_id": 294,
            "trust_level": 1
          }
        },
        {
          "extras": null,
          "description": "Frequent Poster",
          "user": {
            "id": 2456,
            "username": "RikxDragneeL",
            "name": "Aritra Das",
            "avatar_template": "/user_avatar/discourse.onlinedegree.iitm.ac.in/rikxdragneel/{size}/1622_2.png",
            "primary_group_name": "ds-students",
            "flair_name": "ds-students",
            "flair_group_id": 294,
            "trust_level": 1
          }
        },
        {
          "extras": null,
          "description": "Frequent Poster",
          "user": {
            "id": 11895,
            "username": "suyamoon",
            "name": "Suyamoon Pathak",
            "avatar_template": "/user_avatar/discourse.onlinedegree.iitm.ac.in/suyamoon/{size}/56160_2.png",
            "primary_group_name": "ds-students",
            "flair_name": "ds-students",
            "flair_group_id": 294,
            "trust_level": 1
          }
        },
        {
          "extras": "latest",
          "description": "Most Recent Poster",
          "user": {
            "id": 7018,
            "username": "ANURAG_SINGH",
            "name": "ANURAG SINGH",
            "avatar_template": "/user_avatar/discourse.onlinedegree.iitm.ac.in/anurag_singh/{size}/17_2.png",
            "primary_group_name": "ds-students",
            "flair_name": "ds-students",
            "flair_group_id": 294,
            "trust_level": 1
          }
        }
      ]
    },
    {
      "id": 139891,
      "title": "Regarding Project 1 Deadline",
      "fancy_title": "Regarding Project 1 Deadline",
      "slug": "regarding-project-1-deadline",
      "posts_count": 15,
      "reply_count": 10,
      "highest_post_number": 15,
      "image_url": null,
      "created_at": "2024-07-15T14:56:04.263Z",
      "last_posted_at": "2024-07-22T04:38:52.153Z",
      "bumped": true,
      "bumped_at": "2024-07-22T04:38:52.153Z",
      "archetype": "regular",
      "unseen": false,
      "pinned": false,
      "unpinned": null,
      "visible": true,
      "closed": false,
      "archived": false,
      "bookmarked": null,
      "liked": null,
      "tags": [
        "clarification"
      ],
      "tags_descriptions": {},
      "like_count": 11,
      "views": 196,
      "category_id": 34,
      "featured_link": null,
      "has_accepted_answer": false,
      "posters": [
        {
          "extras": null,
          "description": "Original Poster",
          "user": {
            "id": 3517,
            "username": "introvert",
            "name": "introvert",
            "avatar_template": "/user_avatar/discourse.onlinedegree.iitm.ac.in/introvert/{size}/330_2.png",
            "primary_group_name": "ds-students",
            "flair_name": "ds-students",
            "flair_group_id": 294,
            "trust_level": 1
          }
        },
        {
          "extras": null,
          "description": "Frequent Poster",
          "user": {
            "id": 5091,
            "username": "Vijayvm",
            "name": "Vijayanandam V M",
            "avatar_template": "/user_avatar/discourse.onlinedegree.iitm.ac.in/vijayvm/{size}/93_2.png",
            "primary_group_name": "ds-students",
            "flair_name": "ds-students",
            "flair_group_id": 294,
            "trust_level": 1
          }
        },
        {
          "extras": null,
          "description": "Frequent Poster",
          "user": {
            "id": 8713,
            "username": "21f3001419",
            "name": "Vinayak Agrawal",
            "avatar_template": "/user_avatar/discourse.onlinedegree.iitm.ac.in/21f3001419/{size}/27766_2.png",
            "primary_group_name": "ds-students",
            "flair_name": "ds-students",
            "flair_group_id": 294,
            "trust_level": 1
          }
        },
        {
          "extras": null,
          "description": "Frequent Poster",
          "user": {
            "id": 24371,
            "username": "22f3001612",
            "name": "Sadhana Shashidhar",
            "avatar_template": "/user_avatar/discourse.onlinedegree.iitm.ac.in/22f3001612/{size}/66907_2.png",
            "primary_group_name": "ds-students",
            "flair_name": "ds-students",
            "flair_group_id": 294,
            "trust_level": 1
          }
        },
        {
          "extras": "latest",
          "description": "Most Recent Poster",
          "user": {
            "id": 16094,
            "username": "carlton",
            "name": "Carlton D'Silva",
            "avatar_template": "/user_avatar/discourse.onlinedegree.iitm.ac.in/carlton/{size}/56317_2.png",
            "primary_group_name": "ds-students",
            "flair_name": "ds-students",
            "flair_group_id": 294,
            "trust_level": 3
          }
        }
      ]
    },
    {
      "id": 154904,
      "title": "Request for extended submission of TDS Project 1",
      "fancy_title": "Request for extended submission of TDS Project 1",
      "slug": "request-for-extended-submission-of-tds-project-1",
      "posts_count": 13,
      "reply_count": 4,
      "highest_post_number": 14,
      "image_url": null,
      "created_at": "2024-11-01T12:24:06.292Z",
      "last_posted_at": "2024-11-02T05:43:28.991Z",
      "bumped": true,
      "bumped_at": "2024-11-04T11:25:24.588Z",
      "archetype": "regular",
      "unseen": false,
      "pinned": false,
      "unpinned": null,
      "visible": true,
      "closed": false,
      "archived": false,
      "bookmarked": null,
      "liked": null,
      "tags": [
        "term3-2024",
        "tds-project-1"
      ],
      "tags_descriptions": {},
      "like_count": 8,
      "views": 137,
      "category_id": 34,
      "featured_link": null,
      "has_accepted_answer": true,
      "posters": [
        {
          "extras": null,
          "description": "Original Poster",
          "user": {
            "id": 15504,
            "username": "raja_sundar",
            "name": "K RAJA SUNDAR",
            "avatar_template": "/user_avatar/discourse.onlinedegree.iitm.ac.in/raja_sundar/{size}/56674_2.png",
            "primary_group_name": "ds-students",
            "flair_name": "ds-students",
            "flair_group_id": 294,
            "trust_level": 1
          }
        },
        {
          "extras": "latest",
          "description": "Most Recent Poster, Accepted Answer",
          "user": {
            "id": 16094,
            "username": "carlton",
            "name": "Carlton D'Silva",
            "avatar_template": "/user_avatar/discourse.onlinedegree.iitm.ac.in/carlton/{size}/56317_2.png",
            "primary_group_name": "ds-students",
            "flair_name": "ds-students",
            "flair_group_id": 294,
            "trust_level": 3
          }
        },
        {
          "extras": null,
          "description": "Frequent Poster",
          "user": {
            "id": 17202,
            "username": "22f3002811",
            "name": "Aditya Gupta",
            "avatar_template": "/user_avatar/discourse.onlinedegree.iitm.ac.in/22f3002811/{size}/66736_2.png",
            "primary_group_name": "ds-students",
            "flair_name": "ds-students",
            "flair_group_id": 294,
            "trust_level": 1
          }
        },
        {
          "extras": null,
          "description": "Frequent Poster",
          "user": {
            "id": 18396,
            "username": "AashayD12",
            "name": "Aashay Degvekar",
            "avatar_template": "/user_avatar/discourse.onlinedegree.iitm.ac.in/aashayd12/{size}/116370_2.png",
            "primary_group_name": "ds-students",
            "flair_name": "ds-students",
            "flair_group_id": 294,
            "trust_level": 1
          }
        },
        {
          "extras": null,
          "description": "Frequent Poster",
          "user": {
            "id": 15818,
            "username": "Abhimanyu.yd",
            "name": "Abhimanyu ",
            "avatar_template": "/user_avatar/discourse.onlinedegree.iitm.ac.in/abhimanyu.yd/{size}/64601_2.png",
            "primary_group_name": "ds-students",
            "flair_name": "ds-students",
            "flair_group_id": 294,
            "trust_level": 1
          }
        }
      ]
    },
    {
      "id": 58429,
      "title": "Project 2 Submission Error / Deadline extension request",
      "fancy_title": "Project 2 Submission Error / Deadline extension request",
      "slug": "project-2-submission-error-deadline-extension-request",
      "posts_count": 12,
      "reply_count": 1,
      "highest_post_number": 12,
      "image_url": null,
      "created_at": "2022-07-20T20:17:11.526Z",
      "last_posted_at": "2022-07-22T08:07:50.022Z",
      "bumped": true,
      "bumped_at": "2022-07-22T08:07:50.022Z",
      "archetype": "regular",
      "unseen": false,
      "pinned": false,
      "unpinned": null,
      "visible": true,
      "closed": false,
      "archived": false,
      "bookmarked": null,
      "liked": null,
      "tags": [
        "term2-2022",
        "tds-project-2"
      ],
      "tags_descriptions": {},
      "like_count": 9,
      "views": 191,
      "category_id": 34,
      "featured_link": null,
      "has_accepted_answer": false,
      "posters": [
        {
          "extras": null,
          "description": "Original Poster",
          "user": {
            "id": 5720,
            "username": "wolvie1234",
            "name": "krishu gupta",
            "avatar_template": "/user_avatar/discourse.onlinedegree.iitm.ac.in/wolvie1234/{size}/636_2.png",
            "primary_group_name": "ds-students",
            "flair_name": "ds-students",
            "flair_group_id": 294,
            "trust_level": 1
          }
        },
        {
          "extras": null,
          "description": "Frequent Poster",
          "user": {
            "id": 1092,
            "username": "Shubhankar",
            "name": "Shubhankar Jaiswal",
            "avatar_template": "/user_avatar/discourse.onlinedegree.iitm.ac.in/shubhankar/{size}/2674_2.png",
            "primary_group_name": "ds-students",
            "flair_name": "ds-students",
            "flair_group_id": 294,
            "trust_level": 1
          }
        },
        {
          "extras": null,
          "description": "Frequent Poster",
          "user": {
            "id": 3806,
            "username": "Nitish",
            "name": "Nitish Agarwal",
            "avatar_template": "/user_avatar/discourse.onlinedegree.iitm.ac.in/nitish/{size}/31377_2.png",
            "primary_group_name": "ds-students",
            "flair_name": "ds-students",
            "flair_group_id": 294,
            "trust_level": 1
          }
        },
        {
          "extras": null,
          "description": "Frequent Poster",
          "user": {
            "id": 8188,
            "username": "sachinkumbari",
            "name": "sachin kumbari",
            "avatar_template": "/user_avatar/discourse.onlinedegree.iitm.ac.in/sachinkumbari/{size}/23099_2.png",
            "primary_group_name": "ds-students",
            "flair_name": "ds-students",
            "flair_group_id": 294,
            "trust_level": 1
          }
        },
        {
          "extras": "latest",
          "description": "Most Recent Poster",
          "user": {
            "id": 5303,
            "username": "J_P",
            "name": "Jishnu JP",
            "avatar_template": "/user_avatar/discourse.onlinedegree.iitm.ac.in/j_p/{size}/45505_2.png",
            "primary_group_name": "ds-students",
            "flair_name": "ds-students",
            "flair_group_id": 294,
            "trust_level": 1
          }
        }
      ]
    }
  ],
  "summarizable": false,
  "valid_reactions": [
    "heart",
    "+1",
    "laughing",
    "open_mouth",
    "clap",
    "confetti_ball",
    "rocket",
    "-1"
  ],
  "can_vote": false,
  "vote_count": 0,
  "user_voted": false,
  "discourse_zendesk_plugin_zendesk_id": null,
  "discourse_zendesk_plugin_zendesk_url": "https://your-url.zendesk.com/agent/tickets/",
  "details": {
    "can_edit": false,
    "notification_level": 1,
    "can_reply_as_new_topic": true,
    "can_flag_topic": true,
    "participants": [
      {
        "id": 40000,
        "username": "Sakshi6479",
        "name": "SAKSHI PATHAK",
        "avatar_template": "/user_avatar/discourse.onlinedegree.iitm.ac.in/sakshi6479/{size}/110446_2.png",
        "post_count": 2,
        "primary_group_name": "ds-students",
        "flair_name": "ds-students",
        "flair_url": null,
        "flair_color": "",
        "flair_bg_color": "",
        "flair_group_id": 294,
        "trust_level": 1
      },
      {
        "id": 7742,
        "username": "21f3000745",
        "name": "Tanya kamboj",
        "avatar_template": "/user_avatar/discourse.onlinedegree.iitm.ac.in/21f3000745/{size}/638_2.png",
        "post_count": 1,
        "primary_group_name": "ds-students",
        "flair_name": "ds-students",
        "flair_url": null,
        "flair_color": "",
        "flair_bg_color": "",
        "flair_group_id": 294,
        "trust_level": 1
      }
    ],
    "created_by": {
      "id": 40000,
      "username": "Sakshi6479",
      "name": "SAKSHI PATHAK",
      "avatar_template": "/user_avatar/discourse.onlinedegree.iitm.ac.in/sakshi6479/{size}/110446_2.png"
    },
    "last_poster": {
      "id": 1,
      "username": "jkmadathil",
      "name": "Jayakrishnan",
      "avatar_template": "/user_avatar/discourse.onlinedegree.iitm.ac.in/jkmadathil/{size}/100121_2.png"
    }
  },
  "pending_posts": [],
  "bookmarks": []
}