{
  "post_stream": {
    "posts": [
      {
        "id": 600284,
        "name": "Nelson Jochim DSouza",
        "username": "Nelson",
        "avatar_template": "/user_avatar/discourse.onlinedegree.iitm.ac.in/nelson/{size}/66583_2.png",
        "created_at": "2025-02-26T11:45:53.368Z",
        "cooked": "<p>On 2nd March, I have both Java OPPE and TDS ROE.<br>\nMy Java OPPE timing is: 9:30 to 11:00 AM<br>\nMY TDS ROE timing is: 10:30 to 11:15 AM</p>\n<p>A minimum gap of one hour is recommended.</p>\n<p>I have written to support.</p>\n<p><a class=\"mention\" href=\"/u/carlton\">@carlton</a> Please look into this.</p>",
        "post_number": 1,
        "post_type": 1,
        "posts_count": 4,
        "updated_at": "2025-02-26T14:07:57.104Z",
        "reply_count": 0,
        "reply_to_post_number": null,
        "quote_count": 0,
        "incoming_link_count": 1,
        "reads": 81,
        "readers_count": 80,
        "score": 20.6,
        "yours": false,
        "topic_id": 168537,
        "topic_slug": "roe-timing-overlaps-with-java-oppe",
        "display_username": "Nelson Jochim DSouza",
        "primary_group_name": "ds-students",
        "flair_name": "ds-students",
        "flair_url": null,
        "flair_bg_color": "",
        "flair_color": "",
        "flair_group_id": 294,
        "badges_granted": [],
        "version": 2,
        "can_edit": false,
        "can_delete": false,
        "can_recover": false,
        "can_see_hidden_post": false,
        "can_wiki": false,
        "read": false,
        "user_title": "",
        "bookmarked": false,
        "actions_summary": [
          {
            "id": 2,
            "can_act": true
          },
          {
            "id": 6,
            "can_act": true
          },
          {
            "id": 3,
            "can_act": true
          },
          {
            "id": 4,
            "can_act": true
          },
          {
            "id": 8,
            "can_act": true
          },
          {
            "id": 10,
            "can_act": true
          },
          {
            "id": 7,
            "can_act": true
          }
        ],
        "moderator": false,
        "admin": false,
        "staff": false,
        "user_id": 12220,
        "hidden": false,
        "trust_level": 1,
        "deleted_at": null,
        "user_deleted": false,
        "edit_reason": null,
        "can_view_edit_history": true,
        "wiki": false,
        "post_url": "/t/roe-timing-overlaps-with-java-oppe/168537/1",
        "user_cakedate": "2022-04-30",
        "user_birthdate": "1904-08-16",
        "reactions": [],
        "current_user_reaction": null,
        "reaction_users_count": 0,
        "current_user_used_main_reaction": false,
        "can_accept_answer": false,
        "can_unaccept_answer": false,
        "accepted_answer": false,
        "topic_accepted_answer": true,
        "can_vote": false
      },
      {
        "id": 600308,
        "name": "Ansh bansal",
        "username": "23f2004752",
        "avatar_template": "/user_avatar/discourse.onlinedegree.iitm.ac.in/23f2004752/{size}/68296_2.png",
        "created_at": "2025-02-26T13:09:32.246Z",
        "cooked": "<p>I guess roe time is 13:00 to 13:45 and it is same for all , also check calender for the same.</p>",
        "post_number": 2,
        "post_type": 1,
        "posts_count": 4,
        "updated_at": "2025-02-26T13:09:32.246Z",
        "reply_count": 0,
        "reply_to_post_number": null,
        "quote_count": 0,
        "incoming_link_count": 0,
        "reads": 74,
        "readers_count": 73,
        "score": 14.2,
        "yours": false,
        "topic_id": 168537,
        "topic_slug": "roe-timing-overlaps-with-java-oppe",
        "display_username": "Ansh bansal",
        "primary_group_name": "ds-students",
        "flair_name": "ds-students",
        "flair_url": null,
        "flair_bg_color": "",
        "flair_color": "",
        "flair_group_id": 294,
        "badges_granted": [],
        "version": 1,
        "can_edit": false,
        "can_delete": false,
        "can_recover": false,
        "can_see_hidden_post": false,
        "can_wiki": false,
        "read": false,
        "user_title": "",
        "bookmarked": false,
        "actions_summary": [
          {
            "id": 2,
            "can_act": true
          },
          {
            "id": 6,
            "can_act": true
          },
          {
            "id": 3,
            "can_act": true
          },
          {
            "id": 4,
            "can_act": true
          },
          {
            "id": 8,
            "can_act": true
          },
          {
            "id": 10,
            "can_act": true
          },
          {
            "id": 7,
            "can_act": true
          }
        ],
        "moderator": false,
        "admin": false,
        "staff": false,
        "user_id": 21948,
        "hidden": false,
        "trust_level": 1,
        "deleted_at": null,
        "user_deleted": false,
        "edit_reason": null,
        "can_view_edit_history": true,
        "wiki": false,
        "post_url": "/t/roe-timing-overlaps-with-java-oppe/168537/2",
        "user_cakedate": "2023-09-18",
        "reactions": [],
        "current_user_reaction": null,
        "reaction_users_count": 0,
        "current_user_used_main_reaction": false,
        "can_accept_answer": false,
        "can_unaccept_answer": false,
        "accepted_answer": false,
        "topic_accepted_answer": true
      },
      {
        "id": 600321,
        "name": "Carlton D'Silva",
        "username": "carlton",
        "avatar_template": "/user_avatar/discourse.onlinedegree.iitm.ac.in/carlton/{size}/56317_2.png",
        "created_at": "2025-02-26T13:27:47.811Z",
        "cooked": "<p><a class=\"mention\" href=\"/u/nelson\">@Nelson</a><br>\nTDS ROE is at 1pm in the afternoon for everyone.</p>",
        "post_number": 3,
        "post_type": 1,
        "posts_count": 4,
        "updated_at": "2025-02-26T13:27:47.811Z",
        "reply_count": 1,
        "reply_to_post_number": null,
        "quote_count": 0,
        "incoming_link_count": 2,
        "reads": 69,
        "readers_count": 68,
        "score": 58.2,
        "yours": false,
        "topic_id": 168537,
        "topic_slug": "roe-timing-overlaps-with-java-oppe",
        "display_username": "Carlton D'Silva",
        "primary_group_name": "ds-students",
        "flair_name": "ds-students",
        "flair_url": null,
        "flair_bg_color": "",
        "flair_color": "",
        "flair_group_id": 294,
        "badges_granted": [],
        "version": 1,
        "can_edit": false,
        "can_delete": false,
        "can_recover": false,
        "can_see_hidden_post": false,
        "can_wiki": false,
        "read": false,
        "user_title": "Regular",
        "title_is_group": false,
        "bookmarked": false,
        "actions_summary": [
          {
            "id": 2,
            "count": 2,
            "can_act": true
          },
          {
            "id": 6,
            "can_act": true
          },
          {
            "id": 3,
            "can_act": true
          },
          {
            "id": 4,
            "can_act": true
          },
          {
            "id": 8,
            "can_act": true
          },
          {
            "id": 10,
            "can_act": true
          },
          {
            "id": 7,
            "can_act": true
          }
        ],
        "moderator": false,
        "admin": false,
        "staff": false,
        "group_moderator": true,
        "user_id": 16094,
        "hidden": false,
        "trust_level": 3,
        "deleted_at": null,
        "user_deleted": false,
        "edit_reason": null,
        "can_view_edit_history": true,
        "wiki": false,
        "post_url": "/t/roe-timing-overlaps-with-java-oppe/168537/3",
        "user_cakedate": "2023-01-25",
        "reactions": [
          {
            "id": "heart",
            "type": "emoji",
            "count": 2
          }
        ],
        "current_user_reaction": null,
        "reaction_users_count": 2,
        "current_user_used_main_reaction": false,
        "can_accept_answer": false,
        "can_unaccept_answer": false,
        "accepted_answer": true,
        "topic_accepted_answer": true
      },
      {
        "id": 602894,
        "name": "Nelson Jochim DSouza",
        "username": "Nelson",
        "avatar_template": "/user_avatar/discourse.onlinedegree.iitm.ac.in/nelson/{size}/66583_2.png",
        "created_at": "2025-03-03T07:27:48.677Z",
        "cooked": "<p>Apologies for the confusion. I realized that the issue was due to different time zones—Java OPPE displayed IST (GMT +5:30), while TDS ROE showed AST (GMT +3). On the same day, I intended to delete my post on Discourse but couldn’t find it, as it was still in draft mode. So, I deleted it. However, I was surprised to see the post today.</p>\n<p>I regret any inconvenience caused.</p>",
        "post_number": 5,
        "post_type": 1,
        "posts_count": 4,
        "updated_at": "2025-03-03T07:27:48.677Z",
        "reply_count": 0,
        "reply_to_post_number": 3,
        "quote_count": 0,
        "incoming_link_count": 0,
        "reads": 21,
        "readers_count": 20,
        "score": 3.4,
        "yours": false,
        "topic_id": 168537,
        "topic_slug": "roe-timing-overlaps-with-java-oppe",
        "display_username": "Nelson Jochim DSouza",
        "primary_group_name": "ds-students",
        "flair_name": "ds-students",
        "flair_url": null,
        "flair_bg_color": "",
        "flair_color": "",
        "flair_group_id": 294,
        "badges_granted": [],
        "version": 1,
        "can_edit": false,
        "can_delete": false,
        "can_recover": false,
        "can_see_hidden_post": false,
        "can_wiki": false,
        "read": false,
        "user_title": "",
        "reply_to_user": {
          "id": 16094,
          "username": "carlton",
          "name": "Carlton D'Silva",
          "avatar_template": "/user_avatar/discourse.onlinedegree.iitm.ac.in/carlton/{size}/56317_2.png"
        },
        "bookmarked": false,
        "actions_summary": [
          {
            "id": 2,
            "can_act": true
          },
          {
            "id": 6,
            "can_act": true
          },
          {
            "id": 3,
            "can_act": true
          },
          {
            "id": 4,
            "can_act": true
          },
          {
            "id": 8,
            "can_act": true
          },
          {
            "id": 10,
            "can_act": true
          },
          {
            "id": 7,
            "can_act": true
          }
        ],
        "moderator": false,
        "admin": false,
        "staff": false,
        "user_id": 12220,
        "hidden": false,
        "trust_level": 1,
        "deleted_at": null,
        "user_deleted": false,
        "edit_reason": null,
        "can_view_edit_history": true,
        "wiki": false,
        "post_url": "/t/roe-timing-overlaps-with-java-oppe/168537/5",
        "user_cakedate": "2022-04-30",
        "user_birthdate": "1904-08-16",
        "reactions": [],
        "current_user_reaction": null,
        "reaction_users_count": 0,
        "current_user_used_main_reaction": false,
        "can_accept_answer": false,
        "can_unaccept_answer": false,
        "accepted_answer": false,
        "topic_accepted_answer": true
      }
    ],
    "stream": [
      600284,
      600308,
      600321,
      602894
    ]
  },
  "timeline_lookup": [
    [
      1,
      94
    ],
    [
      4,
      89
    ]
  ],
  "suggested_topics": [
    {
      "id": 173524,
      "title": "GA1 - Development Tools - Discussion Thread [TDS May 2025]",
      "fancy_title": "GA1 - Development Tools - Discussion Thread [TDS May 2025]",
      "slug": "ga1-development-tools-discussion-thread-tds-may-2025",
      "posts_count": 80,
      "reply_count": 51,
      "highest_post_number": 85,
      "image_url": null,
      "created_at": "2025-05-01T11:39:00.734Z",
      "last_posted_at": "2025-05-31T15:34:18.368Z",
      "bumped": true,
      "bumped_at": "2025-05-31T15:34:18.368Z",
      "archetype": "regular",
      "unseen": false,
      "last_read_post_number": 82,
      "unread": 0,
      "new_posts": 3,
      "unread_posts": 3,
      "pinned": false,
      "unpinned": null,
      "visible": true,
      "closed": false,
      "archived": false,
      "notification_level": 2,
      "bookmarked": false,
      "liked": false,
      "tags": [
        "term2-2025",
        "graded-assignment"
      ],
      "tags_descriptions": {},
      "like_count": 25,
      "views": 1155,
      "category_id": 34,
      "featured_link": null,
      "has_accepted_answer": false,
      "posters": [
        {
          "extras": null,
          "description": "Original Poster",
          "user": {
            "id": 9419,
            "username": "s.anand",
            "name": "Anand S",
            "avatar_template": "/user_avatar/discourse.onlinedegree.iitm.ac.in/s.anand/{size}/15264_2.png",
            "primary_group_name": "faculty",
            "flair_name": "faculty",
            "flair_url": "chalkboard-user",
            "flair_bg_color": "f2c26e",
            "flair_color": "000",
            "flair_group_id": 54,
            "trust_level": 4
          }
        },
        {
          "extras": null,
          "description": "Frequent Poster",
          "user": {
            "id": 22472,
            "username": "Advaith52",
            "name": "Advaith Sanil Kumar",
            "avatar_template": "/user_avatar/discourse.onlinedegree.iitm.ac.in/advaith52/{size}/67172_2.png",
            "primary_group_name": "ds-students",
            "flair_name": "ds-students",
            "flair_group_id": 294,
            "trust_level": 1
          }
        },
        {
          "extras": null,
          "description": "Frequent Poster",
          "user": {
            "id": 16094,
            "username": "carlton",
            "name": "Carlton D'Silva",
            "avatar_template": "/user_avatar/discourse.onlinedegree.iitm.ac.in/carlton/{size}/56317_2.png",
            "primary_group_name": "ds-students",
            "flair_name": "ds-students",
            "flair_group_id": 294,
            "trust_level": 3
          }
        },
        {
          "extras": null,
          "description": "Frequent Poster",
          "user": {
            "id": 15658,
            "username": "HritikRoshan_HRM",
            "name": "HRITIK ROSHAN MAURYA",
            "avatar_template": "/user_avatar/discourse.onlinedegree.iitm.ac.in/hritikroshan_hrm/{size}/66975_2.png",
            "primary_group_name": "ds-students",
            "flair_name": "ds-students",
            "flair_group_id": 294,
            "trust_level": 1
          }
        },
        {
          "extras": "latest",
          "description": "Most Recent Poster",
          "user": {
            "id": 12914,
            "username": "iAnimeshS",
            "name": "Animesh",
            "avatar_template": "/user_avatar/discourse.onlinedegree.iitm.ac.in/ianimeshs/{size}/12415_2.png",
            "primary_group_name": "ds-students",
            "flair_name": "ds-students",
            "flair_group_id": 294,
            "trust_level": 1
          }
        }
      ]
    },
    {
      "id": 176789,
      "title": "Vercel deployement error",
      "fancy_title": "Vercel deployement error",
      "slug": "vercel-deployement-error",
      "posts_count": 1,
      "reply_count": 0,
      "highest_post_number": 1,
      "image_url": null,
      "created_at": "2025-05-31T11:55:22.507Z",
      "last_posted_at": "2025-05-31T11:55:22.708Z",
      "bumped": true,
      "bumped_at": "2025-05-31T11:55:22.708Z",
      "archetype": "regular",
      "unseen": true,
      "pinned": false,
      "unpinned": null,
      "visible": true,
      "closed": false,
      "archived": false,
      "bookmarked": null,
      "liked": null,
      "tags": [
        "diploma-level",
        "term2-2025"
      ],
      "tags_descriptions": {},
      "like_count": 0,
      "views": 9,
      "category_id": 34,
      "featured_link": null,
      "has_accepted_answer": false,
      "posters": [
        {
          "extras": "latest single",
          "description": "Original Poster, Most Recent Poster",
          "user": {
            "id": 25506,
            "username": "23f3003724",
            "name": "Vedika Gupta",
            "avatar_template": "/user_avatar/discourse.onlinedegree.iitm.ac.in/23f3003724/{size}/68806_2.png",
            "primary_group_name": "ds-students",
            "flair_name": "ds-students",
            "flair_group_id": 294,
            "trust_level": 1
          }
        }
      ]
    }
  ],
  "tags": [
    "clarification",
    "operational",
    "term1-2025"
  ],
  "tags_descriptions": {},
  "id": 168537,
  "title": "ROE timing overlaps with Java OPPE",
  "fancy_title": "ROE timing overlaps with Java OPPE",
  "posts_count": 4,
  "created_at": "2025-02-26T11:45:53.125Z",
  "views": 98,
  "reply_count": 1,
  "like_count": 2,
  "last_posted_at": "2025-03-03T07:27:48.677Z",
  "visible": true,
  "closed": false,
  "archived": false,
  "has_summary": false,
  "archetype": "regular",
  "slug": "roe-timing-overlaps-with-java-oppe",
  "category_id": 34,
  "word_count": 155,
  "deleted_at": null,
  "user_id": 12220,
  "featured_link": null,
  "pinned_globally": false,
  "pinned_at": null,
  "pinned_until": null,
  "image_url": null,
  "slow_mode_seconds": 0,
  "draft": null,
  "draft_key": "topic_168537",
  "draft_sequence": 0,
  "unpinned": null,
  "pinned": false,
  "current_post_number": 1,
  "highest_post_number": 5,
  "deleted_by": null,
  "actions_summary": [
    {
      "id": 4,
      "count": 0,
      "hidden": false,
      "can_act": true
    },
    {
      "id": 8,
      "count": 0,
      "hidden": false,
      "can_act": true
    },
    {
      "id": 10,
      "count": 0,
      "hidden": false,
      "can_act": true
    },
    {
      "id": 7,
      "count": 0,
      "hidden": false,
      "can_act": true
    }
  ],
  "chunk_size": 20,
  "bookmarked": false,
  "topic_timer": null,
  "message_bus_last_id": 0,
  "participant_count": 3,
  "show_read_indicator": false,
  "thumbnails": null,
  "slow_mode_enabled_until": null,
  "tags_disable_ads": false,
  "related_topics": [
    {
      "id": 80905,
      "title": "Timing of TDS ROE",
      "fancy_title": "Timing of TDS ROE",
      "slug": "timing-of-tds-roe",
      "posts_count": 4,
      "reply_count": 1,
      "highest_post_number": 4,
      "image_url": "https://europe1.discourse-cdn.com/flex013/uploads/iitm/original/3X/d/b/db3b5bd58a40a842d80179556d71c748f630a42d.png",
      "created_at": "2023-03-11T07:32:18.718Z",
      "last_posted_at": "2023-03-11T10:35:41.133Z",
      "bumped": true,
      "bumped_at": "2023-03-11T10:35:41.133Z",
      "archetype": "regular",
      "unseen": false,
      "pinned": false,
      "unpinned": null,
      "visible": true,
      "closed": false,
      "archived": false,
      "bookmarked": null,
      "liked": null,
      "tags": [
        "clarification",
        "oppe",
        "tds"
      ],
      "tags_descriptions": {},
      "like_count": 2,
      "views": 152,
      "category_id": 34,
      "featured_link": null,
      "has_accepted_answer": true,
      "posters": [
        {
          "extras": "latest",
          "description": "Original Poster, Most Recent Poster",
          "user": {
            "id": 9108,
            "username": "Sampriti",
            "name": "Sampriti Raha",
            "avatar_template": "/user_avatar/discourse.onlinedegree.iitm.ac.in/sampriti/{size}/90543_2.png",
            "primary_group_name": "ds-students",
            "flair_name": "ds-students",
            "flair_group_id": 294,
            "trust_level": 1
          }
        },
        {
          "extras": null,
          "description": "Frequent Poster, Accepted Answer",
          "user": {
            "id": 8056,
            "username": "Puneet_21f3002005",
            "name": "Puneet ",
            "avatar_template": "/user_avatar/discourse.onlinedegree.iitm.ac.in/puneet_21f3002005/{size}/46059_2.png",
            "primary_group_name": "ds-students",
            "flair_name": "ds-students",
            "flair_group_id": 294,
            "trust_level": 1
          }
        },
        {
          "extras": null,
          "description": "Frequent Poster",
          "user": {
            "id": 1213,
            "username": "Irshad",
            "name": "Irshad ",
            "avatar_template": "/user_avatar/discourse.onlinedegree.iitm.ac.in/irshad/{size}/14069_2.png",
            "primary_group_name": "ds-students",
            "flair_name": "ds-students",
            "flair_group_id": 294,
            "trust_level": 1
          }
        }
      ]
    },
    {
      "id": 156757,
      "title": "Issues faced in TDS ROE and MLP OPPE1",
      "fancy_title": "Issues faced in TDS ROE and MLP OPPE1",
      "slug": "issues-faced-in-tds-roe-and-mlp-oppe1",
      "posts_count": 1,
      "reply_count": 0,
      "highest_post_number": 1,
      "image_url": null,
      "created_at": "2024-11-18T08:11:39.301Z",
      "last_posted_at": "2024-11-18T08:11:39.523Z",
      "bumped": true,
      "bumped_at": "2024-11-18T08:11:39.523Z",
      "archetype": "regular",
      "unseen": false,
      "pinned": false,
      "unpinned": null,
      "visible": true,
      "closed": false,
      "archived": false,
      "bookmarked": null,
      "liked": null,
      "tags": [
        "clarification",
        "exam",
        "oppe-1",
        "tds-roe"
      ],
      "tags_descriptions": {},
      "like_count": 1,
      "views": 61,
      "category_id": 33,
      "featured_link": null,
      "has_accepted_answer": false,
      "posters": [
        {
          "extras": "latest single",
          "description": "Original Poster, Most Recent Poster",
          "user": {
            "id": 24584,
            "username": "21f2000099",
            "name": "Allen Joseph Joy",
            "avatar_template": "/user_avatar/discourse.onlinedegree.iitm.ac.in/21f2000099/{size}/87067_2.png",
            "primary_group_name": "ds-students",
            "flair_name": "ds-students",
            "flair_group_id": 294,
            "trust_level": 1
          }
        }
      ]
    },
    {
      "id": 155848,
      "title": "Official Announcement: Important ROE Details [Updated 16th Nov 18.02pm]",
      "fancy_title": "Official Announcement: Important ROE Details [Updated 16th Nov 18.02pm]",
      "slug": "official-announcement-important-roe-details-updated-16th-nov-18-02pm",
      "posts_count": 14,
      "reply_count": 8,
      "highest_post_number": 14,
      "image_url": null,
      "created_at": "2024-11-07T06:05:45.681Z",
      "last_posted_at": "2024-11-17T07:06:43.691Z",
      "bumped": true,
      "bumped_at": "2024-11-17T07:06:43.691Z",
      "archetype": "regular",
      "unseen": false,
      "pinned": false,
      "unpinned": null,
      "visible": true,
      "closed": false,
      "archived": false,
      "bookmarked": null,
      "liked": null,
      "tags": [
        "operational",
        "term3-2024",
        "tds-roe"
      ],
      "tags_descriptions": {},
      "like_count": 28,
      "views": 917,
      "category_id": 34,
      "featured_link": null,
      "has_accepted_answer": false,
      "posters": [
        {
          "extras": null,
          "description": "Original Poster",
          "user": {
            "id": 16094,
            "username": "carlton",
            "name": "Carlton D'Silva",
            "avatar_template": "/user_avatar/discourse.onlinedegree.iitm.ac.in/carlton/{size}/56317_2.png",
            "primary_group_name": "ds-students",
            "flair_name": "ds-students",
            "flair_group_id": 294,
            "trust_level": 3
          }
        },
        {
          "extras": null,
          "description": "Frequent Poster",
          "user": {
            "id": 17065,
            "username": "22F3002354",
            "name": "Yash Rastogi",
            "avatar_template": "/user_avatar/discourse.onlinedegree.iitm.ac.in/22f3002354/{size}/69454_2.png",
            "primary_group_name": "ds-students",
            "flair_name": "ds-students",
            "flair_group_id": 294,
            "trust_level": 1
          }
        },
        {
          "extras": null,
          "description": "Frequent Poster",
          "user": {
            "id": 833,
            "username": "d_ritu07",
            "name": "Rituparno Dhar",
            "avatar_template": "/user_avatar/discourse.onlinedegree.iitm.ac.in/d_ritu07/{size}/9393_2.png",
            "primary_group_name": "ds-students",
            "flair_name": "ds-students",
            "flair_group_id": 294,
            "trust_level": 1
          }
        },
        {
          "extras": null,
          "description": "Frequent Poster",
          "user": {
            "id": 21765,
            "username": "23f2004971",
            "name": "Sulaksh Patnaik",
            "avatar_template": "/user_avatar/discourse.onlinedegree.iitm.ac.in/23f2004971/{size}/66894_2.png",
            "primary_group_name": "ds-students",
            "flair_name": "ds-students",
            "flair_group_id": 294,
            "trust_level": 1
          }
        },
        {
          "extras": "latest",
          "description": "Most Recent Poster",
          "user": {
            "id": 15651,
            "username": "Jivraj",
            "name": "Jivraj Singh Shekhawat",
            "avatar_template": "https://avatars.discourse-cdn.com/v4/letter/j/b9bd4f/{size}.png",
            "primary_group_name": "ds-students",
            "flair_name": "ds-students",
            "flair_group_id": 294,
            "trust_level": 2
          }
        }
      ]
    },
    {
      "id": 109675,
      "title": "Live Session OPPE 18th Nov 2023",
      "fancy_title": "Live Session OPPE 18th Nov 2023",
      "slug": "live-session-oppe-18th-nov-2023",
      "posts_count": 2,
      "reply_count": 0,
      "highest_post_number": 2,
      "image_url": null,
      "created_at": "2023-11-18T13:35:30.885Z",
      "last_posted_at": "2023-11-18T14:42:20.039Z",
      "bumped": true,
      "bumped_at": "2023-11-18T14:42:20.039Z",
      "archetype": "regular",
      "unseen": false,
      "pinned": false,
      "unpinned": null,
      "visible": true,
      "closed": false,
      "archived": false,
      "bookmarked": null,
      "liked": null,
      "tags": [
        "oppe-1",
        "live-session"
      ],
      "tags_descriptions": {},
      "like_count": 1,
      "views": 64,
      "category_id": 38,
      "featured_link": null,
      "has_accepted_answer": false,
      "posters": [
        {
          "extras": null,
          "description": "Original Poster",
          "user": {
            "id": 11513,
            "username": "21f3002975",
            "name": "Vasu",
            "avatar_template": "/user_avatar/discourse.onlinedegree.iitm.ac.in/21f3002975/{size}/17424_2.png",
            "primary_group_name": "ds-students",
            "flair_name": "ds-students",
            "flair_group_id": 294,
            "trust_level": 2
          }
        },
        {
          "extras": "latest",
          "description": "Most Recent Poster",
          "user": {
            "id": 8,
            "username": "arup.kr",
            "name": "Arup Kumar Chattopadhyay",
            "avatar_template": "/user_avatar/discourse.onlinedegree.iitm.ac.in/arup.kr/{size}/24_2.png",
            "primary_group_name": "course_support",
            "flair_name": "course_support",
            "flair_url": "scale-balanced",
            "flair_bg_color": "0040ff",
            "flair_color": "1affc6",
            "flair_group_id": 41,
            "trust_level": 4
          }
        }
      ]
    },
    {
      "id": 140556,
      "title": "Urgent: Exam Deadline Discrepancy Issue",
      "fancy_title": "Urgent: Exam Deadline Discrepancy Issue",
      "slug": "urgent-exam-deadline-discrepancy-issue",
      "posts_count": 4,
      "reply_count": 1,
      "highest_post_number": 4,
      "image_url": null,
      "created_at": "2024-07-20T18:03:01.937Z",
      "last_posted_at": "2024-07-22T04:07:19.998Z",
      "bumped": true,
      "bumped_at": "2024-07-22T04:07:19.998Z",
      "archetype": "regular",
      "unseen": false,
      "pinned": false,
      "unpinned": null,
      "visible": true,
      "closed": false,
      "archived": false,
      "bookmarked": null,
      "liked": null,
      "tags": [
        "tds-roe"
      ],
      "tags_descriptions": {},
      "like_count": 0,
      "views": 69,
      "category_id": 34,
      "featured_link": null,
      "has_accepted_answer": false,
      "posters": [
        {
          "extras": null,
          "description": "Original Poster",
          "user": {
            "id": 20886,
            "username": "23f2000979",
            "name": "Adwait Keshari ",
            "avatar_template": "/user_avatar/discourse.onlinedegree.iitm.ac.in/23f2000979/{size}/68296_2.png",
            "primary_group_name": "ds-students",
            "flair_name": "ds-students",
            "flair_group_id": 294,
            "trust_level": 1
          }
        },
        {
          "extras": null,
          "description": "Frequent Poster",
          "user": {
            "id": 16144,
            "username": "22f3000652",
            "name": "Madhuresh",
            "avatar_template": "/user_avatar/discourse.onlinedegree.iitm.ac.in/22f3000652/{size}/66817_2.png",
            "primary_group_name": "ds-students",
            "flair_name": "ds-students",
            "flair_group_id": 294,
            "trust_level": 1
          }
        },
        {
          "extras": null,
          "description": "Frequent Poster",
          "user": {
            "id": 15840,
            "username": "22f3003003",
            "name": "Divyam Kumar ",
            "avatar_template": "/user_avatar/discourse.onlinedegree.iitm.ac.in/22f3003003/{size}/67953_2.png",
            "primary_group_name": "ds-students",
            "flair_name": "ds-students",
            "flair_group_id": 294,
            "trust_level": 1
          }
        },
        {
          "extras": "latest",
          "description": "Most Recent Poster",
          "user": {
            "id": 16094,
            "username": "carlton",
            "name": "Carlton D'Silva",
            "avatar_template": "/user_avatar/discourse.onlinedegree.iitm.ac.in/carlton/{size}/56317_2.png",
            "primary_group_name": "ds-students",
            "flair_name": "ds-students",
            "flair_group_id": 294,
            "trust_level": 3
          }
        }
      ]
    }
  ],
  "summarizable": false,
  "valid_reactions": [
    "heart",
    "+1",
    "laughing",
    "open_mouth",
    "clap",
    "confetti_ball",
    "rocket",
    "-1"
  ],
  "accepted_answer": {
    "post_number": 3,
    "username": "carlton",
    "name": null,
    "excerpt": "<a class=\"mention\" href=\"/u/nelson\">@Nelson</a> \nTDS ROE is at 1pm in the afternoon for everyone.",
    "accepter_name": null,
    "accepter_username": "Jivraj"
  },
  "can_vote": false,
  "vote_count": 0,
  "user_voted": false,
  "discourse_zendesk_plugin_zendesk_id": null,
  "discourse_zendesk_plugin_zendesk_url": "https://your-url.zendesk.com/agent/tickets/",
  "details": {
    "can_edit": false,
    "notification_level": 1,
    "can_create_post": true,
    "can_reply_as_new_topic": true,
    "can_flag_topic": true,
    "participants": [
      {
        "id": 12220,
        "username": "Nelson",
        "name": "Nelson Jochim DSouza",
        "avatar_template": "/user_avatar/discourse.onlinedegree.iitm.ac.in/nelson/{size}/66583_2.png",
        "post_count": 2,
        "primary_group_name": "ds-students",
        "flair_name": "ds-students",
        "flair_url": null,
        "flair_color": "",
        "flair_bg_color": "",
        "flair_group_id": 294,
        "trust_level": 1
      },
      {
        "id": 16094,
        "username": "carlton",
        "name": "Carlton D'Silva",
        "avatar_template": "/user_avatar/discourse.onlinedegree.iitm.ac.in/carlton/{size}/56317_2.png",
        "post_count": 1,
        "primary_group_name": "ds-students",
        "flair_name": "ds-students",
        "flair_url": null,
        "flair_color": "",
        "flair_bg_color": "",
        "flair_group_id": 294,
        "trust_level": 3
      },
      {
        "id": 21948,
        "username": "23f2004752",
        "name": "Ansh bansal",
        "avatar_template": "/user_avatar/discourse.onlinedegree.iitm.ac.in/23f2004752/{size}/68296_2.png",
        "post_count": 1,
        "primary_group_name": "ds-students",
        "flair_name": "ds-students",
        "flair_url": null,
        "flair_color": "",
        "flair_bg_color": "",
        "flair_group_id": 294,
        "trust_level": 1
      }
    ],
    "created_by": {
      "id": 12220,
      "username": "Nelson",
      "name": "Nelson Jochim DSouza",
      "avatar_template": "/user_avatar/discourse.onlinedegree.iitm.ac.in/nelson/{size}/66583_2.png"
    },
    "last_poster": {
      "id": 12220,
      "username": "Nelson",
      "name": "Nelson Jochim DSouza",
      "avatar_template": "/user_avatar/discourse.onlinedegree.iitm.ac.in/nelson/{size}/66583_2.png"
    }
  },
  "pending_posts": [],
  "bookmarks": []
}