{
  "post_stream": {
    "posts": [
      {
        "id": 586611,
        "name": "Anushka Kumar",
        "username": "22f2000559",
        "avatar_template": "/user_avatar/discourse.onlinedegree.iitm.ac.in/22f2000559/{size}/13152_2.png",
        "created_at": "2025-01-27T07:08:49.269Z",
        "cooked": "<p>Respected Sir <a class=\"mention\" href=\"/u/carlton\">@carlton</a>,</p>\n<p>I realized there are still many topics to learn in order to complete the TDS Course ( With an A or S Grade) as I have missed some questions (Couldn’t do even after studying the videos ) .</p>\n<p>Therefore wanted to learn and regardless of the scoring I still wish to complete GA1 but, I see that I can’t access the questions  anymore …</p>\n<p>Is there any way to give the answers in the portal and check. I just want to learn and test my knowledge</p>\n<p>Thank You,<br>\n22f2000559.</p>",
        "post_number": 1,
        "post_type": 1,
        "posts_count": 7,
        "updated_at": "2025-01-27T07:08:49.269Z",
        "reply_count": 0,
        "reply_to_post_number": null,
        "quote_count": 0,
        "incoming_link_count": 1,
        "reads": 51,
        "readers_count": 50,
        "score": 29.8,
        "yours": false,
        "topic_id": 165433,
        "topic_slug": "questions-closed-ga",
        "display_username": "Anushka Kumar",
        "primary_group_name": "ds-students",
        "flair_name": "ds-students",
        "flair_url": null,
        "flair_bg_color": "",
        "flair_color": "",
        "flair_group_id": 294,
        "badges_granted": [],
        "version": 1,
        "can_edit": false,
        "can_delete": false,
        "can_recover": false,
        "can_see_hidden_post": false,
        "can_wiki": false,
        "read": false,
        "user_title": "",
        "bookmarked": false,
        "actions_summary": [
          {
            "id": 2,
            "count": 1,
            "can_act": true
          },
          {
            "id": 6,
            "can_act": true
          },
          {
            "id": 3,
            "can_act": true
          },
          {
            "id": 4,
            "can_act": true
          },
          {
            "id": 8,
            "can_act": true
          },
          {
            "id": 10,
            "can_act": true
          },
          {
            "id": 7,
            "can_act": true
          }
        ],
        "moderator": false,
        "admin": false,
        "staff": false,
        "user_id": 13976,
        "hidden": false,
        "trust_level": 1,
        "deleted_at": null,
        "user_deleted": false,
        "edit_reason": null,
        "can_view_edit_history": true,
        "wiki": false,
        "post_url": "/t/questions-closed-ga/165433/1",
        "user_cakedate": "2022-08-01",
        "reactions": [
          {
            "id": "heart",
            "type": "emoji",
            "count": 1
          }
        ],
        "current_user_reaction": null,
        "reaction_users_count": 1,
        "current_user_used_main_reaction": false,
        "can_accept_answer": false,
        "can_unaccept_answer": false,
        "accepted_answer": false,
        "topic_accepted_answer": true,
        "can_vote": false
      },
      {
        "id": 586634,
        "name": "Yogesh",
        "username": "Yogesh1",
        "avatar_template": "/user_avatar/discourse.onlinedegree.iitm.ac.in/yogesh1/{size}/32697_2.png",
        "created_at": "2025-01-27T07:46:21.658Z",
        "cooked": "<p>Yeah. There must be a mechanism by which the scores get frozen but students are able to practise even after the deadline.</p>",
        "post_number": 2,
        "post_type": 1,
        "posts_count": 7,
        "updated_at": "2025-01-27T07:46:21.658Z",
        "reply_count": 0,
        "reply_to_post_number": null,
        "quote_count": 0,
        "incoming_link_count": 0,
        "reads": 50,
        "readers_count": 49,
        "score": 54.6,
        "yours": false,
        "topic_id": 165433,
        "topic_slug": "questions-closed-ga",
        "display_username": "Yogesh",
        "primary_group_name": "ds-students",
        "flair_name": "ds-students",
        "flair_url": null,
        "flair_bg_color": "",
        "flair_color": "",
        "flair_group_id": 294,
        "badges_granted": [],
        "version": 1,
        "can_edit": false,
        "can_delete": false,
        "can_recover": false,
        "can_see_hidden_post": false,
        "can_wiki": false,
        "read": false,
        "user_title": null,
        "bookmarked": false,
        "actions_summary": [
          {
            "id": 2,
            "count": 3,
            "can_act": true
          },
          {
            "id": 6,
            "can_act": true
          },
          {
            "id": 3,
            "can_act": true
          },
          {
            "id": 4,
            "can_act": true
          },
          {
            "id": 8,
            "can_act": true
          },
          {
            "id": 10,
            "can_act": true
          },
          {
            "id": 7,
            "can_act": true
          }
        ],
        "moderator": false,
        "admin": false,
        "staff": false,
        "user_id": 7795,
        "hidden": false,
        "trust_level": 1,
        "deleted_at": null,
        "user_deleted": false,
        "edit_reason": null,
        "can_view_edit_history": true,
        "wiki": false,
        "post_url": "/t/questions-closed-ga/165433/2",
        "user_cakedate": "2021-10-14",
        "reactions": [
          {
            "id": "heart",
            "type": "emoji",
            "count": 3
          }
        ],
        "current_user_reaction": null,
        "reaction_users_count": 3,
        "current_user_used_main_reaction": false,
        "can_accept_answer": false,
        "can_unaccept_answer": false,
        "accepted_answer": false,
        "topic_accepted_answer": true
      },
      {
        "id": 587241,
        "name": "Parth Patel",
        "username": "parthpatel",
        "avatar_template": "/user_avatar/discourse.onlinedegree.iitm.ac.in/parthpatel/{size}/253_2.png",
        "created_at": "2025-01-28T14:11:36.042Z",
        "cooked": "<p><a class=\"mention\" href=\"/u/carlton\">@carlton</a> <a class=\"mention\" href=\"/u/s.anand\">@s.anand</a> Please provide a solution</p>\n<p>Edit: <a class=\"mention\" href=\"/u/yogesh1\">@Yogesh1</a> <a class=\"mention\" href=\"/u/22f2000559\">@22f2000559</a> There is a way to access GA1 - you can login with any other email ID, as the site is meant for general public too. You won’t be able to submit the assignments, so you might have to self-evaluate.</p>",
        "post_number": 3,
        "post_type": 1,
        "posts_count": 7,
        "updated_at": "2025-01-28T14:47:13.946Z",
        "reply_count": 0,
        "reply_to_post_number": null,
        "quote_count": 0,
        "incoming_link_count": 1,
        "reads": 40,
        "readers_count": 39,
        "score": 27.6,
        "yours": false,
        "topic_id": 165433,
        "topic_slug": "questions-closed-ga",
        "display_username": "Parth Patel",
        "primary_group_name": "ds-students",
        "flair_name": "ds-students",
        "flair_url": null,
        "flair_bg_color": "",
        "flair_color": "",
        "flair_group_id": 294,
        "badges_granted": [],
        "version": 3,
        "can_edit": false,
        "can_delete": false,
        "can_recover": false,
        "can_see_hidden_post": false,
        "can_wiki": false,
        "read": false,
        "user_title": "",
        "bookmarked": false,
        "actions_summary": [
          {
            "id": 2,
            "count": 1,
            "can_act": true
          },
          {
            "id": 6,
            "can_act": true
          },
          {
            "id": 3,
            "can_act": true
          },
          {
            "id": 4,
            "can_act": true
          },
          {
            "id": 8,
            "can_act": true
          },
          {
            "id": 10,
            "can_act": true
          },
          {
            "id": 7,
            "can_act": true
          }
        ],
        "moderator": false,
        "admin": false,
        "staff": false,
        "user_id": 3672,
        "hidden": false,
        "trust_level": 1,
        "deleted_at": null,
        "user_deleted": false,
        "edit_reason": null,
        "can_view_edit_history": true,
        "wiki": false,
        "post_url": "/t/questions-closed-ga/165433/3",
        "user_cakedate": "2021-05-05",
        "reactions": [
          {
            "id": "heart",
            "type": "emoji",
            "count": 1
          }
        ],
        "current_user_reaction": null,
        "reaction_users_count": 1,
        "current_user_used_main_reaction": false,
        "can_accept_answer": false,
        "can_unaccept_answer": false,
        "accepted_answer": false,
        "topic_accepted_answer": true
      },
      {
        "id": 587348,
        "name": "Anand S",
        "username": "s.anand",
        "avatar_template": "/user_avatar/discourse.onlinedegree.iitm.ac.in/s.anand/{size}/15264_2.png",
        "created_at": "2025-01-29T00:47:24.122Z",
        "cooked": "<p><a class=\"mention\" href=\"/u/22f2000559\">@22f2000559</a> – Good point. I’ve enabled access now.</p>\n<p><a class=\"mention\" href=\"/u/parthpatel\">@parthpatel</a> – nice workaround!</p>",
        "post_number": 4,
        "post_type": 1,
        "posts_count": 7,
        "updated_at": "2025-01-29T00:47:24.122Z",
        "reply_count": 1,
        "reply_to_post_number": null,
        "quote_count": 0,
        "incoming_link_count": 1,
        "reads": 35,
        "readers_count": 34,
        "score": 61.8,
        "yours": false,
        "topic_id": 165433,
        "topic_slug": "questions-closed-ga",
        "display_username": "Anand S",
        "primary_group_name": "faculty",
        "flair_name": "faculty",
        "flair_url": "chalkboard-user",
        "flair_bg_color": "f2c26e",
        "flair_color": "000",
        "flair_group_id": 54,
        "badges_granted": [],
        "version": 1,
        "can_edit": false,
        "can_delete": false,
        "can_recover": false,
        "can_see_hidden_post": false,
        "can_wiki": false,
        "read": false,
        "user_title": "Course_faculty",
        "title_is_group": true,
        "bookmarked": false,
        "actions_summary": [
          {
            "id": 2,
            "count": 3,
            "can_act": true
          },
          {
            "id": 6,
            "can_act": true
          },
          {
            "id": 3,
            "can_act": true
          },
          {
            "id": 4,
            "can_act": true
          },
          {
            "id": 8,
            "can_act": true
          },
          {
            "id": 10,
            "can_act": true
          },
          {
            "id": 7,
            "can_act": true
          }
        ],
        "moderator": false,
        "admin": false,
        "staff": false,
        "user_id": 9419,
        "hidden": false,
        "trust_level": 4,
        "deleted_at": null,
        "user_deleted": false,
        "edit_reason": null,
        "can_view_edit_history": true,
        "wiki": false,
        "post_url": "/t/questions-closed-ga/165433/4",
        "user_cakedate": "2022-01-03",
        "reactions": [
          {
            "id": "heart",
            "type": "emoji",
            "count": 3
          }
        ],
        "current_user_reaction": null,
        "reaction_users_count": 3,
        "current_user_used_main_reaction": false,
        "can_accept_answer": false,
        "can_unaccept_answer": false,
        "accepted_answer": true,
        "topic_accepted_answer": true
      },
      {
        "id": 590377,
        "name": "Parth Patel",
        "username": "parthpatel",
        "avatar_template": "/user_avatar/discourse.onlinedegree.iitm.ac.in/parthpatel/{size}/253_2.png",
        "created_at": "2025-02-03T17:34:54.550Z",
        "cooked": "<p><a class=\"mention\" href=\"/u/carlton\">@carlton</a> <a class=\"mention\" href=\"/u/s.anand\">@s.anand</a></p>\n<p>Sorry to bother you again, but there is another issue about inactive download buttons for required files for the problems. Also it will be nice if the evaluations are turned on too.</p>",
        "post_number": 5,
        "post_type": 1,
        "posts_count": 7,
        "updated_at": "2025-02-04T03:54:18.408Z",
        "reply_count": 1,
        "reply_to_post_number": 4,
        "quote_count": 0,
        "incoming_link_count": 1,
        "reads": 26,
        "readers_count": 25,
        "score": 15.0,
        "yours": false,
        "topic_id": 165433,
        "topic_slug": "questions-closed-ga",
        "display_username": "Parth Patel",
        "primary_group_name": "ds-students",
        "flair_name": "ds-students",
        "flair_url": null,
        "flair_bg_color": "",
        "flair_color": "",
        "flair_group_id": 294,
        "badges_granted": [],
        "version": 2,
        "can_edit": false,
        "can_delete": false,
        "can_recover": false,
        "can_see_hidden_post": false,
        "can_wiki": false,
        "read": false,
        "user_title": "",
        "reply_to_user": {
          "id": 9419,
          "username": "s.anand",
          "name": "Anand S",
          "avatar_template": "/user_avatar/discourse.onlinedegree.iitm.ac.in/s.anand/{size}/15264_2.png"
        },
        "bookmarked": false,
        "actions_summary": [
          {
            "id": 2,
            "can_act": true
          },
          {
            "id": 6,
            "can_act": true
          },
          {
            "id": 3,
            "can_act": true
          },
          {
            "id": 4,
            "can_act": true
          },
          {
            "id": 8,
            "can_act": true
          },
          {
            "id": 10,
            "can_act": true
          },
          {
            "id": 7,
            "can_act": true
          }
        ],
        "moderator": false,
        "admin": false,
        "staff": false,
        "user_id": 3672,
        "hidden": false,
        "trust_level": 1,
        "deleted_at": null,
        "user_deleted": false,
        "edit_reason": null,
        "can_view_edit_history": true,
        "wiki": false,
        "post_url": "/t/questions-closed-ga/165433/5",
        "user_cakedate": "2021-05-05",
        "reactions": [],
        "current_user_reaction": null,
        "reaction_users_count": 0,
        "current_user_used_main_reaction": false,
        "can_accept_answer": false,
        "can_unaccept_answer": false,
        "accepted_answer": false,
        "topic_accepted_answer": true
      },
      {
        "id": 590441,
        "name": "Anand S",
        "username": "s.anand",
        "avatar_template": "/user_avatar/discourse.onlinedegree.iitm.ac.in/s.anand/{size}/15264_2.png",
        "created_at": "2025-02-04T04:24:53.476Z",
        "cooked": "<p>Good point. Fixed now.</p>",
        "post_number": 6,
        "post_type": 1,
        "posts_count": 7,
        "updated_at": "2025-02-04T04:24:53.476Z",
        "reply_count": 0,
        "reply_to_post_number": 5,
        "quote_count": 0,
        "incoming_link_count": 0,
        "reads": 24,
        "readers_count": 23,
        "score": 34.4,
        "yours": false,
        "topic_id": 165433,
        "topic_slug": "questions-closed-ga",
        "display_username": "Anand S",
        "primary_group_name": "faculty",
        "flair_name": "faculty",
        "flair_url": "chalkboard-user",
        "flair_bg_color": "f2c26e",
        "flair_color": "000",
        "flair_group_id": 54,
        "badges_granted": [],
        "version": 1,
        "can_edit": false,
        "can_delete": false,
        "can_recover": false,
        "can_see_hidden_post": false,
        "can_wiki": false,
        "read": false,
        "user_title": "Course_faculty",
        "title_is_group": true,
        "reply_to_user": {
          "id": 3672,
          "username": "parthpatel",
          "name": "Parth Patel",
          "avatar_template": "/user_avatar/discourse.onlinedegree.iitm.ac.in/parthpatel/{size}/253_2.png"
        },
        "bookmarked": false,
        "actions_summary": [
          {
            "id": 2,
            "count": 2,
            "can_act": true
          },
          {
            "id": 6,
            "can_act": true
          },
          {
            "id": 3,
            "can_act": true
          },
          {
            "id": 4,
            "can_act": true
          },
          {
            "id": 8,
            "can_act": true
          },
          {
            "id": 10,
            "can_act": true
          },
          {
            "id": 7,
            "can_act": true
          }
        ],
        "moderator": false,
        "admin": false,
        "staff": false,
        "user_id": 9419,
        "hidden": false,
        "trust_level": 4,
        "deleted_at": null,
        "user_deleted": false,
        "edit_reason": null,
        "can_view_edit_history": true,
        "wiki": false,
        "post_url": "/t/questions-closed-ga/165433/6",
        "user_cakedate": "2022-01-03",
        "reactions": [
          {
            "id": "heart",
            "type": "emoji",
            "count": 2
          }
        ],
        "current_user_reaction": null,
        "reaction_users_count": 2,
        "current_user_used_main_reaction": false,
        "can_accept_answer": false,
        "can_unaccept_answer": false,
        "accepted_answer": false,
        "topic_accepted_answer": true
      },
      {
        "id": 591519,
        "name": "Anushka Kumar",
        "username": "22f2000559",
        "avatar_template": "/user_avatar/discourse.onlinedegree.iitm.ac.in/22f2000559/{size}/13152_2.png",
        "created_at": "2025-02-07T07:36:00.899Z",
        "cooked": "<p><a class=\"mention\" href=\"/u/s.anand\">@s.anand</a> Sir,<br>\nCan you please enable the evaluations for all GAs who have crossed the deadlines?</p>",
        "post_number": 7,
        "post_type": 1,
        "posts_count": 7,
        "updated_at": "2025-02-07T07:36:00.899Z",
        "reply_count": 0,
        "reply_to_post_number": null,
        "quote_count": 0,
        "incoming_link_count": 0,
        "reads": 14,
        "readers_count": 13,
        "score": 2.2,
        "yours": false,
        "topic_id": 165433,
        "topic_slug": "questions-closed-ga",
        "display_username": "Anushka Kumar",
        "primary_group_name": "ds-students",
        "flair_name": "ds-students",
        "flair_url": null,
        "flair_bg_color": "",
        "flair_color": "",
        "flair_group_id": 294,
        "badges_granted": [],
        "version": 1,
        "can_edit": false,
        "can_delete": false,
        "can_recover": false,
        "can_see_hidden_post": false,
        "can_wiki": false,
        "read": false,
        "user_title": "",
        "bookmarked": false,
        "actions_summary": [
          {
            "id": 2,
            "can_act": true
          },
          {
            "id": 6,
            "can_act": true
          },
          {
            "id": 3,
            "can_act": true
          },
          {
            "id": 4,
            "can_act": true
          },
          {
            "id": 8,
            "can_act": true
          },
          {
            "id": 10,
            "can_act": true
          },
          {
            "id": 7,
            "can_act": true
          }
        ],
        "moderator": false,
        "admin": false,
        "staff": false,
        "user_id": 13976,
        "hidden": false,
        "trust_level": 1,
        "deleted_at": null,
        "user_deleted": false,
        "edit_reason": null,
        "can_view_edit_history": true,
        "wiki": false,
        "post_url": "/t/questions-closed-ga/165433/7",
        "user_cakedate": "2022-08-01",
        "reactions": [],
        "current_user_reaction": null,
        "reaction_users_count": 0,
        "current_user_used_main_reaction": false,
        "can_accept_answer": false,
        "can_unaccept_answer": false,
        "accepted_answer": false,
        "topic_accepted_answer": true
      }
    ],
    "stream": [
      586611,
      586634,
      587241,
      587348,
      590377,
      590441,
      591519
    ]
  },
  "timeline_lookup": [
    [
      1,
      124
    ],
    [
      3,
      123
    ],
    [
      5,
      117
    ],
    [
      6,
      116
    ],
    [
      7,
      113
    ]
  ],
  "suggested_topics": [
    {
      "id": 173524,
      "title": "GA1 - Development Tools - Discussion Thread [TDS May 2025]",
      "fancy_title": "GA1 - Development Tools - Discussion Thread [TDS May 2025]",
      "slug": "ga1-development-tools-discussion-thread-tds-may-2025",
      "posts_count": 80,
      "reply_count": 51,
      "highest_post_number": 85,
      "image_url": null,
      "created_at": "2025-05-01T11:39:00.734Z",
      "last_posted_at": "2025-05-31T15:34:18.368Z",
      "bumped": true,
      "bumped_at": "2025-05-31T15:34:18.368Z",
      "archetype": "regular",
      "unseen": false,
      "last_read_post_number": 82,
      "unread": 0,
      "new_posts": 3,
      "unread_posts": 3,
      "pinned": false,
      "unpinned": null,
      "visible": true,
      "closed": false,
      "archived": false,
      "notification_level": 2,
      "bookmarked": false,
      "liked": false,
      "tags": [
        "term2-2025",
        "graded-assignment"
      ],
      "tags_descriptions": {},
      "like_count": 25,
      "views": 1155,
      "category_id": 34,
      "featured_link": null,
      "has_accepted_answer": false,
      "posters": [
        {
          "extras": null,
          "description": "Original Poster",
          "user": {
            "id": 9419,
            "username": "s.anand",
            "name": "Anand S",
            "avatar_template": "/user_avatar/discourse.onlinedegree.iitm.ac.in/s.anand/{size}/15264_2.png",
            "primary_group_name": "faculty",
            "flair_name": "faculty",
            "flair_url": "chalkboard-user",
            "flair_bg_color": "f2c26e",
            "flair_color": "000",
            "flair_group_id": 54,
            "trust_level": 4
          }
        },
        {
          "extras": null,
          "description": "Frequent Poster",
          "user": {
            "id": 22472,
            "username": "Advaith52",
            "name": "Advaith Sanil Kumar",
            "avatar_template": "/user_avatar/discourse.onlinedegree.iitm.ac.in/advaith52/{size}/67172_2.png",
            "primary_group_name": "ds-students",
            "flair_name": "ds-students",
            "flair_group_id": 294,
            "trust_level": 1
          }
        },
        {
          "extras": null,
          "description": "Frequent Poster",
          "user": {
            "id": 16094,
            "username": "carlton",
            "name": "Carlton D'Silva",
            "avatar_template": "/user_avatar/discourse.onlinedegree.iitm.ac.in/carlton/{size}/56317_2.png",
            "primary_group_name": "ds-students",
            "flair_name": "ds-students",
            "flair_group_id": 294,
            "trust_level": 3
          }
        },
        {
          "extras": null,
          "description": "Frequent Poster",
          "user": {
            "id": 15658,
            "username": "HritikRoshan_HRM",
            "name": "HRITIK ROSHAN MAURYA",
            "avatar_template": "/user_avatar/discourse.onlinedegree.iitm.ac.in/hritikroshan_hrm/{size}/66975_2.png",
            "primary_group_name": "ds-students",
            "flair_name": "ds-students",
            "flair_group_id": 294,
            "trust_level": 1
          }
        },
        {
          "extras": "latest",
          "description": "Most Recent Poster",
          "user": {
            "id": 12914,
            "username": "iAnimeshS",
            "name": "Animesh",
            "avatar_template": "/user_avatar/discourse.onlinedegree.iitm.ac.in/ianimeshs/{size}/12415_2.png",
            "primary_group_name": "ds-students",
            "flair_name": "ds-students",
            "flair_group_id": 294,
            "trust_level": 1
          }
        }
      ]
    },
    {
      "id": 176789,
      "title": "Vercel deployement error",
      "fancy_title": "Vercel deployement error",
      "slug": "vercel-deployement-error",
      "posts_count": 1,
      "reply_count": 0,
      "highest_post_number": 1,
      "image_url": null,
      "created_at": "2025-05-31T11:55:22.507Z",
      "last_posted_at": "2025-05-31T11:55:22.708Z",
      "bumped": true,
      "bumped_at": "2025-05-31T11:55:22.708Z",
      "archetype": "regular",
      "unseen": true,
      "pinned": false,
      "unpinned": null,
      "visible": true,
      "closed": false,
      "archived": false,
      "bookmarked": null,
      "liked": null,
      "tags": [
        "diploma-level",
        "term2-2025"
      ],
      "tags_descriptions": {},
      "like_count": 0,
      "views": 9,
      "category_id": 34,
      "featured_link": null,
      "has_accepted_answer": false,
      "posters": [
        {
          "extras": "latest single",
          "description": "Original Poster, Most Recent Poster",
          "user": {
            "id": 25506,
            "username": "23f3003724",
            "name": "Vedika Gupta",
            "avatar_template": "/user_avatar/discourse.onlinedegree.iitm.ac.in/23f3003724/{size}/68806_2.png",
            "primary_group_name": "ds-students",
            "flair_name": "ds-students",
            "flair_group_id": 294,
            "trust_level": 1
          }
        }
      ]
    }
  ],
  "tags": [
    "miscellaneous",
    "operational",
    "diploma-level",
    "tds"
  ],
  "tags_descriptions": {},
  "id": 165433,
  "title": "Questions closed (GA)",
  "fancy_title": "Questions closed (GA)",
  "posts_count": 7,
  "created_at": "2025-01-27T07:08:48.980Z",
  "views": 79,
  "reply_count": 2,
  "like_count": 10,
  "last_posted_at": "2025-02-07T07:36:00.899Z",
  "visible": true,
  "closed": false,
  "archived": false,
  "has_summary": false,
  "archetype": "regular",
  "slug": "questions-closed-ga",
  "category_id": 34,
  "word_count": 229,
  "deleted_at": null,
  "user_id": 13976,
  "featured_link": null,
  "pinned_globally": false,
  "pinned_at": null,
  "pinned_until": null,
  "image_url": null,
  "slow_mode_seconds": 0,
  "draft": null,
  "draft_key": "topic_165433",
  "draft_sequence": 0,
  "unpinned": null,
  "pinned": false,
  "current_post_number": 1,
  "highest_post_number": 7,
  "deleted_by": null,
  "actions_summary": [
    {
      "id": 4,
      "count": 0,
      "hidden": false,
      "can_act": true
    },
    {
      "id": 8,
      "count": 0,
      "hidden": false,
      "can_act": true
    },
    {
      "id": 10,
      "count": 0,
      "hidden": false,
      "can_act": true
    },
    {
      "id": 7,
      "count": 0,
      "hidden": false,
      "can_act": true
    }
  ],
  "chunk_size": 20,
  "bookmarked": false,
  "topic_timer": null,
  "message_bus_last_id": 0,
  "participant_count": 4,
  "show_read_indicator": false,
  "thumbnails": null,
  "slow_mode_enabled_until": null,
  "tags_disable_ads": false,
  "related_topics": [
    {
      "id": 152074,
      "title": "TDS Week 1 Assignment Not Visible",
      "fancy_title": "TDS Week 1 Assignment Not Visible",
      "slug": "tds-week-1-assignment-not-visible",
      "posts_count": 4,
      "reply_count": 0,
      "highest_post_number": 4,
      "image_url": "https://europe1.discourse-cdn.com/flex013/uploads/iitm/optimized/3X/9/4/94860001617a62687f447d11c347633f50b8d4e9_2_1023x441.png",
      "created_at": "2024-10-13T04:42:53.396Z",
      "last_posted_at": "2024-10-13T07:41:11.106Z",
      "bumped": true,
      "bumped_at": "2024-10-13T07:44:51.608Z",
      "archetype": "regular",
      "unseen": false,
      "pinned": false,
      "unpinned": null,
      "visible": true,
      "closed": false,
      "archived": false,
      "bookmarked": null,
      "liked": null,
      "tags": [
        "operational",
        "diploma-level",
        "graded-assignment"
      ],
      "tags_descriptions": {},
      "like_count": 0,
      "views": 36,
      "category_id": 34,
      "featured_link": null,
      "has_accepted_answer": false,
      "posters": [
        {
          "extras": null,
          "description": "Original Poster",
          "user": {
            "id": 9145,
            "username": "21f3002488",
            "name": "Dhruv Sharma",
            "avatar_template": "/user_avatar/discourse.onlinedegree.iitm.ac.in/21f3002488/{size}/113691_2.png",
            "primary_group_name": "ds-students",
            "flair_name": "ds-students",
            "flair_group_id": 294,
            "trust_level": 1
          }
        },
        {
          "extras": null,
          "description": "Frequent Poster",
          "user": {
            "id": 15853,
            "username": "somsubhra",
            "name": "Somsubhra De",
            "avatar_template": "https://avatars.discourse-cdn.com/v4/letter/s/c2a13f/{size}.png",
            "primary_group_name": "ds-students",
            "trust_level": 2
          }
        },
        {
          "extras": "latest",
          "description": "Most Recent Poster",
          "user": {
            "id": 16094,
            "username": "carlton",
            "name": "Carlton D'Silva",
            "avatar_template": "/user_avatar/discourse.onlinedegree.iitm.ac.in/carlton/{size}/56317_2.png",
            "primary_group_name": "ds-students",
            "flair_name": "ds-students",
            "flair_group_id": 294,
            "trust_level": 3
          }
        }
      ]
    },
    {
      "id": 151973,
      "title": "Question No 4 in TDS webarchive link is dead in GA2",
      "fancy_title": "Question No 4 in TDS webarchive link is dead in GA2",
      "slug": "question-no-4-in-tds-webarchive-link-is-dead-in-ga2",
      "posts_count": 4,
      "reply_count": 0,
      "highest_post_number": 4,
      "image_url": null,
      "created_at": "2024-10-11T23:48:27.758Z",
      "last_posted_at": "2024-10-20T05:40:59.905Z",
      "bumped": true,
      "bumped_at": "2024-10-20T05:40:59.905Z",
      "archetype": "regular",
      "unseen": false,
      "pinned": false,
      "unpinned": null,
      "visible": true,
      "closed": false,
      "archived": false,
      "bookmarked": null,
      "liked": null,
      "tags": [
        "operational"
      ],
      "tags_descriptions": {},
      "like_count": 1,
      "views": 45,
      "category_id": 34,
      "featured_link": null,
      "has_accepted_answer": true,
      "posters": [
        {
          "extras": null,
          "description": "Original Poster",
          "user": {
            "id": 22348,
            "username": "23f2005597",
            "name": "NARAYAN_BABU_MURALI",
            "avatar_template": "/user_avatar/discourse.onlinedegree.iitm.ac.in/23f2005597/{size}/68111_2.png",
            "primary_group_name": "ds-students",
            "flair_name": "ds-students",
            "flair_group_id": 294,
            "trust_level": 0
          }
        },
        {
          "extras": null,
          "description": "Frequent Poster, Accepted Answer",
          "user": {
            "id": 15475,
            "username": "22f3002293",
            "name": "Rajat Goel",
            "avatar_template": "/user_avatar/discourse.onlinedegree.iitm.ac.in/22f3002293/{size}/92210_2.png",
            "primary_group_name": "ds-students",
            "flair_name": "ds-students",
            "flair_group_id": 294,
            "trust_level": 2
          }
        },
        {
          "extras": "latest",
          "description": "Most Recent Poster",
          "user": {
            "id": 3230,
            "username": "shriaviator",
            "name": "Srinivas Chilukuri",
            "avatar_template": "https://avatars.discourse-cdn.com/v4/letter/s/59ef9b/{size}.png",
            "primary_group_name": "ds-students",
            "flair_name": "Community-TA",
            "flair_url": "handshake-angle",
            "flair_bg_color": "717BF7",
            "flair_color": "6BEE3D",
            "flair_group_id": 89,
            "trust_level": 2
          }
        }
      ]
    },
    {
      "id": 170131,
      "title": "Problem with TDS GA Scores",
      "fancy_title": "Problem with TDS GA Scores",
      "slug": "problem-with-tds-ga-scores",
      "posts_count": 2,
      "reply_count": 0,
      "highest_post_number": 2,
      "image_url": "https://europe1.discourse-cdn.com/flex013/uploads/iitm/optimized/3X/5/5/55a128c9bfe559f473f6bbefc14cd659cb0f36b4_2_1024x545.png",
      "created_at": "2025-03-16T18:46:29.577Z",
      "last_posted_at": "2025-03-17T03:38:14.468Z",
      "bumped": true,
      "bumped_at": "2025-03-17T03:38:14.468Z",
      "archetype": "regular",
      "unseen": false,
      "pinned": false,
      "unpinned": null,
      "visible": true,
      "closed": false,
      "archived": false,
      "bookmarked": null,
      "liked": null,
      "tags": [
        "clarification",
        "miscellaneous",
        "diploma-level"
      ],
      "tags_descriptions": {},
      "like_count": 0,
      "views": 55,
      "category_id": 34,
      "featured_link": null,
      "has_accepted_answer": false,
      "posters": [
        {
          "extras": null,
          "description": "Original Poster",
          "user": {
            "id": 34916,
            "username": "22f3001561",
            "name": "Khushi Patel",
            "avatar_template": "/user_avatar/discourse.onlinedegree.iitm.ac.in/22f3001561/{size}/120037_2.png",
            "primary_group_name": "ds-students",
            "flair_name": "ds-students",
            "flair_group_id": 294,
            "trust_level": 0
          }
        },
        {
          "extras": "latest",
          "description": "Most Recent Poster",
          "user": {
            "id": 16094,
            "username": "carlton",
            "name": "Carlton D'Silva",
            "avatar_template": "/user_avatar/discourse.onlinedegree.iitm.ac.in/carlton/{size}/56317_2.png",
            "primary_group_name": "ds-students",
            "flair_name": "ds-students",
            "flair_group_id": 294,
            "trust_level": 3
          }
        }
      ]
    },
    {
      "id": 168310,
      "title": "Request for a functionality to revise the GAs of TDS",
      "fancy_title": "Request for a functionality to revise the GAs of TDS",
      "slug": "request-for-a-functionality-to-revise-the-gas-of-tds",
      "posts_count": 1,
      "reply_count": 0,
      "highest_post_number": 1,
      "image_url": null,
      "created_at": "2025-02-24T10:45:52.091Z",
      "last_posted_at": "2025-02-24T10:45:52.414Z",
      "bumped": true,
      "bumped_at": "2025-02-24T10:45:52.414Z",
      "archetype": "regular",
      "unseen": false,
      "pinned": false,
      "unpinned": null,
      "visible": true,
      "closed": false,
      "archived": false,
      "bookmarked": null,
      "liked": null,
      "tags": [
        "operational",
        "extra-resources",
        "diploma-level",
        "guidelines"
      ],
      "tags_descriptions": {},
      "like_count": 2,
      "views": 44,
      "category_id": 34,
      "featured_link": null,
      "has_accepted_answer": false,
      "posters": [
        {
          "extras": "latest single",
          "description": "Original Poster, Most Recent Poster",
          "user": {
            "id": 16209,
            "username": "22f3002813",
            "name": "Aryan Bartwal",
            "avatar_template": "https://avatars.discourse-cdn.com/v4/letter/2/9dc877/{size}.png",
            "primary_group_name": "ds-students",
            "flair_name": "ds-students",
            "flair_group_id": 294,
            "trust_level": 0
          }
        }
      ]
    },
    {
      "id": 145587,
      "title": "Unable to access course",
      "fancy_title": "Unable to access course",
      "slug": "unable-to-access-course",
      "posts_count": 12,
      "reply_count": 6,
      "highest_post_number": 12,
      "image_url": null,
      "created_at": "2024-09-20T14:23:25.824Z",
      "last_posted_at": "2024-09-23T09:41:50.959Z",
      "bumped": true,
      "bumped_at": "2024-09-23T09:41:50.959Z",
      "archetype": "regular",
      "unseen": false,
      "pinned": false,
      "unpinned": null,
      "visible": true,
      "closed": false,
      "archived": false,
      "bookmarked": null,
      "liked": null,
      "tags": [
        "clarification"
      ],
      "tags_descriptions": {},
      "like_count": 13,
      "views": 176,
      "category_id": 34,
      "featured_link": null,
      "has_accepted_answer": true,
      "posters": [
        {
          "extras": null,
          "description": "Original Poster",
          "user": {
            "id": 8924,
            "username": "SHIVAM_AGARWAL",
            "name": "SHIVAM AGARWAL",
            "avatar_template": "/user_avatar/discourse.onlinedegree.iitm.ac.in/shivam_agarwal/{size}/14510_2.png",
            "primary_group_name": "ds-students",
            "flair_name": "ds-students",
            "flair_group_id": 294,
            "trust_level": 1
          }
        },
        {
          "extras": null,
          "description": "Frequent Poster, Accepted Answer",
          "user": {
            "id": 16094,
            "username": "carlton",
            "name": "Carlton D'Silva",
            "avatar_template": "/user_avatar/discourse.onlinedegree.iitm.ac.in/carlton/{size}/56317_2.png",
            "primary_group_name": "ds-students",
            "flair_name": "ds-students",
            "flair_group_id": 294,
            "trust_level": 3
          }
        },
        {
          "extras": null,
          "description": "Frequent Poster",
          "user": {
            "id": 15840,
            "username": "22f3003003",
            "name": "Divyam Kumar ",
            "avatar_template": "/user_avatar/discourse.onlinedegree.iitm.ac.in/22f3003003/{size}/67953_2.png",
            "primary_group_name": "ds-students",
            "flair_name": "ds-students",
            "flair_group_id": 294,
            "trust_level": 1
          }
        },
        {
          "extras": null,
          "description": "Frequent Poster",
          "user": {
            "id": 28785,
            "username": "anivenk25",
            "name": "Anirudh Venkateswaran",
            "avatar_template": "/user_avatar/discourse.onlinedegree.iitm.ac.in/anivenk25/{size}/66772_2.png",
            "primary_group_name": "ds-students",
            "flair_name": "ds-students",
            "flair_group_id": 294,
            "trust_level": 1
          }
        },
        {
          "extras": "latest",
          "description": "Most Recent Poster",
          "user": {
            "id": 14358,
            "username": "22f2000816",
            "name": "Bijoy Biju Varghese",
            "avatar_template": "/user_avatar/discourse.onlinedegree.iitm.ac.in/22f2000816/{size}/13960_2.png",
            "primary_group_name": "ds-students",
            "flair_name": "ds-students",
            "flair_group_id": 294,
            "trust_level": 1
          }
        }
      ]
    }
  ],
  "summarizable": false,
  "valid_reactions": [
    "heart",
    "+1",
    "laughing",
    "open_mouth",
    "clap",
    "confetti_ball",
    "rocket",
    "-1"
  ],
  "accepted_answer": {
    "post_number": 4,
    "username": "s.anand",
    "name": null,
    "excerpt": "<a class=\"mention\" href=\"/u/22f2000559\">@22f2000559</a> – Good point. I’ve enabled access now. \n<a class=\"mention\" href=\"/u/parthpatel\">@parthpatel</a> – nice workaround!",
    "accepter_name": null,
    "accepter_username": "s.anand"
  },
  "can_vote": false,
  "vote_count": 0,
  "user_voted": false,
  "discourse_zendesk_plugin_zendesk_id": null,
  "discourse_zendesk_plugin_zendesk_url": "https://your-url.zendesk.com/agent/tickets/",
  "details": {
    "can_edit": false,
    "notification_level": 1,
    "can_create_post": true,
    "can_reply_as_new_topic": true,
    "can_flag_topic": true,
    "participants": [
      {
        "id": 9419,
        "username": "s.anand",
        "name": "Anand S",
        "avatar_template": "/user_avatar/discourse.onlinedegree.iitm.ac.in/s.anand/{size}/15264_2.png",
        "post_count": 2,
        "primary_group_name": "faculty",
        "flair_name": "faculty",
        "flair_url": "chalkboard-user",
        "flair_color": "000",
        "flair_bg_color": "f2c26e",
        "flair_group_id": 54,
        "trust_level": 4
      },
      {
        "id": 3672,
        "username": "parthpatel",
        "name": "Parth Patel",
        "avatar_template": "/user_avatar/discourse.onlinedegree.iitm.ac.in/parthpatel/{size}/253_2.png",
        "post_count": 2,
        "primary_group_name": "ds-students",
        "flair_name": "ds-students",
        "flair_url": null,
        "flair_color": "",
        "flair_bg_color": "",
        "flair_group_id": 294,
        "trust_level": 1
      },
      {
        "id": 13976,
        "username": "22f2000559",
        "name": "Anushka Kumar",
        "avatar_template": "/user_avatar/discourse.onlinedegree.iitm.ac.in/22f2000559/{size}/13152_2.png",
        "post_count": 2,
        "primary_group_name": "ds-students",
        "flair_name": "ds-students",
        "flair_url": null,
        "flair_color": "",
        "flair_bg_color": "",
        "flair_group_id": 294,
        "trust_level": 1
      },
      {
        "id": 7795,
        "username": "Yogesh1",
        "name": "Yogesh",
        "avatar_template": "/user_avatar/discourse.onlinedegree.iitm.ac.in/yogesh1/{size}/32697_2.png",
        "post_count": 1,
        "primary_group_name": "ds-students",
        "flair_name": "ds-students",
        "flair_url": null,
        "flair_color": "",
        "flair_bg_color": "",
        "flair_group_id": 294,
        "trust_level": 1
      }
    ],
    "created_by": {
      "id": 13976,
      "username": "22f2000559",
      "name": "Anushka Kumar",
      "avatar_template": "/user_avatar/discourse.onlinedegree.iitm.ac.in/22f2000559/{size}/13152_2.png"
    },
    "last_poster": {
      "id": 13976,
      "username": "22f2000559",
      "name": "Anushka Kumar",
      "avatar_template": "/user_avatar/discourse.onlinedegree.iitm.ac.in/22f2000559/{size}/13152_2.png"
    }
  },
  "pending_posts": [],
  "bookmarks": []
}