{
  "post_stream": {
    "posts": [
      {
        "id": 604247,
        "name": "Daiwik",
        "username": "22f3000099",
        "avatar_template": "/user_avatar/discourse.onlinedegree.iitm.ac.in/22f3000099/{size}/13721_2.png",
        "created_at": "2025-03-07T13:58:20.601Z",
        "cooked": "<p><div class=\"lightbox-wrapper\"><a class=\"lightbox\" href=\"https://europe1.discourse-cdn.com/flex013/uploads/iitm/original/3X/b/8/b8bcbf8009364152380ffbd0508ead5cc0700c2c.png\" data-download-href=\"/uploads/short-url/qmgfdh7hXbUGZZ08QPae6VCAmC0.png?dl=1\" title=\"image\" rel=\"noopener nofollow ugc\"><img src=\"https://europe1.discourse-cdn.com/flex013/uploads/iitm/optimized/3X/b/8/b8bcbf8009364152380ffbd0508ead5cc0700c2c_2_690x431.png\" alt=\"image\" data-base62-sha1=\"qmgfdh7hXbUGZZ08QPae6VCAmC0\" width=\"690\" height=\"431\" srcset=\"https://europe1.discourse-cdn.com/flex013/uploads/iitm/optimized/3X/b/8/b8bcbf8009364152380ffbd0508ead5cc0700c2c_2_690x431.png, https://europe1.discourse-cdn.com/flex013/uploads/iitm/optimized/3X/b/8/b8bcbf8009364152380ffbd0508ead5cc0700c2c_2_1035x646.png 1.5x, https://europe1.discourse-cdn.com/flex013/uploads/iitm/optimized/3X/b/8/b8bcbf8009364152380ffbd0508ead5cc0700c2c_2_1380x862.png 2x\" data-dominant-color=\"2A2B2F\"><div class=\"meta\"><svg class=\"fa d-icon d-icon-far-image svg-icon\" aria-hidden=\"true\"><use href=\"#far-image\"></use></svg><span class=\"filename\">image</span><span class=\"informations\">2559×1599 385 KB</span><svg class=\"fa d-icon d-icon-discourse-expand svg-icon\" aria-hidden=\"true\"><use href=\"#discourse-expand\"></use></svg></div></a></div><br>\ncan any one tell me why still it shows me that i miss exam although i pass it with 8.</p>",
        "post_number": 1,
        "post_type": 1,
        "posts_count": 2,
        "updated_at": "2025-03-07T13:58:20.601Z",
        "reply_count": 0,
        "reply_to_post_number": null,
        "quote_count": 0,
        "incoming_link_count": 1,
        "reads": 40,
        "readers_count": 39,
        "score": 12.2,
        "yours": false,
        "topic_id": 169352,
        "topic_slug": "solve-this-roe-mistake-pls",
        "display_username": "Daiwik",
        "primary_group_name": "ds-students",
        "flair_name": "ds-students",
        "flair_url": null,
        "flair_bg_color": "",
        "flair_color": "",
        "flair_group_id": 294,
        "badges_granted": [],
        "version": 1,
        "can_edit": false,
        "can_delete": false,
        "can_recover": false,
        "can_see_hidden_post": false,
        "can_wiki": false,
        "read": false,
        "user_title": null,
        "bookmarked": false,
        "actions_summary": [
          {
            "id": 2,
            "can_act": true
          },
          {
            "id": 6,
            "can_act": true
          },
          {
            "id": 3,
            "can_act": true
          },
          {
            "id": 4,
            "can_act": true
          },
          {
            "id": 8,
            "can_act": true
          },
          {
            "id": 10,
            "can_act": true
          },
          {
            "id": 7,
            "can_act": true
          }
        ],
        "moderator": false,
        "admin": false,
        "staff": false,
        "user_id": 14649,
        "hidden": false,
        "trust_level": 0,
        "deleted_at": null,
        "user_deleted": false,
        "edit_reason": null,
        "can_view_edit_history": true,
        "wiki": false,
        "post_url": "/t/solve-this-roe-mistake-pls/169352/1",
        "reactions": [],
        "current_user_reaction": null,
        "reaction_users_count": 0,
        "current_user_used_main_reaction": false,
        "can_accept_answer": false,
        "can_unaccept_answer": false,
        "accepted_answer": false,
        "topic_accepted_answer": null,
        "can_vote": false
      },
      {
        "id": 604291,
        "name": "Sagandeep Kaur",
        "username": "Sagan",
        "avatar_template": "/user_avatar/discourse.onlinedegree.iitm.ac.in/sagan/{size}/95367_2.png",
        "created_at": "2025-03-07T15:33:38.472Z",
        "cooked": "<p>Did you submit before 1:47? If yes, then your highest score will be taken.<br>\nIf not then, you will be marked absent.</p>",
        "post_number": 2,
        "post_type": 1,
        "posts_count": 2,
        "updated_at": "2025-03-07T15:33:38.472Z",
        "reply_count": 0,
        "reply_to_post_number": null,
        "quote_count": 0,
        "incoming_link_count": 0,
        "reads": 29,
        "readers_count": 28,
        "score": 5.0,
        "yours": false,
        "topic_id": 169352,
        "topic_slug": "solve-this-roe-mistake-pls",
        "display_username": "Sagandeep Kaur",
        "primary_group_name": "ds-students",
        "flair_name": "ds-students",
        "flair_url": null,
        "flair_bg_color": "",
        "flair_color": "",
        "flair_group_id": 294,
        "badges_granted": [],
        "version": 1,
        "can_edit": false,
        "can_delete": false,
        "can_recover": false,
        "can_see_hidden_post": false,
        "can_wiki": false,
        "read": false,
        "user_title": "",
        "bookmarked": false,
        "actions_summary": [
          {
            "id": 2,
            "can_act": true
          },
          {
            "id": 6,
            "can_act": true
          },
          {
            "id": 3,
            "can_act": true
          },
          {
            "id": 4,
            "can_act": true
          },
          {
            "id": 8,
            "can_act": true
          },
          {
            "id": 10,
            "can_act": true
          },
          {
            "id": 7,
            "can_act": true
          }
        ],
        "moderator": false,
        "admin": false,
        "staff": false,
        "user_id": 22224,
        "hidden": false,
        "trust_level": 1,
        "deleted_at": null,
        "user_deleted": false,
        "edit_reason": null,
        "can_view_edit_history": true,
        "wiki": false,
        "post_url": "/t/solve-this-roe-mistake-pls/169352/2",
        "user_cakedate": "2023-09-19",
        "user_birthdate": "1904-12-29",
        "reactions": [],
        "current_user_reaction": null,
        "reaction_users_count": 0,
        "current_user_used_main_reaction": false,
        "can_accept_answer": false,
        "can_unaccept_answer": false,
        "accepted_answer": false,
        "topic_accepted_answer": null
      }
    ],
    "stream": [
      604247,
      604291
    ]
  },
  "timeline_lookup": [
    [
      1,
      85
    ]
  ],
  "suggested_topics": [
    {
      "id": 173524,
      "title": "GA1 - Development Tools - Discussion Thread [TDS May 2025]",
      "fancy_title": "GA1 - Development Tools - Discussion Thread [TDS May 2025]",
      "slug": "ga1-development-tools-discussion-thread-tds-may-2025",
      "posts_count": 80,
      "reply_count": 51,
      "highest_post_number": 85,
      "image_url": null,
      "created_at": "2025-05-01T11:39:00.734Z",
      "last_posted_at": "2025-05-31T15:34:18.368Z",
      "bumped": true,
      "bumped_at": "2025-05-31T15:34:18.368Z",
      "archetype": "regular",
      "unseen": false,
      "last_read_post_number": 82,
      "unread": 0,
      "new_posts": 3,
      "unread_posts": 3,
      "pinned": false,
      "unpinned": null,
      "visible": true,
      "closed": false,
      "archived": false,
      "notification_level": 2,
      "bookmarked": false,
      "liked": false,
      "tags": [
        "term2-2025",
        "graded-assignment"
      ],
      "tags_descriptions": {},
      "like_count": 25,
      "views": 1155,
      "category_id": 34,
      "featured_link": null,
      "has_accepted_answer": false,
      "posters": [
        {
          "extras": null,
          "description": "Original Poster",
          "user": {
            "id": 9419,
            "username": "s.anand",
            "name": "Anand S",
            "avatar_template": "/user_avatar/discourse.onlinedegree.iitm.ac.in/s.anand/{size}/15264_2.png",
            "primary_group_name": "faculty",
            "flair_name": "faculty",
            "flair_url": "chalkboard-user",
            "flair_bg_color": "f2c26e",
            "flair_color": "000",
            "flair_group_id": 54,
            "trust_level": 4
          }
        },
        {
          "extras": null,
          "description": "Frequent Poster",
          "user": {
            "id": 22472,
            "username": "Advaith52",
            "name": "Advaith Sanil Kumar",
            "avatar_template": "/user_avatar/discourse.onlinedegree.iitm.ac.in/advaith52/{size}/67172_2.png",
            "primary_group_name": "ds-students",
            "flair_name": "ds-students",
            "flair_group_id": 294,
            "trust_level": 1
          }
        },
        {
          "extras": null,
          "description": "Frequent Poster",
          "user": {
            "id": 16094,
            "username": "carlton",
            "name": "Carlton D'Silva",
            "avatar_template": "/user_avatar/discourse.onlinedegree.iitm.ac.in/carlton/{size}/56317_2.png",
            "primary_group_name": "ds-students",
            "flair_name": "ds-students",
            "flair_group_id": 294,
            "trust_level": 3
          }
        },
        {
          "extras": null,
          "description": "Frequent Poster",
          "user": {
            "id": 15658,
            "username": "HritikRoshan_HRM",
            "name": "HRITIK ROSHAN MAURYA",
            "avatar_template": "/user_avatar/discourse.onlinedegree.iitm.ac.in/hritikroshan_hrm/{size}/66975_2.png",
            "primary_group_name": "ds-students",
            "flair_name": "ds-students",
            "flair_group_id": 294,
            "trust_level": 1
          }
        },
        {
          "extras": "latest",
          "description": "Most Recent Poster",
          "user": {
            "id": 12914,
            "username": "iAnimeshS",
            "name": "Animesh",
            "avatar_template": "/user_avatar/discourse.onlinedegree.iitm.ac.in/ianimeshs/{size}/12415_2.png",
            "primary_group_name": "ds-students",
            "flair_name": "ds-students",
            "flair_group_id": 294,
            "trust_level": 1
          }
        }
      ]
    },
    {
      "id": 176789,
      "title": "Vercel deployement error",
      "fancy_title": "Vercel deployement error",
      "slug": "vercel-deployement-error",
      "posts_count": 1,
      "reply_count": 0,
      "highest_post_number": 1,
      "image_url": null,
      "created_at": "2025-05-31T11:55:22.507Z",
      "last_posted_at": "2025-05-31T11:55:22.708Z",
      "bumped": true,
      "bumped_at": "2025-05-31T11:55:22.708Z",
      "archetype": "regular",
      "unseen": true,
      "pinned": false,
      "unpinned": null,
      "visible": true,
      "closed": false,
      "archived": false,
      "bookmarked": null,
      "liked": null,
      "tags": [
        "diploma-level",
        "term2-2025"
      ],
      "tags_descriptions": {},
      "like_count": 0,
      "views": 9,
      "category_id": 34,
      "featured_link": null,
      "has_accepted_answer": false,
      "posters": [
        {
          "extras": "latest single",
          "description": "Original Poster, Most Recent Poster",
          "user": {
            "id": 25506,
            "username": "23f3003724",
            "name": "Vedika Gupta",
            "avatar_template": "/user_avatar/discourse.onlinedegree.iitm.ac.in/23f3003724/{size}/68806_2.png",
            "primary_group_name": "ds-students",
            "flair_name": "ds-students",
            "flair_group_id": 294,
            "trust_level": 1
          }
        }
      ]
    }
  ],
  "tags": [
    "tds-roe"
  ],
  "tags_descriptions": {},
  "id": 169352,
  "title": "Solve this roe mistake pls",
  "fancy_title": "Solve this roe mistake pls",
  "posts_count": 2,
  "created_at": "2025-03-07T13:58:20.411Z",
  "views": 45,
  "reply_count": 0,
  "like_count": 0,
  "last_posted_at": "2025-03-07T15:33:38.472Z",
  "visible": true,
  "closed": false,
  "archived": false,
  "has_summary": false,
  "archetype": "regular",
  "slug": "solve-this-roe-mistake-pls",
  "category_id": 34,
  "word_count": 48,
  "deleted_at": null,
  "user_id": 14649,
  "featured_link": null,
  "pinned_globally": false,
  "pinned_at": null,
  "pinned_until": null,
  "image_url": "https://europe1.discourse-cdn.com/flex013/uploads/iitm/optimized/3X/b/8/b8bcbf8009364152380ffbd0508ead5cc0700c2c_2_1024x639.png",
  "slow_mode_seconds": 0,
  "draft": null,
  "draft_key": "topic_169352",
  "draft_sequence": 0,
  "unpinned": null,
  "pinned": false,
  "current_post_number": 1,
  "highest_post_number": 2,
  "deleted_by": null,
  "actions_summary": [
    {
      "id": 4,
      "count": 0,
      "hidden": false,
      "can_act": true
    },
    {
      "id": 8,
      "count": 0,
      "hidden": false,
      "can_act": true
    },
    {
      "id": 10,
      "count": 0,
      "hidden": false,
      "can_act": true
    },
    {
      "id": 7,
      "count": 0,
      "hidden": false,
      "can_act": true
    }
  ],
  "chunk_size": 20,
  "bookmarked": false,
  "topic_timer": null,
  "message_bus_last_id": 1,
  "participant_count": 2,
  "show_read_indicator": false,
  "thumbnails": [
    {
      "max_width": null,
      "max_height": null,
      "width": 2559,
      "height": 1599,
      "url": "https://europe1.discourse-cdn.com/flex013/uploads/iitm/original/3X/b/8/b8bcbf8009364152380ffbd0508ead5cc0700c2c.png"
    },
    {
      "max_width": 1024,
      "max_height": 1024,
      "width": 1024,
      "height": 639,
      "url": "https://europe1.discourse-cdn.com/flex013/uploads/iitm/optimized/3X/b/8/b8bcbf8009364152380ffbd0508ead5cc0700c2c_2_1024x639.png"
    }
  ],
  "slow_mode_enabled_until": null,
  "tags_disable_ads": false,
  "related_topics": [
    {
      "id": 126829,
      "title": "ROE EXAM Result Part 1 Question 2",
      "fancy_title": "ROE EXAM Result Part 1 Question 2",
      "slug": "roe-exam-result-part-1-question-2",
      "posts_count": 2,
      "reply_count": 0,
      "highest_post_number": 2,
      "image_url": "https://europe1.discourse-cdn.com/flex013/uploads/iitm/original/3X/5/1/5129b4e4c2ee22b934b275c0866d1e14a3afb052.png",
      "created_at": "2024-04-17T10:33:06.397Z",
      "last_posted_at": "2024-04-21T03:26:34.849Z",
      "bumped": true,
      "bumped_at": "2024-04-21T03:26:34.849Z",
      "archetype": "regular",
      "unseen": false,
      "pinned": false,
      "unpinned": null,
      "visible": true,
      "closed": false,
      "archived": false,
      "bookmarked": null,
      "liked": null,
      "tags": [
        "clarification",
        "operational",
        "course-portal",
        "tds-roe"
      ],
      "tags_descriptions": {},
      "like_count": 1,
      "views": 79,
      "category_id": 34,
      "featured_link": null,
      "has_accepted_answer": false,
      "posters": [
        {
          "extras": null,
          "description": "Original Poster",
          "user": {
            "id": 12145,
            "username": "22f1001447",
            "name": "Khushi Singh",
            "avatar_template": "/user_avatar/discourse.onlinedegree.iitm.ac.in/22f1001447/{size}/38864_2.png",
            "primary_group_name": "ds-students",
            "flair_name": "ds-students",
            "flair_group_id": 294,
            "trust_level": 1
          }
        },
        {
          "extras": "latest",
          "description": "Most Recent Poster",
          "user": {
            "id": 12082,
            "username": "PremKumarGupta",
            "name": "Prem Kumar Gupta ",
            "avatar_template": "https://avatars.discourse-cdn.com/v4/letter/p/b5ac83/{size}.png",
            "primary_group_name": "ds-students",
            "flair_name": "ds-students",
            "flair_group_id": 294,
            "trust_level": 1
          }
        }
      ]
    },
    {
      "id": 99206,
      "title": "Skip ROE 2",
      "fancy_title": "Skip ROE 2",
      "slug": "skip-roe-2",
      "posts_count": 13,
      "reply_count": 7,
      "highest_post_number": 14,
      "image_url": null,
      "created_at": "2023-08-18T12:08:17.244Z",
      "last_posted_at": "2023-08-24T20:00:54.888Z",
      "bumped": true,
      "bumped_at": "2023-08-24T20:00:54.888Z",
      "archetype": "regular",
      "unseen": false,
      "pinned": false,
      "unpinned": null,
      "visible": true,
      "closed": false,
      "archived": false,
      "bookmarked": null,
      "liked": null,
      "tags": [
        "tds-roe"
      ],
      "tags_descriptions": {},
      "like_count": 8,
      "views": 272,
      "category_id": 34,
      "featured_link": null,
      "has_accepted_answer": false,
      "posters": [
        {
          "extras": null,
          "description": "Original Poster",
          "user": {
            "id": 207,
            "username": "Spectator162",
            "name": "Puravasu Jaideep Sesha ",
            "avatar_template": "/user_avatar/discourse.onlinedegree.iitm.ac.in/spectator162/{size}/194_2.png",
            "primary_group_name": "ds-students",
            "flair_name": "ds-students",
            "flair_group_id": 294,
            "trust_level": 1
          }
        },
        {
          "extras": null,
          "description": "Frequent Poster",
          "user": {
            "id": 3800,
            "username": "satish",
            "name": "Satish",
            "avatar_template": "https://avatars.discourse-cdn.com/v4/letter/s/aca169/{size}.png",
            "primary_group_name": "ds-students",
            "flair_name": "ds-students",
            "flair_group_id": 294,
            "trust_level": 2
          }
        },
        {
          "extras": null,
          "description": "Frequent Poster",
          "user": {
            "id": 6978,
            "username": "21f2000901",
            "name": "Msaligs",
            "avatar_template": "/user_avatar/discourse.onlinedegree.iitm.ac.in/21f2000901/{size}/33114_2.png",
            "primary_group_name": "ds-students",
            "flair_name": "ds-students",
            "flair_group_id": 294,
            "trust_level": 1
          }
        },
        {
          "extras": null,
          "description": "Frequent Poster",
          "user": {
            "id": 2330,
            "username": "ishikaminocha",
            "name": "Ishika Minocha",
            "avatar_template": "/user_avatar/discourse.onlinedegree.iitm.ac.in/ishikaminocha/{size}/424_2.png",
            "primary_group_name": "ds-students",
            "flair_name": "ds-students",
            "flair_group_id": 294,
            "trust_level": 1
          }
        },
        {
          "extras": "latest",
          "description": "Most Recent Poster",
          "user": {
            "id": 1308,
            "username": "anuragsingh",
            "name": "Anurag singh",
            "avatar_template": "/user_avatar/discourse.onlinedegree.iitm.ac.in/anuragsingh/{size}/295_2.png",
            "primary_group_name": "ds-students",
            "flair_name": "ds-students",
            "flair_group_id": 294,
            "trust_level": 1
          }
        }
      ]
    },
    {
      "id": 144862,
      "title": "Discrepancy in ROE score",
      "fancy_title": "Discrepancy in ROE score",
      "slug": "discrepancy-in-roe-score",
      "posts_count": 2,
      "reply_count": 0,
      "highest_post_number": 2,
      "image_url": "https://europe1.discourse-cdn.com/flex013/uploads/iitm/optimized/3X/4/4/445eda69620b097ce0be6945ef189cc3d6457543_2_460x1024.jpeg",
      "created_at": "2024-09-03T16:40:28.264Z",
      "last_posted_at": "2024-09-04T11:30:55.793Z",
      "bumped": true,
      "bumped_at": "2024-09-04T11:30:55.793Z",
      "archetype": "regular",
      "unseen": false,
      "pinned": false,
      "unpinned": null,
      "visible": true,
      "closed": false,
      "archived": false,
      "bookmarked": null,
      "liked": null,
      "tags": [
        "graded-assignment",
        "tds-roe"
      ],
      "tags_descriptions": {},
      "like_count": 0,
      "views": 69,
      "category_id": 34,
      "featured_link": null,
      "has_accepted_answer": false,
      "posters": [
        {
          "extras": "latest single",
          "description": "Original Poster, Most Recent Poster",
          "user": {
            "id": 2400,
            "username": "harsh2479",
            "name": "Harsha Nirmal",
            "avatar_template": "https://avatars.discourse-cdn.com/v4/letter/h/b5e925/{size}.png",
            "primary_group_name": "ds-students",
            "flair_name": "ds-students",
            "flair_group_id": 294,
            "trust_level": 1
          }
        }
      ]
    },
    {
      "id": 96401,
      "title": "Tds exam submission error",
      "fancy_title": "Tds exam submission error",
      "slug": "tds-exam-submission-error",
      "posts_count": 5,
      "reply_count": 1,
      "highest_post_number": 5,
      "image_url": null,
      "created_at": "2023-07-23T14:47:03.578Z",
      "last_posted_at": "2023-07-24T16:04:39.042Z",
      "bumped": true,
      "bumped_at": "2023-07-24T16:04:39.042Z",
      "archetype": "regular",
      "unseen": false,
      "pinned": false,
      "unpinned": null,
      "visible": true,
      "closed": false,
      "archived": false,
      "bookmarked": null,
      "liked": null,
      "tags": [
        "operational",
        "tds-roe",
        "term2-2023"
      ],
      "tags_descriptions": {},
      "like_count": 0,
      "views": 87,
      "category_id": 34,
      "featured_link": null,
      "has_accepted_answer": false,
      "posters": [
        {
          "extras": null,
          "description": "Original Poster",
          "user": {
            "id": 13823,
            "username": "DivyanshGupta",
            "name": "Divyansh Gupta",
            "avatar_template": "/user_avatar/discourse.onlinedegree.iitm.ac.in/divyanshgupta/{size}/12569_2.png",
            "primary_group_name": "ds-students",
            "flair_name": "ds-students",
            "flair_group_id": 294,
            "trust_level": 1
          }
        },
        {
          "extras": null,
          "description": "Frequent Poster",
          "user": {
            "id": 19697,
            "username": "Kareena",
            "name": "Kareena Tated",
            "avatar_template": "/user_avatar/discourse.onlinedegree.iitm.ac.in/kareena/{size}/66849_2.png",
            "primary_group_name": "ds-students",
            "flair_name": "ds-students",
            "flair_group_id": 294,
            "trust_level": 1
          }
        },
        {
          "extras": null,
          "description": "Frequent Poster",
          "user": {
            "id": 12069,
            "username": "22f1001344",
            "name": "PURUSHOTHAMAN",
            "avatar_template": "/user_avatar/discourse.onlinedegree.iitm.ac.in/22f1001344/{size}/36096_2.png",
            "primary_group_name": "ds-students",
            "flair_name": "ds-students",
            "flair_group_id": 294,
            "trust_level": 1
          }
        },
        {
          "extras": null,
          "description": "Frequent Poster",
          "user": {
            "id": 12747,
            "username": "Devadharshini",
            "name": "Devadharshini Santhanam",
            "avatar_template": "/user_avatar/discourse.onlinedegree.iitm.ac.in/devadharshini/{size}/67168_2.png",
            "primary_group_name": "ds-students",
            "flair_name": "ds-students",
            "flair_group_id": 294,
            "trust_level": 1
          }
        },
        {
          "extras": "latest",
          "description": "Most Recent Poster",
          "user": {
            "id": 3230,
            "username": "shriaviator",
            "name": "Srinivas Chilukuri",
            "avatar_template": "https://avatars.discourse-cdn.com/v4/letter/s/59ef9b/{size}.png",
            "primary_group_name": "ds-students",
            "flair_name": "Community-TA",
            "flair_url": "handshake-angle",
            "flair_bg_color": "717BF7",
            "flair_color": "6BEE3D",
            "flair_group_id": 89,
            "trust_level": 2
          }
        }
      ]
    },
    {
      "id": 99658,
      "title": "ROE1 marks shows absent",
      "fancy_title": "ROE1 marks shows absent",
      "slug": "roe1-marks-shows-absent",
      "posts_count": 2,
      "reply_count": 0,
      "highest_post_number": 2,
      "image_url": null,
      "created_at": "2023-08-24T07:56:17.248Z",
      "last_posted_at": "2023-08-24T08:28:54.797Z",
      "bumped": true,
      "bumped_at": "2023-08-24T08:28:54.797Z",
      "archetype": "regular",
      "unseen": false,
      "pinned": false,
      "unpinned": null,
      "visible": true,
      "closed": false,
      "archived": false,
      "bookmarked": null,
      "liked": null,
      "tags": [
        "tds-roe"
      ],
      "tags_descriptions": {},
      "like_count": 0,
      "views": 53,
      "category_id": 34,
      "featured_link": null,
      "has_accepted_answer": false,
      "posters": [
        {
          "extras": null,
          "description": "Original Poster",
          "user": {
            "id": 2014,
            "username": "JOYCE_JEMIMA_S",
            "name": "JOYCE JEMIMA S",
            "avatar_template": "/user_avatar/discourse.onlinedegree.iitm.ac.in/joyce_jemima_s/{size}/368_2.png",
            "primary_group_name": "ds-students",
            "flair_name": "ds-students",
            "flair_group_id": 294,
            "trust_level": 1
          }
        },
        {
          "extras": "latest",
          "description": "Most Recent Poster",
          "user": {
            "id": 8923,
            "username": "21f3003125",
            "name": "Rohit sen",
            "avatar_template": "/user_avatar/discourse.onlinedegree.iitm.ac.in/21f3003125/{size}/14274_2.png",
            "primary_group_name": "ds-students",
            "flair_name": "ds-students",
            "flair_group_id": 294,
            "trust_level": 1
          }
        }
      ]
    }
  ],
  "summarizable": false,
  "valid_reactions": [
    "heart",
    "+1",
    "laughing",
    "open_mouth",
    "clap",
    "confetti_ball",
    "rocket",
    "-1"
  ],
  "can_vote": false,
  "vote_count": 0,
  "user_voted": false,
  "discourse_zendesk_plugin_zendesk_id": null,
  "discourse_zendesk_plugin_zendesk_url": "https://your-url.zendesk.com/agent/tickets/",
  "details": {
    "can_edit": false,
    "notification_level": 1,
    "can_create_post": true,
    "can_reply_as_new_topic": true,
    "can_flag_topic": true,
    "participants": [
      {
        "id": 14649,
        "username": "22f3000099",
        "name": "Daiwik",
        "avatar_template": "/user_avatar/discourse.onlinedegree.iitm.ac.in/22f3000099/{size}/13721_2.png",
        "post_count": 1,
        "primary_group_name": "ds-students",
        "flair_name": "ds-students",
        "flair_url": null,
        "flair_color": "",
        "flair_bg_color": "",
        "flair_group_id": 294,
        "trust_level": 0
      },
      {
        "id": 22224,
        "username": "Sagan",
        "name": "Sagandeep Kaur",
        "avatar_template": "/user_avatar/discourse.onlinedegree.iitm.ac.in/sagan/{size}/95367_2.png",
        "post_count": 1,
        "primary_group_name": "ds-students",
        "flair_name": "ds-students",
        "flair_url": null,
        "flair_color": "",
        "flair_bg_color": "",
        "flair_group_id": 294,
        "trust_level": 1
      }
    ],
    "created_by": {
      "id": 14649,
      "username": "22f3000099",
      "name": "Daiwik",
      "avatar_template": "/user_avatar/discourse.onlinedegree.iitm.ac.in/22f3000099/{size}/13721_2.png"
    },
    "last_poster": {
      "id": 22224,
      "username": "Sagan",
      "name": "Sagandeep Kaur",
      "avatar_template": "/user_avatar/discourse.onlinedegree.iitm.ac.in/sagan/{size}/95367_2.png"
    }
  },
  "pending_posts": [],
  "bookmarks": []
}