{
  "post_stream": {
    "posts": [
      {
        "id": 614357,
        "name": "Abhinav",
        "username": "AbhinavOhri",
        "avatar_template": "/user_avatar/discourse.onlinedegree.iitm.ac.in/abhinavohri/{size}/66966_2.png",
        "created_at": "2025-04-01T17:58:36.806Z",
        "cooked": "<p>I am unable to open the files shared by the students I am peer reviewing as I don’t have access to them on my student email. Since we were asked to give access to se2002@study.iitm.ac.in when submitting, I wanted to check how this will work—will the team provide us access, or do we need to request it from the student and wait for them to grant it?\"</p>\n<p><a class=\"mention\" href=\"/u/carlton\">@carlton</a></p>",
        "post_number": 1,
        "post_type": 1,
        "posts_count": 5,
        "updated_at": "2025-04-01T17:58:36.806Z",
        "reply_count": 0,
        "reply_to_post_number": null,
        "quote_count": 0,
        "incoming_link_count": 0,
        "reads": 49,
        "readers_count": 48,
        "score": 9.2,
        "yours": false,
        "topic_id": 171541,
        "topic_slug": "peer-review-clarificaiton",
        "display_username": "Abhinav",
        "primary_group_name": "ds-students",
        "flair_name": "ds-students",
        "flair_url": null,
        "flair_bg_color": "",
        "flair_color": "",
        "flair_group_id": 294,
        "badges_granted": [],
        "version": 1,
        "can_edit": false,
        "can_delete": false,
        "can_recover": false,
        "can_see_hidden_post": false,
        "can_wiki": false,
        "read": false,
        "user_title": null,
        "bookmarked": false,
        "actions_summary": [
          {
            "id": 2,
            "can_act": true
          },
          {
            "id": 6,
            "can_act": true
          },
          {
            "id": 3,
            "can_act": true
          },
          {
            "id": 4,
            "can_act": true
          },
          {
            "id": 8,
            "can_act": true
          },
          {
            "id": 10,
            "can_act": true
          },
          {
            "id": 7,
            "can_act": true
          }
        ],
        "moderator": false,
        "admin": false,
        "staff": false,
        "user_id": 31621,
        "hidden": false,
        "trust_level": 1,
        "deleted_at": null,
        "user_deleted": false,
        "edit_reason": null,
        "can_view_edit_history": true,
        "wiki": false,
        "post_url": "/t/peer-review-clarificaiton/171541/1",
        "user_cakedate": "2024-06-04",
        "reactions": [],
        "current_user_reaction": null,
        "reaction_users_count": 0,
        "current_user_used_main_reaction": false,
        "can_accept_answer": false,
        "can_unaccept_answer": false,
        "accepted_answer": false,
        "topic_accepted_answer": null,
        "can_vote": false
      },
      {
        "id": 614397,
        "name": "Parthiv",
        "username": "parthivn28",
        "avatar_template": "/user_avatar/discourse.onlinedegree.iitm.ac.in/parthivn28/{size}/132632_2.png",
        "created_at": "2025-04-02T02:36:54.332Z",
        "cooked": "<p>If u dont have access to the google sheet of ur peer while trying reviewing , it means u can just give them 0 and leave (mentioned in the mail they sent )</p>",
        "post_number": 2,
        "post_type": 1,
        "posts_count": 5,
        "updated_at": "2025-04-02T02:36:54.332Z",
        "reply_count": 0,
        "reply_to_post_number": null,
        "quote_count": 0,
        "incoming_link_count": 0,
        "reads": 48,
        "readers_count": 47,
        "score": 9.0,
        "yours": false,
        "topic_id": 171541,
        "topic_slug": "peer-review-clarificaiton",
        "display_username": "Parthiv",
        "primary_group_name": "ds-students",
        "flair_name": "ds-students",
        "flair_url": null,
        "flair_bg_color": "",
        "flair_color": "",
        "flair_group_id": 294,
        "badges_granted": [],
        "version": 1,
        "can_edit": false,
        "can_delete": false,
        "can_recover": false,
        "can_see_hidden_post": false,
        "can_wiki": false,
        "read": false,
        "user_title": "",
        "bookmarked": false,
        "actions_summary": [
          {
            "id": 2,
            "can_act": true
          },
          {
            "id": 6,
            "can_act": true
          },
          {
            "id": 3,
            "can_act": true
          },
          {
            "id": 4,
            "can_act": true
          },
          {
            "id": 8,
            "can_act": true
          },
          {
            "id": 10,
            "can_act": true
          },
          {
            "id": 7,
            "can_act": true
          }
        ],
        "moderator": false,
        "admin": false,
        "staff": false,
        "user_id": 26538,
        "hidden": false,
        "trust_level": 1,
        "deleted_at": null,
        "user_deleted": false,
        "edit_reason": null,
        "can_view_edit_history": true,
        "wiki": false,
        "post_url": "/t/peer-review-clarificaiton/171541/2",
        "user_cakedate": "2024-02-01",
        "reactions": [],
        "current_user_reaction": null,
        "reaction_users_count": 0,
        "current_user_used_main_reaction": false,
        "can_accept_answer": false,
        "can_unaccept_answer": false,
        "accepted_answer": false,
        "topic_accepted_answer": null
      },
      {
        "id": 614635,
        "name": "Carlton D'Silva",
        "username": "carlton",
        "avatar_template": "/user_avatar/discourse.onlinedegree.iitm.ac.in/carlton/{size}/56317_2.png",
        "created_at": "2025-04-02T15:07:10.404Z",
        "cooked": "<p>Request access from the peer.</p>\n<p>Also dont forget to give view permissions to your submissions.</p>\n<p>Kind regards</p>",
        "post_number": 3,
        "post_type": 1,
        "posts_count": 5,
        "updated_at": "2025-04-02T15:07:10.404Z",
        "reply_count": 0,
        "reply_to_post_number": null,
        "quote_count": 0,
        "incoming_link_count": 0,
        "reads": 38,
        "readers_count": 37,
        "score": 7.0,
        "yours": false,
        "topic_id": 171541,
        "topic_slug": "peer-review-clarificaiton",
        "display_username": "Carlton D'Silva",
        "primary_group_name": "ds-students",
        "flair_name": "ds-students",
        "flair_url": null,
        "flair_bg_color": "",
        "flair_color": "",
        "flair_group_id": 294,
        "badges_granted": [],
        "version": 1,
        "can_edit": false,
        "can_delete": false,
        "can_recover": false,
        "can_see_hidden_post": false,
        "can_wiki": false,
        "read": false,
        "user_title": "Regular",
        "title_is_group": false,
        "bookmarked": false,
        "actions_summary": [
          {
            "id": 2,
            "can_act": true
          },
          {
            "id": 6,
            "can_act": true
          },
          {
            "id": 3,
            "can_act": true
          },
          {
            "id": 4,
            "can_act": true
          },
          {
            "id": 8,
            "can_act": true
          },
          {
            "id": 10,
            "can_act": true
          },
          {
            "id": 7,
            "can_act": true
          }
        ],
        "moderator": false,
        "admin": false,
        "staff": false,
        "group_moderator": true,
        "user_id": 16094,
        "hidden": false,
        "trust_level": 3,
        "deleted_at": null,
        "user_deleted": false,
        "edit_reason": null,
        "can_view_edit_history": true,
        "wiki": false,
        "post_url": "/t/peer-review-clarificaiton/171541/3",
        "user_cakedate": "2023-01-25",
        "reactions": [],
        "current_user_reaction": null,
        "reaction_users_count": 0,
        "current_user_used_main_reaction": false,
        "can_accept_answer": false,
        "can_unaccept_answer": false,
        "accepted_answer": false,
        "topic_accepted_answer": null
      },
      {
        "id": 615034,
        "name": "Riddhi Chatterjee",
        "username": "_Riddhi",
        "avatar_template": "/user_avatar/discourse.onlinedegree.iitm.ac.in/_riddhi/{size}/67270_2.png",
        "created_at": "2025-04-03T15:32:52.948Z",
        "cooked": "<p>I have completed my allotted 3 peer reviews, I was wondering if it’s possible to do more peer reviews for extra credit? I ask because all 3 of my allotted peer reviews were empty submissions and I don’t feel like I actually did any work <img src=\"https://emoji.discourse-cdn.com/google/sweat_smile.png?v=14\" title=\":sweat_smile:\" class=\"emoji\" alt=\":sweat_smile:\" loading=\"lazy\" width=\"20\" height=\"20\"></p>",
        "post_number": 4,
        "post_type": 1,
        "posts_count": 5,
        "updated_at": "2025-04-03T15:32:52.948Z",
        "reply_count": 0,
        "reply_to_post_number": null,
        "quote_count": 0,
        "incoming_link_count": 1,
        "reads": 31,
        "readers_count": 30,
        "score": 10.6,
        "yours": false,
        "topic_id": 171541,
        "topic_slug": "peer-review-clarificaiton",
        "display_username": "Riddhi Chatterjee",
        "primary_group_name": "ds-students",
        "flair_name": "ds-students",
        "flair_url": null,
        "flair_bg_color": "",
        "flair_color": "",
        "flair_group_id": 294,
        "badges_granted": [],
        "version": 1,
        "can_edit": false,
        "can_delete": false,
        "can_recover": false,
        "can_see_hidden_post": false,
        "can_wiki": false,
        "read": false,
        "user_title": null,
        "bookmarked": false,
        "actions_summary": [
          {
            "id": 2,
            "can_act": true
          },
          {
            "id": 6,
            "can_act": true
          },
          {
            "id": 3,
            "can_act": true
          },
          {
            "id": 4,
            "can_act": true
          },
          {
            "id": 8,
            "can_act": true
          },
          {
            "id": 10,
            "can_act": true
          },
          {
            "id": 7,
            "can_act": true
          }
        ],
        "moderator": false,
        "admin": false,
        "staff": false,
        "user_id": 26889,
        "hidden": false,
        "trust_level": 1,
        "deleted_at": null,
        "user_deleted": false,
        "edit_reason": null,
        "can_view_edit_history": true,
        "wiki": false,
        "post_url": "/t/peer-review-clarificaiton/171541/4",
        "user_cakedate": "2024-02-02",
        "reactions": [],
        "current_user_reaction": null,
        "reaction_users_count": 0,
        "current_user_used_main_reaction": false,
        "can_accept_answer": false,
        "can_unaccept_answer": false,
        "accepted_answer": false,
        "topic_accepted_answer": null
      },
      {
        "id": 615128,
        "name": "Aryan Kohli",
        "username": "22f3001832",
        "avatar_template": "/user_avatar/discourse.onlinedegree.iitm.ac.in/22f3001832/{size}/97892_2.png",
        "created_at": "2025-04-04T05:37:33.980Z",
        "cooked": "<p>Where  can I do  peer review, I do not get mail regarding that?</p>",
        "post_number": 5,
        "post_type": 1,
        "posts_count": 5,
        "updated_at": "2025-04-04T05:37:33.980Z",
        "reply_count": 0,
        "reply_to_post_number": null,
        "quote_count": 0,
        "incoming_link_count": 0,
        "reads": 25,
        "readers_count": 24,
        "score": 4.4,
        "yours": false,
        "topic_id": 171541,
        "topic_slug": "peer-review-clarificaiton",
        "display_username": "Aryan Kohli",
        "primary_group_name": "ds-students",
        "flair_name": "ds-students",
        "flair_url": null,
        "flair_bg_color": "",
        "flair_color": "",
        "flair_group_id": 294,
        "badges_granted": [],
        "version": 1,
        "can_edit": false,
        "can_delete": false,
        "can_recover": false,
        "can_see_hidden_post": false,
        "can_wiki": false,
        "read": false,
        "user_title": "",
        "bookmarked": false,
        "actions_summary": [
          {
            "id": 2,
            "can_act": true
          },
          {
            "id": 6,
            "can_act": true
          },
          {
            "id": 3,
            "can_act": true
          },
          {
            "id": 4,
            "can_act": true
          },
          {
            "id": 8,
            "can_act": true
          },
          {
            "id": 10,
            "can_act": true
          },
          {
            "id": 7,
            "can_act": true
          }
        ],
        "moderator": false,
        "admin": false,
        "staff": false,
        "user_id": 15817,
        "hidden": false,
        "trust_level": 1,
        "deleted_at": null,
        "user_deleted": false,
        "edit_reason": null,
        "can_view_edit_history": true,
        "wiki": false,
        "post_url": "/t/peer-review-clarificaiton/171541/5",
        "user_cakedate": "2023-01-25",
        "reactions": [],
        "current_user_reaction": null,
        "reaction_users_count": 0,
        "current_user_used_main_reaction": false,
        "can_accept_answer": false,
        "can_unaccept_answer": false,
        "accepted_answer": false,
        "topic_accepted_answer": null
      }
    ],
    "stream": [
      614357,
      614397,
      614635,
      615034,
      615128
    ]
  },
  "timeline_lookup": [
    [
      1,
      60
    ],
    [
      3,
      59
    ],
    [
      4,
      58
    ],
    [
      5,
      57
    ]
  ],
  "suggested_topics": [
    {
      "id": 173524,
      "title": "GA1 - Development Tools - Discussion Thread [TDS May 2025]",
      "fancy_title": "GA1 - Development Tools - Discussion Thread [TDS May 2025]",
      "slug": "ga1-development-tools-discussion-thread-tds-may-2025",
      "posts_count": 80,
      "reply_count": 51,
      "highest_post_number": 85,
      "image_url": null,
      "created_at": "2025-05-01T11:39:00.734Z",
      "last_posted_at": "2025-05-31T15:34:18.368Z",
      "bumped": true,
      "bumped_at": "2025-05-31T15:34:18.368Z",
      "archetype": "regular",
      "unseen": false,
      "last_read_post_number": 82,
      "unread": 0,
      "new_posts": 3,
      "unread_posts": 3,
      "pinned": false,
      "unpinned": null,
      "visible": true,
      "closed": false,
      "archived": false,
      "notification_level": 2,
      "bookmarked": false,
      "liked": false,
      "tags": [
        "term2-2025",
        "graded-assignment"
      ],
      "tags_descriptions": {},
      "like_count": 25,
      "views": 1155,
      "category_id": 34,
      "featured_link": null,
      "has_accepted_answer": false,
      "posters": [
        {
          "extras": null,
          "description": "Original Poster",
          "user": {
            "id": 9419,
            "username": "s.anand",
            "name": "Anand S",
            "avatar_template": "/user_avatar/discourse.onlinedegree.iitm.ac.in/s.anand/{size}/15264_2.png",
            "primary_group_name": "faculty",
            "flair_name": "faculty",
            "flair_url": "chalkboard-user",
            "flair_bg_color": "f2c26e",
            "flair_color": "000",
            "flair_group_id": 54,
            "trust_level": 4
          }
        },
        {
          "extras": null,
          "description": "Frequent Poster",
          "user": {
            "id": 22472,
            "username": "Advaith52",
            "name": "Advaith Sanil Kumar",
            "avatar_template": "/user_avatar/discourse.onlinedegree.iitm.ac.in/advaith52/{size}/67172_2.png",
            "primary_group_name": "ds-students",
            "flair_name": "ds-students",
            "flair_group_id": 294,
            "trust_level": 1
          }
        },
        {
          "extras": null,
          "description": "Frequent Poster",
          "user": {
            "id": 16094,
            "username": "carlton",
            "name": "Carlton D'Silva",
            "avatar_template": "/user_avatar/discourse.onlinedegree.iitm.ac.in/carlton/{size}/56317_2.png",
            "primary_group_name": "ds-students",
            "flair_name": "ds-students",
            "flair_group_id": 294,
            "trust_level": 3
          }
        },
        {
          "extras": null,
          "description": "Frequent Poster",
          "user": {
            "id": 15658,
            "username": "HritikRoshan_HRM",
            "name": "HRITIK ROSHAN MAURYA",
            "avatar_template": "/user_avatar/discourse.onlinedegree.iitm.ac.in/hritikroshan_hrm/{size}/66975_2.png",
            "primary_group_name": "ds-students",
            "flair_name": "ds-students",
            "flair_group_id": 294,
            "trust_level": 1
          }
        },
        {
          "extras": "latest",
          "description": "Most Recent Poster",
          "user": {
            "id": 12914,
            "username": "iAnimeshS",
            "name": "Animesh",
            "avatar_template": "/user_avatar/discourse.onlinedegree.iitm.ac.in/ianimeshs/{size}/12415_2.png",
            "primary_group_name": "ds-students",
            "flair_name": "ds-students",
            "flair_group_id": 294,
            "trust_level": 1
          }
        }
      ]
    },
    {
      "id": 176789,
      "title": "Vercel deployement error",
      "fancy_title": "Vercel deployement error",
      "slug": "vercel-deployement-error",
      "posts_count": 1,
      "reply_count": 0,
      "highest_post_number": 1,
      "image_url": null,
      "created_at": "2025-05-31T11:55:22.507Z",
      "last_posted_at": "2025-05-31T11:55:22.708Z",
      "bumped": true,
      "bumped_at": "2025-05-31T11:55:22.708Z",
      "archetype": "regular",
      "unseen": true,
      "pinned": false,
      "unpinned": null,
      "visible": true,
      "closed": false,
      "archived": false,
      "bookmarked": null,
      "liked": null,
      "tags": [
        "diploma-level",
        "term2-2025"
      ],
      "tags_descriptions": {},
      "like_count": 0,
      "views": 9,
      "category_id": 34,
      "featured_link": null,
      "has_accepted_answer": false,
      "posters": [
        {
          "extras": "latest single",
          "description": "Original Poster, Most Recent Poster",
          "user": {
            "id": 25506,
            "username": "23f3003724",
            "name": "Vedika Gupta",
            "avatar_template": "/user_avatar/discourse.onlinedegree.iitm.ac.in/23f3003724/{size}/68806_2.png",
            "primary_group_name": "ds-students",
            "flair_name": "ds-students",
            "flair_group_id": 294,
            "trust_level": 1
          }
        }
      ]
    }
  ],
  "tags": [
    "clarification"
  ],
  "tags_descriptions": {},
  "id": 171541,
  "title": "Peer review clarificaiton",
  "fancy_title": "Peer review clarificaiton",
  "posts_count": 5,
  "created_at": "2025-04-01T17:58:36.436Z",
  "views": 85,
  "reply_count": 0,
  "like_count": 0,
  "last_posted_at": "2025-04-04T05:37:33.980Z",
  "visible": true,
  "closed": false,
  "archived": false,
  "has_summary": false,
  "archetype": "regular",
  "slug": "peer-review-clarificaiton",
  "category_id": 34,
  "word_count": 182,
  "deleted_at": null,
  "user_id": 31621,
  "featured_link": null,
  "pinned_globally": false,
  "pinned_at": null,
  "pinned_until": null,
  "image_url": null,
  "slow_mode_seconds": 0,
  "draft": null,
  "draft_key": "topic_171541",
  "draft_sequence": 0,
  "unpinned": null,
  "pinned": false,
  "current_post_number": 1,
  "highest_post_number": 5,
  "deleted_by": null,
  "actions_summary": [
    {
      "id": 4,
      "count": 0,
      "hidden": false,
      "can_act": true
    },
    {
      "id": 8,
      "count": 0,
      "hidden": false,
      "can_act": true
    },
    {
      "id": 10,
      "count": 0,
      "hidden": false,
      "can_act": true
    },
    {
      "id": 7,
      "count": 0,
      "hidden": false,
      "can_act": true
    }
  ],
  "chunk_size": 20,
  "bookmarked": false,
  "topic_timer": null,
  "message_bus_last_id": 0,
  "participant_count": 5,
  "show_read_indicator": false,
  "thumbnails": null,
  "slow_mode_enabled_until": null,
  "tags_disable_ads": false,
  "related_topics": [
    {
      "id": 32202,
      "title": "Is it allowed to tell someone that i can't access their documents and data during the peer review process?",
      "fancy_title": "Is it allowed to tell someone that i can&rsquo;t access their documents and data during the peer review process?",
      "slug": "is-it-allowed-to-tell-someone-that-i-cant-access-their-documents-and-data-during-the-peer-review-process",
      "posts_count": 3,
      "reply_count": 0,
      "highest_post_number": 3,
      "image_url": null,
      "created_at": "2022-02-03T20:28:12.888Z",
      "last_posted_at": "2022-02-04T01:58:29.872Z",
      "bumped": true,
      "bumped_at": "2022-02-04T01:58:29.872Z",
      "archetype": "regular",
      "unseen": false,
      "pinned": false,
      "unpinned": null,
      "visible": true,
      "closed": false,
      "archived": false,
      "bookmarked": null,
      "liked": null,
      "tags": [
        "clarification",
        "extra_activity",
        "week-4"
      ],
      "tags_descriptions": {},
      "like_count": 1,
      "views": 69,
      "category_id": 24,
      "featured_link": null,
      "has_accepted_answer": true,
      "posters": [
        {
          "extras": null,
          "description": "Original Poster",
          "user": {
            "id": 6941,
            "username": "21f2000232",
            "name": "Aditi Juneja",
            "avatar_template": "/user_avatar/discourse.onlinedegree.iitm.ac.in/21f2000232/{size}/182_2.png",
            "primary_group_name": "ds-students",
            "flair_name": "ds-students",
            "flair_group_id": 294,
            "trust_level": 1
          }
        },
        {
          "extras": null,
          "description": "Frequent Poster, Accepted Answer",
          "user": {
            "id": 8215,
            "username": "iamsarthak",
            "name": "Sarthak Singh Gaur",
            "avatar_template": "/user_avatar/discourse.onlinedegree.iitm.ac.in/iamsarthak/{size}/123712_2.png",
            "primary_group_name": "ds-students",
            "flair_name": "ds-students",
            "flair_group_id": 294,
            "trust_level": 1
          }
        },
        {
          "extras": "latest",
          "description": "Most Recent Poster",
          "user": {
            "id": 2161,
            "username": "AbinashM",
            "name": "Abinash Mohapatra",
            "avatar_template": "/user_avatar/discourse.onlinedegree.iitm.ac.in/abinashm/{size}/55745_2.png",
            "primary_group_name": "ds-students",
            "flair_name": "ds-students",
            "flair_group_id": 294,
            "trust_level": 1
          }
        }
      ]
    },
    {
      "id": 140956,
      "title": "Peer Review Submission - Give Access to EVERYONE",
      "fancy_title": "Peer Review Submission - Give Access to EVERYONE",
      "slug": "peer-review-submission-give-access-to-everyone",
      "posts_count": 10,
      "reply_count": 5,
      "highest_post_number": 10,
      "image_url": null,
      "created_at": "2024-07-25T06:01:12.684Z",
      "last_posted_at": "2024-07-26T10:04:56.273Z",
      "bumped": true,
      "bumped_at": "2024-07-26T10:04:56.273Z",
      "archetype": "regular",
      "unseen": false,
      "pinned": false,
      "unpinned": null,
      "visible": true,
      "closed": false,
      "archived": false,
      "bookmarked": null,
      "liked": null,
      "tags": [
        "foundation-level",
        "tds-project-one"
      ],
      "tags_descriptions": {},
      "like_count": 6,
      "views": 106,
      "category_id": 34,
      "featured_link": null,
      "has_accepted_answer": false,
      "posters": [
        {
          "extras": "latest",
          "description": "Original Poster, Most Recent Poster",
          "user": {
            "id": 13240,
            "username": "nsr333",
            "name": "Sivarajan N",
            "avatar_template": "/user_avatar/discourse.onlinedegree.iitm.ac.in/nsr333/{size}/91954_2.png",
            "primary_group_name": "ds-students",
            "flair_name": "ds-students",
            "flair_group_id": 294,
            "trust_level": 1
          }
        },
        {
          "extras": null,
          "description": "Frequent Poster",
          "user": {
            "id": 17669,
            "username": "RajatShenoi",
            "name": "Rajat Shenoi",
            "avatar_template": "/user_avatar/discourse.onlinedegree.iitm.ac.in/rajatshenoi/{size}/66910_2.png",
            "primary_group_name": "ds-students",
            "flair_name": "ds-students",
            "flair_group_id": 294,
            "trust_level": 1
          }
        },
        {
          "extras": null,
          "description": "Frequent Poster",
          "user": {
            "id": 13325,
            "username": "22f1001948",
            "name": "Shiwani Tiwari ",
            "avatar_template": "/user_avatar/discourse.onlinedegree.iitm.ac.in/22f1001948/{size}/12682_2.png",
            "primary_group_name": "ds-students",
            "flair_name": "ds-students",
            "flair_group_id": 294,
            "trust_level": 1
          }
        }
      ]
    },
    {
      "id": 141159,
      "title": "I cant access my third project to review because the person has not given public access",
      "fancy_title": "I cant access my third project to review because the person has not given public access",
      "slug": "i-cant-access-my-third-project-to-review-because-the-person-has-not-given-public-access",
      "posts_count": 6,
      "reply_count": 1,
      "highest_post_number": 6,
      "image_url": null,
      "created_at": "2024-07-27T05:45:26.251Z",
      "last_posted_at": "2024-07-27T13:19:05.328Z",
      "bumped": true,
      "bumped_at": "2024-07-27T13:19:05.328Z",
      "archetype": "regular",
      "unseen": false,
      "pinned": false,
      "unpinned": null,
      "visible": true,
      "closed": false,
      "archived": false,
      "bookmarked": null,
      "liked": null,
      "tags": [
        "clarification",
        "miscellaneous"
      ],
      "tags_descriptions": {},
      "like_count": 0,
      "views": 42,
      "category_id": 34,
      "featured_link": null,
      "has_accepted_answer": false,
      "posters": [
        {
          "extras": null,
          "description": "Original Poster",
          "user": {
            "id": 24453,
            "username": "22f3001534",
            "name": "Divyansh Tiwari",
            "avatar_template": "/user_avatar/discourse.onlinedegree.iitm.ac.in/22f3001534/{size}/68126_2.png",
            "primary_group_name": "ds-students",
            "flair_name": "ds-students",
            "flair_group_id": 294,
            "trust_level": 1
          }
        },
        {
          "extras": null,
          "description": "Frequent Poster",
          "user": {
            "id": 13240,
            "username": "nsr333",
            "name": "Sivarajan N",
            "avatar_template": "/user_avatar/discourse.onlinedegree.iitm.ac.in/nsr333/{size}/91954_2.png",
            "primary_group_name": "ds-students",
            "flair_name": "ds-students",
            "flair_group_id": 294,
            "trust_level": 1
          }
        },
        {
          "extras": null,
          "description": "Frequent Poster",
          "user": {
            "id": 13078,
            "username": "Saransh_Saini",
            "name": "Saransh Saini",
            "avatar_template": "/user_avatar/discourse.onlinedegree.iitm.ac.in/saransh_saini/{size}/123495_2.png",
            "primary_group_name": "ds-students",
            "flair_name": "ds-students",
            "flair_group_id": 294,
            "trust_level": 1
          }
        },
        {
          "extras": null,
          "description": "Frequent Poster",
          "user": {
            "id": 6563,
            "username": "21f3000759",
            "name": "Swati Jain",
            "avatar_template": "/user_avatar/discourse.onlinedegree.iitm.ac.in/21f3000759/{size}/23528_2.png",
            "primary_group_name": "ds-students",
            "flair_name": "ds-students",
            "flair_group_id": 294,
            "trust_level": 1
          }
        },
        {
          "extras": "latest",
          "description": "Most Recent Poster",
          "user": {
            "id": 19950,
            "username": "Shrinidhi7",
            "name": "Shrinidhi Kumar ",
            "avatar_template": "/user_avatar/discourse.onlinedegree.iitm.ac.in/shrinidhi7/{size}/66754_2.png",
            "primary_group_name": "ds-students",
            "flair_name": "ds-students",
            "flair_group_id": 294,
            "trust_level": 1
          }
        }
      ]
    },
    {
      "id": 140967,
      "title": "Regarding: Access of the link for Peer Grading of Project-2",
      "fancy_title": "Regarding: Access of the link for Peer Grading of Project-2",
      "slug": "regarding-access-of-the-link-for-peer-grading-of-project-2",
      "posts_count": 5,
      "reply_count": 1,
      "highest_post_number": 5,
      "image_url": null,
      "created_at": "2024-07-25T07:20:39.447Z",
      "last_posted_at": "2024-07-25T19:46:00.793Z",
      "bumped": true,
      "bumped_at": "2024-07-25T19:46:00.793Z",
      "archetype": "regular",
      "unseen": false,
      "pinned": false,
      "unpinned": null,
      "visible": true,
      "closed": false,
      "archived": false,
      "bookmarked": null,
      "liked": null,
      "tags": [
        "clarification"
      ],
      "tags_descriptions": {},
      "like_count": 1,
      "views": 61,
      "category_id": 34,
      "featured_link": null,
      "has_accepted_answer": false,
      "posters": [
        {
          "extras": null,
          "description": "Original Poster",
          "user": {
            "id": 24276,
            "username": "23ds3000166",
            "name": "Neel",
            "avatar_template": "/user_avatar/discourse.onlinedegree.iitm.ac.in/23ds3000166/{size}/111809_2.png",
            "primary_group_name": "ds-students",
            "flair_name": "ds-students",
            "flair_group_id": 294,
            "trust_level": 1
          }
        },
        {
          "extras": null,
          "description": "Frequent Poster",
          "user": {
            "id": 14432,
            "username": "22f2001740",
            "name": "Amitabha Singha",
            "avatar_template": "/user_avatar/discourse.onlinedegree.iitm.ac.in/22f2001740/{size}/46151_2.png",
            "primary_group_name": "ds-students",
            "flair_name": "ds-students",
            "flair_group_id": 294,
            "trust_level": 1
          }
        },
        {
          "extras": null,
          "description": "Frequent Poster",
          "user": {
            "id": 25309,
            "username": "meghraj1729",
            "name": "Meghraj Kalase",
            "avatar_template": "/user_avatar/discourse.onlinedegree.iitm.ac.in/meghraj1729/{size}/67570_2.png",
            "primary_group_name": "ds-students",
            "flair_name": "ds-students",
            "flair_group_id": 294,
            "trust_level": 1
          }
        },
        {
          "extras": "latest",
          "description": "Most Recent Poster",
          "user": {
            "id": 6563,
            "username": "21f3000759",
            "name": "Swati Jain",
            "avatar_template": "/user_avatar/discourse.onlinedegree.iitm.ac.in/21f3000759/{size}/23528_2.png",
            "primary_group_name": "ds-students",
            "flair_name": "ds-students",
            "flair_group_id": 294,
            "trust_level": 1
          }
        }
      ]
    },
    {
      "id": 51280,
      "title": "Peer review marked wrongly",
      "fancy_title": "Peer review marked wrongly",
      "slug": "peer-review-marked-wrongly",
      "posts_count": 6,
      "reply_count": 2,
      "highest_post_number": 6,
      "image_url": null,
      "created_at": "2022-05-31T17:03:10.874Z",
      "last_posted_at": "2022-07-07T17:08:10.916Z",
      "bumped": true,
      "bumped_at": "2022-07-07T17:08:10.916Z",
      "archetype": "regular",
      "unseen": false,
      "pinned": false,
      "unpinned": null,
      "visible": true,
      "closed": false,
      "archived": false,
      "bookmarked": null,
      "liked": null,
      "tags": [
        "clarification",
        "activity-question"
      ],
      "tags_descriptions": {},
      "like_count": 5,
      "views": 111,
      "category_id": 24,
      "featured_link": null,
      "has_accepted_answer": false,
      "posters": [
        {
          "extras": "latest",
          "description": "Original Poster, Most Recent Poster",
          "user": {
            "id": 3958,
            "username": "DeepthiLuke",
            "name": "Deepthi Luke",
            "avatar_template": "/user_avatar/discourse.onlinedegree.iitm.ac.in/deepthiluke/{size}/13721_2.png",
            "primary_group_name": "ds-students",
            "flair_name": "ds-students",
            "flair_group_id": 294,
            "trust_level": 1
          }
        },
        {
          "extras": null,
          "description": "Frequent Poster",
          "user": {
            "id": 11563,
            "username": "21f3001584",
            "name": "Deep Kevin Luthra",
            "avatar_template": "/user_avatar/discourse.onlinedegree.iitm.ac.in/21f3001584/{size}/14198_2.png",
            "primary_group_name": "ds-students",
            "flair_name": "ds-students",
            "flair_group_id": 294,
            "trust_level": 1
          }
        },
        {
          "extras": null,
          "description": "Frequent Poster",
          "user": {
            "id": 8967,
            "username": "21f3001501",
            "name": "Shabnam Sharma",
            "avatar_template": "/user_avatar/discourse.onlinedegree.iitm.ac.in/21f3001501/{size}/13822_2.png",
            "primary_group_name": "ds-students",
            "flair_name": "ds-students",
            "flair_group_id": 294,
            "trust_level": 1
          }
        },
        {
          "extras": null,
          "description": "Frequent Poster",
          "user": {
            "id": 8301,
            "username": "21f3002806",
            "name": "Arshi Khan",
            "avatar_template": "/user_avatar/discourse.onlinedegree.iitm.ac.in/21f3002806/{size}/47611_2.png",
            "primary_group_name": "ds-students",
            "flair_name": "ds-students",
            "flair_group_id": 294,
            "trust_level": 1
          }
        },
        {
          "extras": null,
          "description": "Frequent Poster",
          "user": {
            "id": 7076,
            "username": "21f3000188",
            "name": "Joshua Vedanayagam",
            "avatar_template": "/user_avatar/discourse.onlinedegree.iitm.ac.in/21f3000188/{size}/12786_2.png",
            "primary_group_name": "ds-students",
            "flair_name": "ds-students",
            "flair_group_id": 294,
            "trust_level": 1
          }
        }
      ]
    }
  ],
  "summarizable": false,
  "valid_reactions": [
    "heart",
    "+1",
    "laughing",
    "open_mouth",
    "clap",
    "confetti_ball",
    "rocket",
    "-1"
  ],
  "can_vote": false,
  "vote_count": 0,
  "user_voted": false,
  "discourse_zendesk_plugin_zendesk_id": null,
  "discourse_zendesk_plugin_zendesk_url": "https://your-url.zendesk.com/agent/tickets/",
  "details": {
    "can_edit": false,
    "notification_level": 1,
    "can_create_post": true,
    "can_reply_as_new_topic": true,
    "can_flag_topic": true,
    "participants": [
      {
        "id": 15817,
        "username": "22f3001832",
        "name": "Aryan Kohli",
        "avatar_template": "/user_avatar/discourse.onlinedegree.iitm.ac.in/22f3001832/{size}/97892_2.png",
        "post_count": 1,
        "primary_group_name": "ds-students",
        "flair_name": "ds-students",
        "flair_url": null,
        "flair_color": "",
        "flair_bg_color": "",
        "flair_group_id": 294,
        "trust_level": 1
      },
      {
        "id": 26889,
        "username": "_Riddhi",
        "name": "Riddhi Chatterjee",
        "avatar_template": "/user_avatar/discourse.onlinedegree.iitm.ac.in/_riddhi/{size}/67270_2.png",
        "post_count": 1,
        "primary_group_name": "ds-students",
        "flair_name": "ds-students",
        "flair_url": null,
        "flair_color": "",
        "flair_bg_color": "",
        "flair_group_id": 294,
        "trust_level": 1
      },
      {
        "id": 31621,
        "username": "AbhinavOhri",
        "name": "Abhinav",
        "avatar_template": "/user_avatar/discourse.onlinedegree.iitm.ac.in/abhinavohri/{size}/66966_2.png",
        "post_count": 1,
        "primary_group_name": "ds-students",
        "flair_name": "ds-students",
        "flair_url": null,
        "flair_color": "",
        "flair_bg_color": "",
        "flair_group_id": 294,
        "trust_level": 1
      },
      {
        "id": 26538,
        "username": "parthivn28",
        "name": "Parthiv",
        "avatar_template": "/user_avatar/discourse.onlinedegree.iitm.ac.in/parthivn28/{size}/132632_2.png",
        "post_count": 1,
        "primary_group_name": "ds-students",
        "flair_name": "ds-students",
        "flair_url": null,
        "flair_color": "",
        "flair_bg_color": "",
        "flair_group_id": 294,
        "trust_level": 1
      },
      {
        "id": 16094,
        "username": "carlton",
        "name": "Carlton D'Silva",
        "avatar_template": "/user_avatar/discourse.onlinedegree.iitm.ac.in/carlton/{size}/56317_2.png",
        "post_count": 1,
        "primary_group_name": "ds-students",
        "flair_name": "ds-students",
        "flair_url": null,
        "flair_color": "",
        "flair_bg_color": "",
        "flair_group_id": 294,
        "trust_level": 3
      }
    ],
    "created_by": {
      "id": 31621,
      "username": "AbhinavOhri",
      "name": "Abhinav",
      "avatar_template": "/user_avatar/discourse.onlinedegree.iitm.ac.in/abhinavohri/{size}/66966_2.png"
    },
    "last_poster": {
      "id": 15817,
      "username": "22f3001832",
      "name": "Aryan Kohli",
      "avatar_template": "/user_avatar/discourse.onlinedegree.iitm.ac.in/22f3001832/{size}/97892_2.png"
    }
  },
  "pending_posts": [],
  "bookmarks": []
}