{
  "post_stream": {
    "posts": [
      {
        "id": 596311,
        "name": "Arnav Mehta ",
        "username": "21f3002647",
        "avatar_template": "/user_avatar/discourse.onlinedegree.iitm.ac.in/21f3002647/{size}/12643_2.png",
        "created_at": "2025-02-17T10:07:56.783Z",
        "cooked": "<p>Dear TDS Team,</p>\n<p>I have verified my submission, and my repository <strong>does include a Dockerfile</strong>, and the <strong>Docker image is accessible on DockerHub</strong>. Please find the attached screenshot as proof. Kindly review my submission again and let me know if any further action is needed.</p>\n<p>Looking forward to your confirmation.</p>\n<p>Best regards,<br>\nArnav Mehta<br>\n(21f3002647)</p>\n<p><div class=\"lightbox-wrapper\"><a class=\"lightbox\" href=\"https://europe1.discourse-cdn.com/flex013/uploads/iitm/original/3X/6/a/6a4a28aa638840e8d2e4dbf246ca235fd41e5ccb.png\" data-download-href=\"/uploads/short-url/fahuMqTlIDS9GwNGNM399QrBKhJ.png?dl=1\" title=\"image\" rel=\"noopener nofollow ugc\"><img src=\"https://europe1.discourse-cdn.com/flex013/uploads/iitm/original/3X/6/a/6a4a28aa638840e8d2e4dbf246ca235fd41e5ccb.png\" alt=\"image\" data-base62-sha1=\"fahuMqTlIDS9GwNGNM399QrBKhJ\" width=\"234\" height=\"500\" data-dominant-color=\"161A21\"><div class=\"meta\"><svg class=\"fa d-icon d-icon-far-image svg-icon\" aria-hidden=\"true\"><use href=\"#far-image\"></use></svg><span class=\"filename\">image</span><span class=\"informations\">250×534 3.92 KB</span><svg class=\"fa d-icon d-icon-discourse-expand svg-icon\" aria-hidden=\"true\"><use href=\"#discourse-expand\"></use></svg></div></a></div><br>\n<div class=\"lightbox-wrapper\"><a class=\"lightbox\" href=\"https://europe1.discourse-cdn.com/flex013/uploads/iitm/original/3X/d/1/d14c53cce65e7ac7f679de75bba301f3ee23f1f0.png\" data-download-href=\"/uploads/short-url/tRxjXpqC5mBAEB7FLLzaX0j5ccg.png?dl=1\" title=\"image\" rel=\"noopener nofollow ugc\"><img src=\"https://europe1.discourse-cdn.com/flex013/uploads/iitm/original/3X/d/1/d14c53cce65e7ac7f679de75bba301f3ee23f1f0.png\" alt=\"image\" data-base62-sha1=\"tRxjXpqC5mBAEB7FLLzaX0j5ccg\" width=\"690\" height=\"230\" data-dominant-color=\"1D242C\"><div class=\"meta\"><svg class=\"fa d-icon d-icon-far-image svg-icon\" aria-hidden=\"true\"><use href=\"#far-image\"></use></svg><span class=\"filename\">image</span><span class=\"informations\">713×238 11 KB</span><svg class=\"fa d-icon d-icon-discourse-expand svg-icon\" aria-hidden=\"true\"><use href=\"#discourse-expand\"></use></svg></div></a></div></p>",
        "post_number": 1,
        "post_type": 1,
        "posts_count": 7,
        "updated_at": "2025-02-17T19:02:19.971Z",
        "reply_count": 1,
        "reply_to_post_number": null,
        "quote_count": 0,
        "incoming_link_count": 4,
        "reads": 63,
        "readers_count": 62,
        "score": 36.8,
        "yours": false,
        "topic_id": 167471,
        "topic_slug": "project-1-submission-marked-as-fail-despite-having-dockerfile-image",
        "display_username": "Arnav Mehta ",
        "primary_group_name": "ds-students",
        "flair_name": "ds-students",
        "flair_url": null,
        "flair_bg_color": "",
        "flair_color": "",
        "flair_group_id": 294,
        "badges_granted": [],
        "version": 2,
        "can_edit": false,
        "can_delete": false,
        "can_recover": false,
        "can_see_hidden_post": false,
        "can_wiki": false,
        "read": false,
        "user_title": null,
        "bookmarked": false,
        "actions_summary": [
          {
            "id": 2,
            "can_act": true
          },
          {
            "id": 6,
            "can_act": true
          },
          {
            "id": 3,
            "can_act": true
          },
          {
            "id": 4,
            "can_act": true
          },
          {
            "id": 8,
            "can_act": true
          },
          {
            "id": 10,
            "can_act": true
          },
          {
            "id": 7,
            "can_act": true
          }
        ],
        "moderator": false,
        "admin": false,
        "staff": false,
        "user_id": 14383,
        "hidden": false,
        "trust_level": 1,
        "deleted_at": null,
        "user_deleted": false,
        "edit_reason": null,
        "can_view_edit_history": true,
        "wiki": false,
        "post_url": "/t/project-1-submission-marked-as-fail-despite-having-dockerfile-image/167471/1",
        "user_cakedate": "2022-09-04",
        "reactions": [],
        "current_user_reaction": null,
        "reaction_users_count": 0,
        "current_user_used_main_reaction": false,
        "can_accept_answer": false,
        "can_unaccept_answer": false,
        "accepted_answer": false,
        "topic_accepted_answer": true,
        "can_vote": false
      },
      {
        "id": 596337,
        "name": "Arnav Mehta ",
        "username": "21f3002647",
        "avatar_template": "/user_avatar/discourse.onlinedegree.iitm.ac.in/21f3002647/{size}/12643_2.png",
        "created_at": "2025-02-17T12:30:15.244Z",
        "cooked": "<p><a class=\"mention\" href=\"/u/saransh_saini\">@Saransh_Saini</a> sir what should i do?</p>",
        "post_number": 2,
        "post_type": 1,
        "posts_count": 7,
        "updated_at": "2025-02-17T12:30:15.244Z",
        "reply_count": 1,
        "reply_to_post_number": null,
        "quote_count": 0,
        "incoming_link_count": 0,
        "reads": 50,
        "readers_count": 49,
        "score": 14.6,
        "yours": false,
        "topic_id": 167471,
        "topic_slug": "project-1-submission-marked-as-fail-despite-having-dockerfile-image",
        "display_username": "Arnav Mehta ",
        "primary_group_name": "ds-students",
        "flair_name": "ds-students",
        "flair_url": null,
        "flair_bg_color": "",
        "flair_color": "",
        "flair_group_id": 294,
        "badges_granted": [],
        "version": 1,
        "can_edit": false,
        "can_delete": false,
        "can_recover": false,
        "can_see_hidden_post": false,
        "can_wiki": false,
        "read": false,
        "user_title": null,
        "bookmarked": false,
        "actions_summary": [
          {
            "id": 2,
            "can_act": true
          },
          {
            "id": 6,
            "can_act": true
          },
          {
            "id": 3,
            "can_act": true
          },
          {
            "id": 4,
            "can_act": true
          },
          {
            "id": 8,
            "can_act": true
          },
          {
            "id": 10,
            "can_act": true
          },
          {
            "id": 7,
            "can_act": true
          }
        ],
        "moderator": false,
        "admin": false,
        "staff": false,
        "user_id": 14383,
        "hidden": false,
        "trust_level": 1,
        "deleted_at": null,
        "user_deleted": false,
        "edit_reason": null,
        "can_view_edit_history": true,
        "wiki": false,
        "post_url": "/t/project-1-submission-marked-as-fail-despite-having-dockerfile-image/167471/2",
        "user_cakedate": "2022-09-04",
        "reactions": [],
        "current_user_reaction": null,
        "reaction_users_count": 0,
        "current_user_used_main_reaction": false,
        "can_accept_answer": false,
        "can_unaccept_answer": false,
        "accepted_answer": false,
        "topic_accepted_answer": true
      },
      {
        "id": 596404,
        "name": "Saransh Saini",
        "username": "Saransh_Saini",
        "avatar_template": "/user_avatar/discourse.onlinedegree.iitm.ac.in/saransh_saini/{size}/123495_2.png",
        "created_at": "2025-02-17T15:43:39.614Z",
        "cooked": "<p><a class=\"mention\" href=\"/u/carlton\">@carlton</a> Kindly have a look into this.</p>",
        "post_number": 3,
        "post_type": 1,
        "posts_count": 7,
        "updated_at": "2025-02-17T15:43:39.614Z",
        "reply_count": 1,
        "reply_to_post_number": 2,
        "quote_count": 0,
        "incoming_link_count": 2,
        "reads": 44,
        "readers_count": 43,
        "score": 23.4,
        "yours": false,
        "topic_id": 167471,
        "topic_slug": "project-1-submission-marked-as-fail-despite-having-dockerfile-image",
        "display_username": "Saransh Saini",
        "primary_group_name": "ds-students",
        "flair_name": "ds-students",
        "flair_url": null,
        "flair_bg_color": "",
        "flair_color": "",
        "flair_group_id": 294,
        "badges_granted": [],
        "version": 1,
        "can_edit": false,
        "can_delete": false,
        "can_recover": false,
        "can_see_hidden_post": false,
        "can_wiki": false,
        "read": false,
        "user_title": "Course TA",
        "title_is_group": false,
        "reply_to_user": {
          "id": 14383,
          "username": "21f3002647",
          "name": "Arnav Mehta ",
          "avatar_template": "/user_avatar/discourse.onlinedegree.iitm.ac.in/21f3002647/{size}/12643_2.png"
        },
        "bookmarked": false,
        "actions_summary": [
          {
            "id": 2,
            "can_act": true
          },
          {
            "id": 6,
            "can_act": true
          },
          {
            "id": 3,
            "can_act": true
          },
          {
            "id": 4,
            "can_act": true
          },
          {
            "id": 8,
            "can_act": true
          },
          {
            "id": 10,
            "can_act": true
          },
          {
            "id": 7,
            "can_act": true
          }
        ],
        "moderator": false,
        "admin": false,
        "staff": false,
        "group_moderator": true,
        "user_id": 13078,
        "hidden": false,
        "trust_level": 1,
        "deleted_at": null,
        "user_deleted": false,
        "edit_reason": null,
        "can_view_edit_history": true,
        "wiki": false,
        "post_url": "/t/project-1-submission-marked-as-fail-despite-having-dockerfile-image/167471/3",
        "user_cakedate": "2022-05-02",
        "user_birthdate": "1904-08-04",
        "reactions": [],
        "current_user_reaction": null,
        "reaction_users_count": 0,
        "current_user_used_main_reaction": false,
        "can_accept_answer": false,
        "can_unaccept_answer": false,
        "accepted_answer": false,
        "topic_accepted_answer": true
      },
      {
        "id": 596467,
        "name": "Satvik  Sawhney",
        "username": "satviksawhney",
        "avatar_template": "/user_avatar/discourse.onlinedegree.iitm.ac.in/satviksawhney/{size}/66863_2.png",
        "created_at": "2025-02-18T00:48:03.881Z",
        "cooked": "<p>Good Morning Sir,<br>\nSir even I am facing a similar issue, even though sanity check for docker image on docker hub was cleared but got a mail saying ‘dockerfile’ not present in the GitHub repo while it clearly was. Sir please look into it we have given so many days to complete this project.</p>\n<p>Looking forward to your reply.</p>\n<p>Thank you<br>\nSatvik Sawhney<br>\n23f2003680</p>",
        "post_number": 8,
        "post_type": 1,
        "posts_count": 7,
        "updated_at": "2025-02-18T00:48:03.881Z",
        "reply_count": 1,
        "reply_to_post_number": 3,
        "quote_count": 0,
        "incoming_link_count": 0,
        "reads": 40,
        "readers_count": 39,
        "score": 12.6,
        "yours": false,
        "topic_id": 167471,
        "topic_slug": "project-1-submission-marked-as-fail-despite-having-dockerfile-image",
        "display_username": "Satvik  Sawhney",
        "primary_group_name": "ds-students",
        "flair_name": "ds-students",
        "flair_url": null,
        "flair_bg_color": "",
        "flair_color": "",
        "flair_group_id": 294,
        "badges_granted": [],
        "version": 1,
        "can_edit": false,
        "can_delete": false,
        "can_recover": false,
        "can_see_hidden_post": false,
        "can_wiki": false,
        "read": false,
        "user_title": null,
        "reply_to_user": {
          "id": 13078,
          "username": "Saransh_Saini",
          "name": "Saransh Saini",
          "avatar_template": "/user_avatar/discourse.onlinedegree.iitm.ac.in/saransh_saini/{size}/123495_2.png"
        },
        "bookmarked": false,
        "actions_summary": [
          {
            "id": 2,
            "can_act": true
          },
          {
            "id": 6,
            "can_act": true
          },
          {
            "id": 3,
            "can_act": true
          },
          {
            "id": 4,
            "can_act": true
          },
          {
            "id": 8,
            "can_act": true
          },
          {
            "id": 10,
            "can_act": true
          },
          {
            "id": 7,
            "can_act": true
          }
        ],
        "moderator": false,
        "admin": false,
        "staff": false,
        "user_id": 22259,
        "hidden": false,
        "trust_level": 0,
        "deleted_at": null,
        "user_deleted": false,
        "edit_reason": null,
        "can_view_edit_history": true,
        "wiki": false,
        "post_url": "/t/project-1-submission-marked-as-fail-despite-having-dockerfile-image/167471/8",
        "user_cakedate": "2023-09-19",
        "reactions": [],
        "current_user_reaction": null,
        "reaction_users_count": 0,
        "current_user_used_main_reaction": false,
        "can_accept_answer": false,
        "can_unaccept_answer": false,
        "accepted_answer": false,
        "topic_accepted_answer": true
      },
      {
        "id": 596517,
        "name": "Carlton D'Silva",
        "username": "carlton",
        "avatar_template": "/user_avatar/discourse.onlinedegree.iitm.ac.in/carlton/{size}/56317_2.png",
        "created_at": "2025-02-18T05:00:31.191Z",
        "cooked": "<p>So the reason for the failure is:</p>\n<p>You had initially put your Dockerfile inside a directory called TDSP-1-main instead of being directly in your repo. (On 15th Feb 1:26AM)</p>\n<p>Then when our automated script checked if students repos met the requirements and yours did not we immediately sent out a warning email as a opportunity for students to make the necessary corrections.</p>\n<p>Then once you realised your mistake, on <strong>Feb 17th at 9:11 pm IST</strong> i.e <em>yesteday</em>, you changed your repo to put the files in the correct locations.</p>\n<p>Then you finally posted here on Discourse with the image [quote=“21f3002647, post:1, topic:167471”]<br>\n<div class=\"lightbox-wrapper\"><a class=\"lightbox\" href=\"https://europe1.discourse-cdn.com/flex013/uploads/iitm/original/3X/6/a/6a4a28aa638840e8d2e4dbf246ca235fd41e5ccb.png\" data-download-href=\"/uploads/short-url/fahuMqTlIDS9GwNGNM399QrBKhJ.png?dl=1\" title=\"image\"><img src=\"https://europe1.discourse-cdn.com/flex013/uploads/iitm/original/3X/6/a/6a4a28aa638840e8d2e4dbf246ca235fd41e5ccb.png\" alt=\"image\" data-base62-sha1=\"fahuMqTlIDS9GwNGNM399QrBKhJ\" width=\"234\" height=\"500\" data-dominant-color=\"161A21\"><div class=\"meta\"><svg class=\"fa d-icon d-icon-far-image svg-icon\" aria-hidden=\"true\"><use href=\"#far-image\"></use></svg><span class=\"filename\">image</span><span class=\"informations\">250×534 3.92 KB</span><svg class=\"fa d-icon d-icon-discourse-expand svg-icon\" aria-hidden=\"true\"><use href=\"#discourse-expand\"></use></svg></div></a></div><br>\n[/quote]</p>\n<p>showing that your files are in the correct place.</p>\n<p>We do not take into consideration modifications to your repo after the deadline because then we would have to extend that curtesy to all students.</p>\n<p>Kind regards</p>",
        "post_number": 9,
        "post_type": 1,
        "posts_count": 7,
        "updated_at": "2025-02-18T05:00:31.191Z",
        "reply_count": 2,
        "reply_to_post_number": 8,
        "quote_count": 1,
        "incoming_link_count": 0,
        "reads": 36,
        "readers_count": 35,
        "score": 16.8,
        "yours": false,
        "topic_id": 167471,
        "topic_slug": "project-1-submission-marked-as-fail-despite-having-dockerfile-image",
        "display_username": "Carlton D'Silva",
        "primary_group_name": "ds-students",
        "flair_name": "ds-students",
        "flair_url": null,
        "flair_bg_color": "",
        "flair_color": "",
        "flair_group_id": 294,
        "badges_granted": [],
        "version": 1,
        "can_edit": false,
        "can_delete": false,
        "can_recover": false,
        "can_see_hidden_post": false,
        "can_wiki": false,
        "read": false,
        "user_title": "Regular",
        "title_is_group": false,
        "reply_to_user": {
          "id": 22259,
          "username": "satviksawhney",
          "name": "Satvik  Sawhney",
          "avatar_template": "/user_avatar/discourse.onlinedegree.iitm.ac.in/satviksawhney/{size}/66863_2.png"
        },
        "bookmarked": false,
        "actions_summary": [
          {
            "id": 2,
            "can_act": true
          },
          {
            "id": 6,
            "can_act": true
          },
          {
            "id": 3,
            "can_act": true
          },
          {
            "id": 4,
            "can_act": true
          },
          {
            "id": 8,
            "can_act": true
          },
          {
            "id": 10,
            "can_act": true
          },
          {
            "id": 7,
            "can_act": true
          }
        ],
        "moderator": false,
        "admin": false,
        "staff": false,
        "group_moderator": true,
        "user_id": 16094,
        "hidden": false,
        "trust_level": 3,
        "deleted_at": null,
        "user_deleted": false,
        "edit_reason": null,
        "can_view_edit_history": true,
        "wiki": false,
        "post_url": "/t/project-1-submission-marked-as-fail-despite-having-dockerfile-image/167471/9",
        "user_cakedate": "2023-01-25",
        "reactions": [],
        "current_user_reaction": null,
        "reaction_users_count": 0,
        "current_user_used_main_reaction": false,
        "can_accept_answer": false,
        "can_unaccept_answer": false,
        "accepted_answer": true,
        "topic_accepted_answer": true
      },
      {
        "id": 596587,
        "name": "Arnav Mehta ",
        "username": "21f3002647",
        "avatar_template": "/user_avatar/discourse.onlinedegree.iitm.ac.in/21f3002647/{size}/12643_2.png",
        "created_at": "2025-02-18T06:35:49.560Z",
        "cooked": "<p><a class=\"mention\" href=\"/u/carlton\">@carlton</a> sir<br>\nYes, I corrected my repo at 9:11 PM IST, but I had actually written and submitted my query much earlier at 4 PM. At that time, I wasn’t entirely sure if this was the actual issue, but it looks like it was.</p>\n<p>I understand that the deadline had already passed, and I only saw the email later. I had two GATE papers on the 15th and an interview on the 16th, so I was extremely busy and couldn’t check my emails sooner. However, I had raised my concern well before making the correction, so I’d really appreciate it if my submission could still be considered <img src=\"https://emoji.discourse-cdn.com/google/frowning.png?v=12\" title=\":frowning:\" class=\"emoji\" alt=\":frowning:\" loading=\"lazy\" width=\"20\" height=\"20\"></p>\n<p>Kind regards,<br>\nArnav Mehta<br>\n21f3002647</p>",
        "post_number": 10,
        "post_type": 1,
        "posts_count": 7,
        "updated_at": "2025-02-18T06:36:27.698Z",
        "reply_count": 0,
        "reply_to_post_number": 9,
        "quote_count": 0,
        "incoming_link_count": 0,
        "reads": 34,
        "readers_count": 33,
        "score": 6.2,
        "yours": false,
        "topic_id": 167471,
        "topic_slug": "project-1-submission-marked-as-fail-despite-having-dockerfile-image",
        "display_username": "Arnav Mehta ",
        "primary_group_name": "ds-students",
        "flair_name": "ds-students",
        "flair_url": null,
        "flair_bg_color": "",
        "flair_color": "",
        "flair_group_id": 294,
        "badges_granted": [],
        "version": 1,
        "can_edit": false,
        "can_delete": false,
        "can_recover": false,
        "can_see_hidden_post": false,
        "can_wiki": false,
        "read": false,
        "user_title": null,
        "reply_to_user": {
          "id": 16094,
          "username": "carlton",
          "name": "Carlton D'Silva",
          "avatar_template": "/user_avatar/discourse.onlinedegree.iitm.ac.in/carlton/{size}/56317_2.png"
        },
        "bookmarked": false,
        "actions_summary": [
          {
            "id": 2,
            "can_act": true
          },
          {
            "id": 6,
            "can_act": true
          },
          {
            "id": 3,
            "can_act": true
          },
          {
            "id": 4,
            "can_act": true
          },
          {
            "id": 8,
            "can_act": true
          },
          {
            "id": 10,
            "can_act": true
          },
          {
            "id": 7,
            "can_act": true
          }
        ],
        "moderator": false,
        "admin": false,
        "staff": false,
        "user_id": 14383,
        "hidden": false,
        "trust_level": 1,
        "deleted_at": null,
        "user_deleted": false,
        "edit_reason": null,
        "can_view_edit_history": true,
        "wiki": false,
        "post_url": "/t/project-1-submission-marked-as-fail-despite-having-dockerfile-image/167471/10",
        "user_cakedate": "2022-09-04",
        "reactions": [],
        "current_user_reaction": null,
        "reaction_users_count": 0,
        "current_user_used_main_reaction": false,
        "can_accept_answer": false,
        "can_unaccept_answer": false,
        "accepted_answer": false,
        "topic_accepted_answer": true
      },
      {
        "id": 596639,
        "name": "Satvik  Sawhney",
        "username": "satviksawhney",
        "avatar_template": "/user_avatar/discourse.onlinedegree.iitm.ac.in/satviksawhney/{size}/66863_2.png",
        "created_at": "2025-02-18T08:28:16.577Z",
        "cooked": "<p>Sir, please consider it we have spent a lot of time, in my case just the d in Dockerfile was small that too on remote repository. On my local repository it was Dockerfile only I even have a published docker image as verified by you autated script only. The name of the file on remote repository did not change even after commit it through my local repo, once I read the mail in morning it was only then I realised it wasn’t changed on GitHub repo.</p>\n<p>Sir I understand the deadline has passed and I am not asking for a resubmission, I am just asking to consider the already submitted work, just that. It would be really helpful. I just have one commit on my repo that too “Rename dockerfile to Dokerfile” . Sir please attest consider what we have already submitted. I have made no changes as you can verify it too.</p>\n<p>Sir it is a humble request to please consider it.</p>\n<p>Warm Regards,<br>\nSatvik Sawhney<br>\n23f2003680</p>\n<p><div class=\"lightbox-wrapper\"><a class=\"lightbox\" href=\"https://europe1.discourse-cdn.com/flex013/uploads/iitm/original/3X/1/a/1a5f2ea044383efcb5d248ddb487665e9e65957d.png\" data-download-href=\"/uploads/short-url/3Lil8Qu84E3T6jREDGJRO6bakiN.png?dl=1\" title=\"Screenshot 2025-02-18 at 1.53.10 PM\" rel=\"noopener nofollow ugc\"><img src=\"https://europe1.discourse-cdn.com/flex013/uploads/iitm/optimized/3X/1/a/1a5f2ea044383efcb5d248ddb487665e9e65957d_2_690x170.png\" alt=\"Screenshot 2025-02-18 at 1.53.10 PM\" data-base62-sha1=\"3Lil8Qu84E3T6jREDGJRO6bakiN\" width=\"690\" height=\"170\" srcset=\"https://europe1.discourse-cdn.com/flex013/uploads/iitm/optimized/3X/1/a/1a5f2ea044383efcb5d248ddb487665e9e65957d_2_690x170.png, https://europe1.discourse-cdn.com/flex013/uploads/iitm/optimized/3X/1/a/1a5f2ea044383efcb5d248ddb487665e9e65957d_2_1035x255.png 1.5x, https://europe1.discourse-cdn.com/flex013/uploads/iitm/optimized/3X/1/a/1a5f2ea044383efcb5d248ddb487665e9e65957d_2_1380x340.png 2x\" data-dominant-color=\"15181D\"><div class=\"meta\"><svg class=\"fa d-icon d-icon-far-image svg-icon\" aria-hidden=\"true\"><use href=\"#far-image\"></use></svg><span class=\"filename\">Screenshot 2025-02-18 at 1.53.10 PM</span><span class=\"informations\">1889×467 54 KB</span><svg class=\"fa d-icon d-icon-discourse-expand svg-icon\" aria-hidden=\"true\"><use href=\"#discourse-expand\"></use></svg></div></a></div></p>",
        "post_number": 11,
        "post_type": 1,
        "posts_count": 7,
        "updated_at": "2025-02-18T08:28:16.577Z",
        "reply_count": 0,
        "reply_to_post_number": 9,
        "quote_count": 0,
        "incoming_link_count": 0,
        "reads": 27,
        "readers_count": 26,
        "score": 4.8,
        "yours": false,
        "topic_id": 167471,
        "topic_slug": "project-1-submission-marked-as-fail-despite-having-dockerfile-image",
        "display_username": "Satvik  Sawhney",
        "primary_group_name": "ds-students",
        "flair_name": "ds-students",
        "flair_url": null,
        "flair_bg_color": "",
        "flair_color": "",
        "flair_group_id": 294,
        "badges_granted": [],
        "version": 1,
        "can_edit": false,
        "can_delete": false,
        "can_recover": false,
        "can_see_hidden_post": false,
        "can_wiki": false,
        "read": false,
        "user_title": null,
        "reply_to_user": {
          "id": 16094,
          "username": "carlton",
          "name": "Carlton D'Silva",
          "avatar_template": "/user_avatar/discourse.onlinedegree.iitm.ac.in/carlton/{size}/56317_2.png"
        },
        "bookmarked": false,
        "actions_summary": [
          {
            "id": 2,
            "can_act": true
          },
          {
            "id": 6,
            "can_act": true
          },
          {
            "id": 3,
            "can_act": true
          },
          {
            "id": 4,
            "can_act": true
          },
          {
            "id": 8,
            "can_act": true
          },
          {
            "id": 10,
            "can_act": true
          },
          {
            "id": 7,
            "can_act": true
          }
        ],
        "moderator": false,
        "admin": false,
        "staff": false,
        "user_id": 22259,
        "hidden": false,
        "trust_level": 0,
        "deleted_at": null,
        "user_deleted": false,
        "edit_reason": null,
        "can_view_edit_history": true,
        "wiki": false,
        "post_url": "/t/project-1-submission-marked-as-fail-despite-having-dockerfile-image/167471/11",
        "user_cakedate": "2023-09-19",
        "reactions": [],
        "current_user_reaction": null,
        "reaction_users_count": 0,
        "current_user_used_main_reaction": false,
        "can_accept_answer": false,
        "can_unaccept_answer": false,
        "accepted_answer": false,
        "topic_accepted_answer": true
      }
    ],
    "stream": [
      596311,
      596337,
      596404,
      596467,
      596517,
      596587,
      596639
    ]
  },
  "timeline_lookup": [
    [
      1,
      103
    ],
    [
      5,
      102
    ]
  ],
  "suggested_topics": [
    {
      "id": 173524,
      "title": "GA1 - Development Tools - Discussion Thread [TDS May 2025]",
      "fancy_title": "GA1 - Development Tools - Discussion Thread [TDS May 2025]",
      "slug": "ga1-development-tools-discussion-thread-tds-may-2025",
      "posts_count": 80,
      "reply_count": 51,
      "highest_post_number": 85,
      "image_url": null,
      "created_at": "2025-05-01T11:39:00.734Z",
      "last_posted_at": "2025-05-31T15:34:18.368Z",
      "bumped": true,
      "bumped_at": "2025-05-31T15:34:18.368Z",
      "archetype": "regular",
      "unseen": false,
      "last_read_post_number": 82,
      "unread": 0,
      "new_posts": 3,
      "unread_posts": 3,
      "pinned": false,
      "unpinned": null,
      "visible": true,
      "closed": false,
      "archived": false,
      "notification_level": 2,
      "bookmarked": false,
      "liked": false,
      "tags": [
        "term2-2025",
        "graded-assignment"
      ],
      "tags_descriptions": {},
      "like_count": 25,
      "views": 1155,
      "category_id": 34,
      "featured_link": null,
      "has_accepted_answer": false,
      "posters": [
        {
          "extras": null,
          "description": "Original Poster",
          "user": {
            "id": 9419,
            "username": "s.anand",
            "name": "Anand S",
            "avatar_template": "/user_avatar/discourse.onlinedegree.iitm.ac.in/s.anand/{size}/15264_2.png",
            "primary_group_name": "faculty",
            "flair_name": "faculty",
            "flair_url": "chalkboard-user",
            "flair_bg_color": "f2c26e",
            "flair_color": "000",
            "flair_group_id": 54,
            "trust_level": 4
          }
        },
        {
          "extras": null,
          "description": "Frequent Poster",
          "user": {
            "id": 22472,
            "username": "Advaith52",
            "name": "Advaith Sanil Kumar",
            "avatar_template": "/user_avatar/discourse.onlinedegree.iitm.ac.in/advaith52/{size}/67172_2.png",
            "primary_group_name": "ds-students",
            "flair_name": "ds-students",
            "flair_group_id": 294,
            "trust_level": 1
          }
        },
        {
          "extras": null,
          "description": "Frequent Poster",
          "user": {
            "id": 16094,
            "username": "carlton",
            "name": "Carlton D'Silva",
            "avatar_template": "/user_avatar/discourse.onlinedegree.iitm.ac.in/carlton/{size}/56317_2.png",
            "primary_group_name": "ds-students",
            "flair_name": "ds-students",
            "flair_group_id": 294,
            "trust_level": 3
          }
        },
        {
          "extras": null,
          "description": "Frequent Poster",
          "user": {
            "id": 15658,
            "username": "HritikRoshan_HRM",
            "name": "HRITIK ROSHAN MAURYA",
            "avatar_template": "/user_avatar/discourse.onlinedegree.iitm.ac.in/hritikroshan_hrm/{size}/66975_2.png",
            "primary_group_name": "ds-students",
            "flair_name": "ds-students",
            "flair_group_id": 294,
            "trust_level": 1
          }
        },
        {
          "extras": "latest",
          "description": "Most Recent Poster",
          "user": {
            "id": 12914,
            "username": "iAnimeshS",
            "name": "Animesh",
            "avatar_template": "/user_avatar/discourse.onlinedegree.iitm.ac.in/ianimeshs/{size}/12415_2.png",
            "primary_group_name": "ds-students",
            "flair_name": "ds-students",
            "flair_group_id": 294,
            "trust_level": 1
          }
        }
      ]
    },
    {
      "id": 176789,
      "title": "Vercel deployement error",
      "fancy_title": "Vercel deployement error",
      "slug": "vercel-deployement-error",
      "posts_count": 1,
      "reply_count": 0,
      "highest_post_number": 1,
      "image_url": null,
      "created_at": "2025-05-31T11:55:22.507Z",
      "last_posted_at": "2025-05-31T11:55:22.708Z",
      "bumped": true,
      "bumped_at": "2025-05-31T11:55:22.708Z",
      "archetype": "regular",
      "unseen": true,
      "pinned": false,
      "unpinned": null,
      "visible": true,
      "closed": false,
      "archived": false,
      "bookmarked": null,
      "liked": null,
      "tags": [
        "diploma-level",
        "term2-2025"
      ],
      "tags_descriptions": {},
      "like_count": 0,
      "views": 9,
      "category_id": 34,
      "featured_link": null,
      "has_accepted_answer": false,
      "posters": [
        {
          "extras": "latest single",
          "description": "Original Poster, Most Recent Poster",
          "user": {
            "id": 25506,
            "username": "23f3003724",
            "name": "Vedika Gupta",
            "avatar_template": "/user_avatar/discourse.onlinedegree.iitm.ac.in/23f3003724/{size}/68806_2.png",
            "primary_group_name": "ds-students",
            "flair_name": "ds-students",
            "flair_group_id": 294,
            "trust_level": 1
          }
        }
      ]
    }
  ],
  "tags": [
    "operational",
    "term1-2025",
    "tds-project-1"
  ],
  "tags_descriptions": {},
  "id": 167471,
  "title": "Project 1 Submission Marked as FAIL Despite Having Dockerfile & Image",
  "fancy_title": "Project 1 Submission Marked as FAIL Despite Having Dockerfile &amp; Image",
  "posts_count": 7,
  "created_at": "2025-02-17T10:07:56.585Z",
  "views": 85,
  "reply_count": 6,
  "like_count": 0,
  "last_posted_at": "2025-02-18T08:28:16.577Z",
  "visible": true,
  "closed": false,
  "archived": false,
  "has_summary": false,
  "archetype": "regular",
  "slug": "project-1-submission-marked-as-fail-despite-having-dockerfile-image",
  "category_id": 34,
  "word_count": 590,
  "deleted_at": null,
  "user_id": 14383,
  "featured_link": null,
  "pinned_globally": false,
  "pinned_at": null,
  "pinned_until": null,
  "image_url": "https://europe1.discourse-cdn.com/flex013/uploads/iitm/original/3X/6/a/6a4a28aa638840e8d2e4dbf246ca235fd41e5ccb.png",
  "slow_mode_seconds": 0,
  "draft": null,
  "draft_key": "topic_167471",
  "draft_sequence": 0,
  "unpinned": null,
  "pinned": false,
  "current_post_number": 1,
  "highest_post_number": 11,
  "deleted_by": null,
  "actions_summary": [
    {
      "id": 4,
      "count": 0,
      "hidden": false,
      "can_act": true
    },
    {
      "id": 8,
      "count": 0,
      "hidden": false,
      "can_act": true
    },
    {
      "id": 10,
      "count": 0,
      "hidden": false,
      "can_act": true
    },
    {
      "id": 7,
      "count": 0,
      "hidden": false,
      "can_act": true
    }
  ],
  "chunk_size": 20,
  "bookmarked": false,
  "topic_timer": null,
  "message_bus_last_id": 0,
  "participant_count": 4,
  "show_read_indicator": false,
  "thumbnails": [
    {
      "max_width": null,
      "max_height": null,
      "width": 250,
      "height": 534,
      "url": "https://europe1.discourse-cdn.com/flex013/uploads/iitm/original/3X/6/a/6a4a28aa638840e8d2e4dbf246ca235fd41e5ccb.png"
    }
  ],
  "slow_mode_enabled_until": null,
  "tags_disable_ads": false,
  "related_topics": [
    {
      "id": 171477,
      "title": "Project 1 Evaluation second mail is not correct and reports files missing while they are present",
      "fancy_title": "Project 1 Evaluation second mail is not correct and reports files missing while they are present",
      "slug": "project-1-evaluation-second-mail-is-not-correct-and-reports-files-missing-while-they-are-present",
      "posts_count": 12,
      "reply_count": 8,
      "highest_post_number": 13,
      "image_url": "https://europe1.discourse-cdn.com/flex013/uploads/iitm/optimized/3X/f/0/f001f7be7e533353ac4526f1cf9d82d4211ea6e1_2_1024x393.png",
      "created_at": "2025-04-01T03:38:04.214Z",
      "last_posted_at": "2025-04-29T15:19:06.622Z",
      "bumped": true,
      "bumped_at": "2025-04-29T15:19:06.622Z",
      "archetype": "regular",
      "unseen": false,
      "last_read_post_number": 4,
      "unread": 0,
      "new_posts": 0,
      "unread_posts": 0,
      "pinned": false,
      "unpinned": null,
      "visible": true,
      "closed": false,
      "archived": false,
      "notification_level": 1,
      "bookmarked": false,
      "liked": false,
      "tags": [
        "term1-2025",
        "tds-project-one"
      ],
      "tags_descriptions": {},
      "like_count": 3,
      "views": 153,
      "category_id": 34,
      "featured_link": null,
      "has_accepted_answer": true,
      "posters": [
        {
          "extras": null,
          "description": "Original Poster",
          "user": {
            "id": 15817,
            "username": "22f3001832",
            "name": "Aryan Kohli",
            "avatar_template": "/user_avatar/discourse.onlinedegree.iitm.ac.in/22f3001832/{size}/97892_2.png",
            "primary_group_name": "ds-students",
            "flair_name": "ds-students",
            "flair_group_id": 294,
            "trust_level": 1
          }
        },
        {
          "extras": null,
          "description": "Frequent Poster, Accepted Answer",
          "user": {
            "id": 16094,
            "username": "carlton",
            "name": "Carlton D'Silva",
            "avatar_template": "/user_avatar/discourse.onlinedegree.iitm.ac.in/carlton/{size}/56317_2.png",
            "primary_group_name": "ds-students",
            "flair_name": "ds-students",
            "flair_group_id": 294,
            "trust_level": 3
          }
        },
        {
          "extras": null,
          "description": "Frequent Poster",
          "user": {
            "id": 17654,
            "username": "23f2000345",
            "name": "Kshitij Pandey",
            "avatar_template": "/user_avatar/discourse.onlinedegree.iitm.ac.in/23f2000345/{size}/84315_2.png",
            "primary_group_name": "ds-students",
            "flair_name": "ds-students",
            "flair_group_id": 294,
            "trust_level": 1
          }
        },
        {
          "extras": null,
          "description": "Frequent Poster",
          "user": {
            "id": 32407,
            "username": "Sudhishnarayan",
            "name": "Sudhish Narayan S",
            "avatar_template": "/user_avatar/discourse.onlinedegree.iitm.ac.in/sudhishnarayan/{size}/66833_2.png",
            "primary_group_name": "ds-students",
            "flair_name": "ds-students",
            "flair_group_id": 294,
            "trust_level": 1
          }
        },
        {
          "extras": "latest",
          "description": "Most Recent Poster",
          "user": {
            "id": 15651,
            "username": "Jivraj",
            "name": "Jivraj Singh Shekhawat",
            "avatar_template": "https://avatars.discourse-cdn.com/v4/letter/j/b9bd4f/{size}.png",
            "primary_group_name": "ds-students",
            "flair_name": "ds-students",
            "flair_group_id": 294,
            "trust_level": 2
          }
        }
      ]
    },
    {
      "id": 171141,
      "title": "Tds-official-Project1-discrepencies",
      "fancy_title": "Tds-official-Project1-discrepencies",
      "slug": "tds-official-project1-discrepencies",
      "posts_count": 467,
      "reply_count": 321,
      "highest_post_number": 489,
      "image_url": null,
      "created_at": "2025-03-28T18:34:40.927Z",
      "last_posted_at": "2025-04-20T09:05:20.485Z",
      "bumped": true,
      "bumped_at": "2025-04-20T09:05:20.485Z",
      "archetype": "regular",
      "unseen": false,
      "last_read_post_number": 18,
      "unread": 0,
      "new_posts": 0,
      "unread_posts": 0,
      "pinned": false,
      "unpinned": null,
      "visible": true,
      "closed": false,
      "archived": false,
      "notification_level": 1,
      "bookmarked": false,
      "liked": false,
      "tags": [
        "term1-2025",
        "tds-project-1"
      ],
      "tags_descriptions": {},
      "like_count": 150,
      "views": 1864,
      "category_id": 34,
      "featured_link": null,
      "indirectly_assigned_to": {
        "612343": {
          "assigned_to": {
            "username": "carlton",
            "name": "Carlton D'Silva",
            "avatar_template": "/user_avatar/discourse.onlinedegree.iitm.ac.in/carlton/{size}/56317_2.png"
          },
          "post_number": 15,
          "assignment_note": null,
          "assignment_status": null
        }
      },
      "has_accepted_answer": false,
      "posters": [
        {
          "extras": null,
          "description": "Original Poster",
          "user": {
            "id": 15651,
            "username": "Jivraj",
            "name": "Jivraj Singh Shekhawat",
            "avatar_template": "https://avatars.discourse-cdn.com/v4/letter/j/b9bd4f/{size}.png",
            "primary_group_name": "ds-students",
            "flair_name": "ds-students",
            "flair_group_id": 294,
            "trust_level": 2
          }
        },
        {
          "extras": null,
          "description": "Frequent Poster",
          "user": {
            "id": 14107,
            "username": "22f2001389",
            "name": "Ritwika Dutta ",
            "avatar_template": "/user_avatar/discourse.onlinedegree.iitm.ac.in/22f2001389/{size}/12849_2.png",
            "primary_group_name": "ds-students",
            "flair_name": "ds-students",
            "flair_group_id": 294,
            "trust_level": 0
          }
        },
        {
          "extras": null,
          "description": "Frequent Poster",
          "user": {
            "id": 17698,
            "username": "23f2000599",
            "name": "S Smriti",
            "avatar_template": "/user_avatar/discourse.onlinedegree.iitm.ac.in/23f2000599/{size}/66764_2.png",
            "primary_group_name": "ds-students",
            "flair_name": "ds-students",
            "flair_group_id": 294,
            "trust_level": 1
          }
        },
        {
          "extras": null,
          "description": "Frequent Poster",
          "user": {
            "id": 17038,
            "username": "22f3002723",
            "name": "Jayaram",
            "avatar_template": "/user_avatar/discourse.onlinedegree.iitm.ac.in/22f3002723/{size}/110636_2.png",
            "primary_group_name": "ds-students",
            "flair_name": "ds-students",
            "flair_group_id": 294,
            "trust_level": 1
          }
        },
        {
          "extras": "latest",
          "description": "Most Recent Poster",
          "user": {
            "id": 27708,
            "username": "23f1001822",
            "name": "Saksham",
            "avatar_template": "/user_avatar/discourse.onlinedegree.iitm.ac.in/23f1001822/{size}/66833_2.png",
            "primary_group_name": "ds-students",
            "flair_name": "ds-students",
            "flair_group_id": 294,
            "trust_level": 1
          }
        }
      ]
    },
    {
      "id": 167415,
      "title": "IMPORTANT: Dockerfile submitted as dockerfile rest everything is working fine",
      "fancy_title": "IMPORTANT: Dockerfile submitted as dockerfile rest everything is working fine",
      "slug": "important-dockerfile-submitted-as-dockerfile-rest-everything-is-working-fine",
      "posts_count": 5,
      "reply_count": 1,
      "highest_post_number": 6,
      "image_url": null,
      "created_at": "2025-02-16T15:33:59.823Z",
      "last_posted_at": "2025-02-18T08:30:13.921Z",
      "bumped": true,
      "bumped_at": "2025-02-18T08:30:13.921Z",
      "archetype": "regular",
      "unseen": false,
      "pinned": false,
      "unpinned": null,
      "visible": true,
      "closed": false,
      "archived": false,
      "bookmarked": null,
      "liked": null,
      "tags": [
        "clarification",
        "term1-2025",
        "tds-project-1"
      ],
      "tags_descriptions": {},
      "like_count": 1,
      "views": 72,
      "category_id": 34,
      "featured_link": null,
      "has_accepted_answer": true,
      "posters": [
        {
          "extras": null,
          "description": "Original Poster",
          "user": {
            "id": 28703,
            "username": "nayonika",
            "name": "Nayonika Arora",
            "avatar_template": "/user_avatar/discourse.onlinedegree.iitm.ac.in/nayonika/{size}/68095_2.png",
            "primary_group_name": "ds-students",
            "flair_name": "ds-students",
            "flair_group_id": 294,
            "trust_level": 1
          }
        },
        {
          "extras": null,
          "description": "Frequent Poster, Accepted Answer",
          "user": {
            "id": 13078,
            "username": "Saransh_Saini",
            "name": "Saransh Saini",
            "avatar_template": "/user_avatar/discourse.onlinedegree.iitm.ac.in/saransh_saini/{size}/123495_2.png",
            "primary_group_name": "ds-students",
            "flair_name": "ds-students",
            "flair_group_id": 294,
            "trust_level": 1
          }
        },
        {
          "extras": null,
          "description": "Frequent Poster",
          "user": {
            "id": 16552,
            "username": "22f3000585",
            "name": "Reva Lakshmy Paul",
            "avatar_template": "/user_avatar/discourse.onlinedegree.iitm.ac.in/22f3000585/{size}/111045_2.png",
            "primary_group_name": "ds-students",
            "flair_name": "ds-students",
            "flair_group_id": 294,
            "trust_level": 1
          }
        },
        {
          "extras": "latest",
          "description": "Most Recent Poster",
          "user": {
            "id": 22259,
            "username": "satviksawhney",
            "name": "Satvik  Sawhney",
            "avatar_template": "/user_avatar/discourse.onlinedegree.iitm.ac.in/satviksawhney/{size}/66863_2.png",
            "primary_group_name": "ds-students",
            "flair_name": "ds-students",
            "flair_group_id": 294,
            "trust_level": 0
          }
        }
      ]
    },
    {
      "id": 69404,
      "title": "Project 1 Not Submitted-Error",
      "fancy_title": "Project 1 Not Submitted-Error",
      "slug": "project-1-not-submitted-error",
      "posts_count": 3,
      "reply_count": 1,
      "highest_post_number": 3,
      "image_url": null,
      "created_at": "2022-11-01T07:11:10.750Z",
      "last_posted_at": "2022-11-01T08:13:29.679Z",
      "bumped": true,
      "bumped_at": "2022-11-01T08:13:29.679Z",
      "archetype": "regular",
      "unseen": false,
      "pinned": false,
      "unpinned": null,
      "visible": true,
      "closed": false,
      "archived": false,
      "bookmarked": null,
      "liked": null,
      "tags": [
        "error",
        "tds",
        "tds-project-1"
      ],
      "tags_descriptions": {},
      "like_count": 0,
      "views": 55,
      "category_id": 34,
      "featured_link": null,
      "has_accepted_answer": false,
      "posters": [
        {
          "extras": "latest",
          "description": "Original Poster, Most Recent Poster",
          "user": {
            "id": 6489,
            "username": "NGV",
            "name": "Nikhil Guru Venkatesh ",
            "avatar_template": "/user_avatar/discourse.onlinedegree.iitm.ac.in/ngv/{size}/8597_2.png",
            "primary_group_name": "ds-students",
            "flair_name": "ds-students",
            "flair_group_id": 294,
            "trust_level": 1
          }
        },
        {
          "extras": null,
          "description": "Frequent Poster",
          "user": {
            "id": 1846,
            "username": "rajveer.l7",
            "name": "Rajveer singh Dhaliwal",
            "avatar_template": "/user_avatar/discourse.onlinedegree.iitm.ac.in/rajveer.l7/{size}/752_2.png",
            "primary_group_name": "ds-students",
            "flair_name": "ds-students",
            "flair_group_id": 294,
            "trust_level": 1
          }
        }
      ]
    },
    {
      "id": 155332,
      "title": "Issue with TDS project submission form",
      "fancy_title": "Issue with TDS project submission form",
      "slug": "issue-with-tds-project-submission-form",
      "posts_count": 7,
      "reply_count": 3,
      "highest_post_number": 7,
      "image_url": null,
      "created_at": "2024-11-02T12:45:56.954Z",
      "last_posted_at": "2024-11-04T11:19:29.506Z",
      "bumped": true,
      "bumped_at": "2024-11-02T14:31:03.495Z",
      "archetype": "regular",
      "unseen": false,
      "pinned": false,
      "unpinned": null,
      "visible": true,
      "closed": false,
      "archived": false,
      "bookmarked": null,
      "liked": null,
      "tags": [
        "term3-2024",
        "tds-project-1"
      ],
      "tags_descriptions": {},
      "like_count": 1,
      "views": 38,
      "category_id": 34,
      "featured_link": null,
      "has_accepted_answer": true,
      "posters": [
        {
          "extras": null,
          "description": "Original Poster",
          "user": {
            "id": 21631,
            "username": "23f2003729",
            "name": "Siddhant Chaturvedi",
            "avatar_template": "/user_avatar/discourse.onlinedegree.iitm.ac.in/23f2003729/{size}/66771_2.png",
            "primary_group_name": "ds-students",
            "flair_name": "ds-students",
            "flair_group_id": 294,
            "trust_level": 1
          }
        },
        {
          "extras": null,
          "description": "Frequent Poster, Accepted Answer",
          "user": {
            "id": 16323,
            "username": "22f3001210",
            "name": "Rishit Pant",
            "avatar_template": "/user_avatar/discourse.onlinedegree.iitm.ac.in/22f3001210/{size}/69573_2.png",
            "primary_group_name": "ds-students",
            "flair_name": "ds-students",
            "flair_group_id": 294,
            "trust_level": 1
          }
        },
        {
          "extras": "latest",
          "description": "Most Recent Poster",
          "user": {
            "id": 16094,
            "username": "carlton",
            "name": "Carlton D'Silva",
            "avatar_template": "/user_avatar/discourse.onlinedegree.iitm.ac.in/carlton/{size}/56317_2.png",
            "primary_group_name": "ds-students",
            "flair_name": "ds-students",
            "flair_group_id": 294,
            "trust_level": 3
          }
        }
      ]
    }
  ],
  "summarizable": false,
  "valid_reactions": [
    "heart",
    "+1",
    "laughing",
    "open_mouth",
    "clap",
    "confetti_ball",
    "rocket",
    "-1"
  ],
  "accepted_answer": {
    "post_number": 9,
    "username": "carlton",
    "name": null,
    "excerpt": "So the reason for the failure is: \nYou had initially put your Dockerfile inside a directory called TDSP-1-main instead of being directly in your repo. (On 15th Feb 1:26AM) \nThen when our automated script checked if students repos met the requirements and yours did not we immediately sent out a warni&hellip;",
    "accepter_name": null,
    "accepter_username": "carlton"
  },
  "can_vote": false,
  "vote_count": 0,
  "user_voted": false,
  "discourse_zendesk_plugin_zendesk_id": null,
  "discourse_zendesk_plugin_zendesk_url": "https://your-url.zendesk.com/agent/tickets/",
  "details": {
    "can_edit": false,
    "notification_level": 1,
    "can_create_post": true,
    "can_reply_as_new_topic": true,
    "can_flag_topic": true,
    "participants": [
      {
        "id": 14383,
        "username": "21f3002647",
        "name": "Arnav Mehta ",
        "avatar_template": "/user_avatar/discourse.onlinedegree.iitm.ac.in/21f3002647/{size}/12643_2.png",
        "post_count": 3,
        "primary_group_name": "ds-students",
        "flair_name": "ds-students",
        "flair_url": null,
        "flair_color": "",
        "flair_bg_color": "",
        "flair_group_id": 294,
        "trust_level": 1
      },
      {
        "id": 22259,
        "username": "satviksawhney",
        "name": "Satvik  Sawhney",
        "avatar_template": "/user_avatar/discourse.onlinedegree.iitm.ac.in/satviksawhney/{size}/66863_2.png",
        "post_count": 2,
        "primary_group_name": "ds-students",
        "flair_name": "ds-students",
        "flair_url": null,
        "flair_color": "",
        "flair_bg_color": "",
        "flair_group_id": 294,
        "trust_level": 0
      },
      {
        "id": 16094,
        "username": "carlton",
        "name": "Carlton D'Silva",
        "avatar_template": "/user_avatar/discourse.onlinedegree.iitm.ac.in/carlton/{size}/56317_2.png",
        "post_count": 1,
        "primary_group_name": "ds-students",
        "flair_name": "ds-students",
        "flair_url": null,
        "flair_color": "",
        "flair_bg_color": "",
        "flair_group_id": 294,
        "trust_level": 3
      },
      {
        "id": 13078,
        "username": "Saransh_Saini",
        "name": "Saransh Saini",
        "avatar_template": "/user_avatar/discourse.onlinedegree.iitm.ac.in/saransh_saini/{size}/123495_2.png",
        "post_count": 1,
        "primary_group_name": "ds-students",
        "flair_name": "ds-students",
        "flair_url": null,
        "flair_color": "",
        "flair_bg_color": "",
        "flair_group_id": 294,
        "trust_level": 1
      }
    ],
    "created_by": {
      "id": 14383,
      "username": "21f3002647",
      "name": "Arnav Mehta ",
      "avatar_template": "/user_avatar/discourse.onlinedegree.iitm.ac.in/21f3002647/{size}/12643_2.png"
    },
    "last_poster": {
      "id": 22259,
      "username": "satviksawhney",
      "name": "Satvik  Sawhney",
      "avatar_template": "/user_avatar/discourse.onlinedegree.iitm.ac.in/satviksawhney/{size}/66863_2.png"
    }
  },
  "pending_posts": [],
  "bookmarks": []
}