{
  "post_stream": {
    "posts": [
      {
        "id": 614904,
        "name": "Ansh bansal",
        "username": "23f2004752",
        "avatar_template": "/user_avatar/discourse.onlinedegree.iitm.ac.in/23f2004752/{size}/68296_2.png",
        "created_at": "2025-04-03T10:14:21.317Z",
        "cooked": "<p><a class=\"mention\" href=\"/u/carlton\">@carlton</a> can you give me some advice regarding preparation for end term exam.</p>",
        "post_number": 1,
        "post_type": 1,
        "posts_count": 13,
        "updated_at": "2025-04-03T10:14:21.317Z",
        "reply_count": 0,
        "reply_to_post_number": null,
        "quote_count": 0,
        "incoming_link_count": 6,
        "reads": 146,
        "readers_count": 145,
        "score": 88.4,
        "yours": false,
        "topic_id": 171668,
        "topic_slug": "end-term-tds",
        "display_username": "Ansh bansal",
        "primary_group_name": "ds-students",
        "flair_name": "ds-students",
        "flair_url": null,
        "flair_bg_color": "",
        "flair_color": "",
        "flair_group_id": 294,
        "badges_granted": [],
        "version": 1,
        "can_edit": false,
        "can_delete": false,
        "can_recover": false,
        "can_see_hidden_post": false,
        "can_wiki": false,
        "read": false,
        "user_title": "",
        "bookmarked": false,
        "actions_summary": [
          {
            "id": 2,
            "count": 2,
            "can_act": true
          },
          {
            "id": 6,
            "can_act": true
          },
          {
            "id": 3,
            "can_act": true
          },
          {
            "id": 4,
            "can_act": true
          },
          {
            "id": 8,
            "can_act": true
          },
          {
            "id": 10,
            "can_act": true
          },
          {
            "id": 7,
            "can_act": true
          }
        ],
        "moderator": false,
        "admin": false,
        "staff": false,
        "user_id": 21948,
        "hidden": false,
        "trust_level": 1,
        "deleted_at": null,
        "user_deleted": false,
        "edit_reason": null,
        "can_view_edit_history": true,
        "wiki": false,
        "post_url": "/t/end-term-tds/171668/1",
        "user_cakedate": "2023-09-18",
        "reactions": [
          {
            "id": "heart",
            "type": "emoji",
            "count": 2
          }
        ],
        "current_user_reaction": null,
        "reaction_users_count": 2,
        "current_user_used_main_reaction": false,
        "can_accept_answer": false,
        "can_unaccept_answer": false,
        "accepted_answer": false,
        "topic_accepted_answer": true,
        "can_vote": false
      },
      {
        "id": 614917,
        "name": "Manu C",
        "username": "Priya5379",
        "avatar_template": "/user_avatar/discourse.onlinedegree.iitm.ac.in/priya5379/{size}/121211_2.png",
        "created_at": "2025-04-03T10:34:32.618Z",
        "cooked": "<p>any question papers for preparations and on what basis the questions would come</p>",
        "post_number": 2,
        "post_type": 1,
        "posts_count": 13,
        "updated_at": "2025-04-03T10:34:32.618Z",
        "reply_count": 0,
        "reply_to_post_number": null,
        "quote_count": 0,
        "incoming_link_count": 0,
        "reads": 150,
        "readers_count": 149,
        "score": 59.4,
        "yours": false,
        "topic_id": 171668,
        "topic_slug": "end-term-tds",
        "display_username": "Manu C",
        "primary_group_name": "ds-students",
        "flair_name": "ds-students",
        "flair_url": null,
        "flair_bg_color": "",
        "flair_color": "",
        "flair_group_id": 294,
        "badges_granted": [],
        "version": 1,
        "can_edit": false,
        "can_delete": false,
        "can_recover": false,
        "can_see_hidden_post": false,
        "can_wiki": false,
        "read": false,
        "user_title": "",
        "bookmarked": false,
        "actions_summary": [
          {
            "id": 2,
            "count": 2,
            "can_act": true
          },
          {
            "id": 6,
            "can_act": true
          },
          {
            "id": 3,
            "can_act": true
          },
          {
            "id": 4,
            "can_act": true
          },
          {
            "id": 8,
            "can_act": true
          },
          {
            "id": 10,
            "can_act": true
          },
          {
            "id": 7,
            "can_act": true
          }
        ],
        "moderator": false,
        "admin": false,
        "staff": false,
        "user_id": 34529,
        "hidden": false,
        "trust_level": 1,
        "deleted_at": null,
        "user_deleted": false,
        "edit_reason": null,
        "can_view_edit_history": true,
        "wiki": false,
        "post_url": "/t/end-term-tds/171668/2",
        "user_cakedate": "2024-06-23",
        "reactions": [
          {
            "id": "heart",
            "type": "emoji",
            "count": 2
          }
        ],
        "current_user_reaction": null,
        "reaction_users_count": 2,
        "current_user_used_main_reaction": false,
        "can_accept_answer": false,
        "can_unaccept_answer": false,
        "accepted_answer": false,
        "topic_accepted_answer": true
      },
      {
        "id": 616352,
        "name": "Sujay D",
        "username": "22f2001590",
        "avatar_template": "/user_avatar/discourse.onlinedegree.iitm.ac.in/22f2001590/{size}/12401_2.png",
        "created_at": "2025-04-07T01:01:44.113Z",
        "cooked": "<p><a class=\"mention\" href=\"/u/carlton\">@carlton</a> <a class=\"mention\" href=\"/u/jivraj\">@Jivraj</a> <a class=\"mention\" href=\"/u/saransh_saini\">@Saransh_Saini</a></p>\n<p>Hi,</p>\n<p>We have 6 days for ET. I request you to share module weightage (if it’s not secret).<br>\nPlease release mock as early as possible because this term course content has been changed so pyqs won’t help much.</p>\n<p>Thanks<br>\nSujay D</p>",
        "post_number": 3,
        "post_type": 1,
        "posts_count": 13,
        "updated_at": "2025-04-07T01:01:44.113Z",
        "reply_count": 1,
        "reply_to_post_number": null,
        "quote_count": 0,
        "incoming_link_count": 0,
        "reads": 136,
        "readers_count": 135,
        "score": 181.6,
        "yours": false,
        "topic_id": 171668,
        "topic_slug": "end-term-tds",
        "display_username": "Sujay D",
        "primary_group_name": "ds-students",
        "flair_name": "ds-students",
        "flair_url": null,
        "flair_bg_color": "",
        "flair_color": "",
        "flair_group_id": 294,
        "badges_granted": [],
        "version": 1,
        "can_edit": false,
        "can_delete": false,
        "can_recover": false,
        "can_see_hidden_post": false,
        "can_wiki": false,
        "read": false,
        "user_title": null,
        "bookmarked": false,
        "actions_summary": [
          {
            "id": 2,
            "count": 10,
            "can_act": true
          },
          {
            "id": 6,
            "can_act": true
          },
          {
            "id": 3,
            "can_act": true
          },
          {
            "id": 4,
            "can_act": true
          },
          {
            "id": 8,
            "can_act": true
          },
          {
            "id": 10,
            "can_act": true
          },
          {
            "id": 7,
            "can_act": true
          }
        ],
        "moderator": false,
        "admin": false,
        "staff": false,
        "user_id": 14181,
        "hidden": false,
        "trust_level": 1,
        "deleted_at": null,
        "user_deleted": false,
        "edit_reason": null,
        "can_view_edit_history": true,
        "wiki": false,
        "post_url": "/t/end-term-tds/171668/3",
        "user_cakedate": "2022-09-02",
        "user_birthdate": "1904-05-10",
        "reactions": [
          {
            "id": "heart",
            "type": "emoji",
            "count": 9
          },
          {
            "id": "+1",
            "type": "emoji",
            "count": 1
          }
        ],
        "current_user_reaction": null,
        "reaction_users_count": 10,
        "current_user_used_main_reaction": false,
        "can_accept_answer": false,
        "can_unaccept_answer": false,
        "accepted_answer": false,
        "topic_accepted_answer": true
      },
      {
        "id": 616358,
        "name": "Shouvik Roy ",
        "username": "roy2003",
        "avatar_template": "/user_avatar/discourse.onlinedegree.iitm.ac.in/roy2003/{size}/66760_2.png",
        "created_at": "2025-04-07T02:28:43.513Z",
        "cooked": "<p><a class=\"mention\" href=\"/u/carlton\">@carlton</a>, please release the mock or give us the proper resources. The resources in the course introduction and the pyqs have no similarities. Many questions come from other topics, such as MLT and many others. Those who didn’t complete it find it too difficult. Please don’t keep us in delusion.</p>",
        "post_number": 4,
        "post_type": 1,
        "posts_count": 13,
        "updated_at": "2025-04-07T02:28:43.513Z",
        "reply_count": 1,
        "reply_to_post_number": null,
        "quote_count": 0,
        "incoming_link_count": 4,
        "reads": 124,
        "readers_count": 123,
        "score": 79.2,
        "yours": false,
        "topic_id": 171668,
        "topic_slug": "end-term-tds",
        "display_username": "Shouvik Roy ",
        "primary_group_name": "ds-students",
        "flair_name": "ds-students",
        "flair_url": null,
        "flair_bg_color": "",
        "flair_color": "",
        "flair_group_id": 294,
        "badges_granted": [],
        "version": 1,
        "can_edit": false,
        "can_delete": false,
        "can_recover": false,
        "can_see_hidden_post": false,
        "can_wiki": false,
        "read": false,
        "user_title": null,
        "bookmarked": false,
        "actions_summary": [
          {
            "id": 2,
            "count": 2,
            "can_act": true
          },
          {
            "id": 6,
            "can_act": true
          },
          {
            "id": 3,
            "can_act": true
          },
          {
            "id": 4,
            "can_act": true
          },
          {
            "id": 8,
            "can_act": true
          },
          {
            "id": 10,
            "can_act": true
          },
          {
            "id": 7,
            "can_act": true
          }
        ],
        "moderator": false,
        "admin": false,
        "staff": false,
        "user_id": 17483,
        "hidden": false,
        "trust_level": 1,
        "deleted_at": null,
        "user_deleted": false,
        "edit_reason": null,
        "can_view_edit_history": true,
        "wiki": false,
        "post_url": "/t/end-term-tds/171668/4",
        "user_cakedate": "2023-06-03",
        "reactions": [
          {
            "id": "heart",
            "type": "emoji",
            "count": 2
          }
        ],
        "current_user_reaction": null,
        "reaction_users_count": 2,
        "current_user_used_main_reaction": false,
        "can_accept_answer": false,
        "can_unaccept_answer": false,
        "accepted_answer": false,
        "topic_accepted_answer": true
      },
      {
        "id": 616381,
        "name": "Nomit Rawat",
        "username": "Nomit",
        "avatar_template": "/user_avatar/discourse.onlinedegree.iitm.ac.in/nomit/{size}/5429_2.png",
        "created_at": "2025-04-07T03:39:29.799Z",
        "cooked": "<p>Going through GA’s would be good idea.</p>",
        "post_number": 5,
        "post_type": 1,
        "posts_count": 13,
        "updated_at": "2025-04-07T03:39:29.799Z",
        "reply_count": 0,
        "reply_to_post_number": null,
        "quote_count": 0,
        "incoming_link_count": 1,
        "reads": 119,
        "readers_count": 118,
        "score": 28.4,
        "yours": false,
        "topic_id": 171668,
        "topic_slug": "end-term-tds",
        "display_username": "Nomit Rawat",
        "primary_group_name": "ds-students",
        "flair_name": "ds-students",
        "flair_url": null,
        "flair_bg_color": "",
        "flair_color": "",
        "flair_group_id": 294,
        "badges_granted": [],
        "version": 1,
        "can_edit": false,
        "can_delete": false,
        "can_recover": false,
        "can_see_hidden_post": false,
        "can_wiki": false,
        "read": false,
        "user_title": null,
        "bookmarked": false,
        "actions_summary": [
          {
            "id": 2,
            "can_act": true
          },
          {
            "id": 6,
            "can_act": true
          },
          {
            "id": 3,
            "can_act": true
          },
          {
            "id": 4,
            "can_act": true
          },
          {
            "id": 8,
            "can_act": true
          },
          {
            "id": 10,
            "can_act": true
          },
          {
            "id": 7,
            "can_act": true
          }
        ],
        "moderator": false,
        "admin": false,
        "staff": false,
        "user_id": 5136,
        "hidden": false,
        "trust_level": 1,
        "deleted_at": null,
        "user_deleted": false,
        "edit_reason": null,
        "can_view_edit_history": true,
        "wiki": false,
        "post_url": "/t/end-term-tds/171668/5",
        "user_cakedate": "2021-05-09",
        "user_birthdate": "1904-12-03",
        "reactions": [],
        "current_user_reaction": null,
        "reaction_users_count": 0,
        "current_user_used_main_reaction": false,
        "can_accept_answer": false,
        "can_unaccept_answer": false,
        "accepted_answer": false,
        "topic_accepted_answer": true
      },
      {
        "id": 616386,
        "name": "SAKSHI PATHAK",
        "username": "Sakshi6479",
        "avatar_template": "/user_avatar/discourse.onlinedegree.iitm.ac.in/sakshi6479/{size}/110446_2.png",
        "created_at": "2025-04-07T04:24:24.154Z",
        "cooked": "<p>Yes sir please it will help us to prepare better for end term.</p>",
        "post_number": 6,
        "post_type": 1,
        "posts_count": 13,
        "updated_at": "2025-04-07T04:24:24.154Z",
        "reply_count": 0,
        "reply_to_post_number": 3,
        "quote_count": 0,
        "incoming_link_count": 2,
        "reads": 120,
        "readers_count": 119,
        "score": 33.6,
        "yours": false,
        "topic_id": 171668,
        "topic_slug": "end-term-tds",
        "display_username": "SAKSHI PATHAK",
        "primary_group_name": "ds-students",
        "flair_name": "ds-students",
        "flair_url": null,
        "flair_bg_color": "",
        "flair_color": "",
        "flair_group_id": 294,
        "badges_granted": [],
        "version": 1,
        "can_edit": false,
        "can_delete": false,
        "can_recover": false,
        "can_see_hidden_post": false,
        "can_wiki": false,
        "read": false,
        "user_title": null,
        "reply_to_user": {
          "id": 14181,
          "username": "22f2001590",
          "name": "Sujay D",
          "avatar_template": "/user_avatar/discourse.onlinedegree.iitm.ac.in/22f2001590/{size}/12401_2.png"
        },
        "bookmarked": false,
        "actions_summary": [
          {
            "id": 2,
            "can_act": true
          },
          {
            "id": 6,
            "can_act": true
          },
          {
            "id": 3,
            "can_act": true
          },
          {
            "id": 4,
            "can_act": true
          },
          {
            "id": 8,
            "can_act": true
          },
          {
            "id": 10,
            "can_act": true
          },
          {
            "id": 7,
            "can_act": true
          }
        ],
        "moderator": false,
        "admin": false,
        "staff": false,
        "user_id": 40000,
        "hidden": false,
        "trust_level": 1,
        "deleted_at": null,
        "user_deleted": false,
        "edit_reason": null,
        "can_view_edit_history": true,
        "wiki": false,
        "post_url": "/t/end-term-tds/171668/6",
        "user_cakedate": "2024-10-04",
        "reactions": [],
        "current_user_reaction": null,
        "reaction_users_count": 0,
        "current_user_used_main_reaction": false,
        "can_accept_answer": false,
        "can_unaccept_answer": false,
        "accepted_answer": false,
        "topic_accepted_answer": true
      },
      {
        "id": 616387,
        "name": "SAKSHI PATHAK",
        "username": "Sakshi6479",
        "avatar_template": "/user_avatar/discourse.onlinedegree.iitm.ac.in/sakshi6479/{size}/110446_2.png",
        "created_at": "2025-04-07T04:25:23.113Z",
        "cooked": "<p>Yes sir we all are facing the same problem.</p>",
        "post_number": 7,
        "post_type": 1,
        "posts_count": 13,
        "updated_at": "2025-04-07T04:25:23.113Z",
        "reply_count": 0,
        "reply_to_post_number": 4,
        "quote_count": 0,
        "incoming_link_count": 0,
        "reads": 123,
        "readers_count": 122,
        "score": 24.0,
        "yours": false,
        "topic_id": 171668,
        "topic_slug": "end-term-tds",
        "display_username": "SAKSHI PATHAK",
        "primary_group_name": "ds-students",
        "flair_name": "ds-students",
        "flair_url": null,
        "flair_bg_color": "",
        "flair_color": "",
        "flair_group_id": 294,
        "badges_granted": [],
        "version": 1,
        "can_edit": false,
        "can_delete": false,
        "can_recover": false,
        "can_see_hidden_post": false,
        "can_wiki": false,
        "read": false,
        "user_title": null,
        "reply_to_user": {
          "id": 17483,
          "username": "roy2003",
          "name": "Shouvik Roy ",
          "avatar_template": "/user_avatar/discourse.onlinedegree.iitm.ac.in/roy2003/{size}/66760_2.png"
        },
        "bookmarked": false,
        "actions_summary": [
          {
            "id": 2,
            "can_act": true
          },
          {
            "id": 6,
            "can_act": true
          },
          {
            "id": 3,
            "can_act": true
          },
          {
            "id": 4,
            "can_act": true
          },
          {
            "id": 8,
            "can_act": true
          },
          {
            "id": 10,
            "can_act": true
          },
          {
            "id": 7,
            "can_act": true
          }
        ],
        "moderator": false,
        "admin": false,
        "staff": false,
        "user_id": 40000,
        "hidden": false,
        "trust_level": 1,
        "deleted_at": null,
        "user_deleted": false,
        "edit_reason": null,
        "can_view_edit_history": true,
        "wiki": false,
        "post_url": "/t/end-term-tds/171668/7",
        "user_cakedate": "2024-10-04",
        "reactions": [],
        "current_user_reaction": null,
        "reaction_users_count": 0,
        "current_user_used_main_reaction": false,
        "can_accept_answer": false,
        "can_unaccept_answer": false,
        "accepted_answer": false,
        "topic_accepted_answer": true
      },
      {
        "id": 616397,
        "name": "Carlton D'Silva",
        "username": "carlton",
        "avatar_template": "/user_avatar/discourse.onlinedegree.iitm.ac.in/carlton/{size}/56317_2.png",
        "created_at": "2025-04-07T04:58:01.216Z",
        "cooked": "<p>The Tuesday and the Thursday session will cover end term including a mock.</p>\n<p>End term is usually very easy for TDS. A look at prior end terms is a good indicator of how easy they are.</p>\n<p>Kind regards</p>",
        "post_number": 8,
        "post_type": 1,
        "posts_count": 13,
        "updated_at": "2025-04-07T04:58:01.216Z",
        "reply_count": 2,
        "reply_to_post_number": null,
        "quote_count": 0,
        "incoming_link_count": 12,
        "reads": 126,
        "readers_count": 125,
        "score": 94.6,
        "yours": false,
        "topic_id": 171668,
        "topic_slug": "end-term-tds",
        "display_username": "Carlton D'Silva",
        "primary_group_name": "ds-students",
        "flair_name": "ds-students",
        "flair_url": null,
        "flair_bg_color": "",
        "flair_color": "",
        "flair_group_id": 294,
        "badges_granted": [],
        "version": 1,
        "can_edit": false,
        "can_delete": false,
        "can_recover": false,
        "can_see_hidden_post": false,
        "can_wiki": false,
        "read": false,
        "user_title": "Regular",
        "title_is_group": false,
        "bookmarked": false,
        "actions_summary": [
          {
            "id": 2,
            "can_act": true
          },
          {
            "id": 6,
            "can_act": true
          },
          {
            "id": 3,
            "can_act": true
          },
          {
            "id": 4,
            "can_act": true
          },
          {
            "id": 8,
            "can_act": true
          },
          {
            "id": 10,
            "can_act": true
          },
          {
            "id": 7,
            "can_act": true
          }
        ],
        "moderator": false,
        "admin": false,
        "staff": false,
        "group_moderator": true,
        "user_id": 16094,
        "hidden": false,
        "trust_level": 3,
        "deleted_at": null,
        "user_deleted": false,
        "edit_reason": null,
        "can_view_edit_history": true,
        "wiki": false,
        "post_url": "/t/end-term-tds/171668/8",
        "user_cakedate": "2023-01-25",
        "reactions": [],
        "current_user_reaction": null,
        "reaction_users_count": 0,
        "current_user_used_main_reaction": false,
        "can_accept_answer": false,
        "can_unaccept_answer": false,
        "accepted_answer": true,
        "topic_accepted_answer": true
      },
      {
        "id": 616415,
        "name": "ABHIJEET KUMAR ",
        "username": "23f2004912",
        "avatar_template": "/user_avatar/discourse.onlinedegree.iitm.ac.in/23f2004912/{size}/108710_2.png",
        "created_at": "2025-04-07T05:40:28.776Z",
        "cooked": "<p><a class=\"mention\" href=\"/u/carlton\">@Carlton</a> With just 5 days left, I wanted to ask for a quick suggestion.</p>\n<p>I’m prioritizing PYQs for sure, but between revisiting lectures and attending TA sessions (both quite time-consuming), which one would you recommend focusing on for better returns?</p>\n<p>Also, if possible, could you please point out the top 2–3 most important topics—maybe things like LLM, Data Sourcing, etc.—to give more attention to?</p>",
        "post_number": 9,
        "post_type": 1,
        "posts_count": 13,
        "updated_at": "2025-04-07T05:40:28.776Z",
        "reply_count": 1,
        "reply_to_post_number": 8,
        "quote_count": 0,
        "incoming_link_count": 4,
        "reads": 132,
        "readers_count": 131,
        "score": 65.8,
        "yours": false,
        "topic_id": 171668,
        "topic_slug": "end-term-tds",
        "display_username": "ABHIJEET KUMAR ",
        "primary_group_name": "ds-students",
        "flair_name": "ds-students",
        "flair_url": null,
        "flair_bg_color": "",
        "flair_color": "",
        "flair_group_id": 294,
        "badges_granted": [],
        "version": 1,
        "can_edit": false,
        "can_delete": false,
        "can_recover": false,
        "can_see_hidden_post": false,
        "can_wiki": false,
        "read": false,
        "user_title": null,
        "reply_to_user": {
          "id": 16094,
          "username": "carlton",
          "name": "Carlton D'Silva",
          "avatar_template": "/user_avatar/discourse.onlinedegree.iitm.ac.in/carlton/{size}/56317_2.png"
        },
        "bookmarked": false,
        "actions_summary": [
          {
            "id": 2,
            "count": 1,
            "can_act": true
          },
          {
            "id": 6,
            "can_act": true
          },
          {
            "id": 3,
            "can_act": true
          },
          {
            "id": 4,
            "can_act": true
          },
          {
            "id": 8,
            "can_act": true
          },
          {
            "id": 10,
            "can_act": true
          },
          {
            "id": 7,
            "can_act": true
          }
        ],
        "moderator": false,
        "admin": false,
        "staff": false,
        "user_id": 21980,
        "hidden": false,
        "trust_level": 1,
        "deleted_at": null,
        "user_deleted": false,
        "edit_reason": null,
        "can_view_edit_history": true,
        "wiki": false,
        "post_url": "/t/end-term-tds/171668/9",
        "user_cakedate": "2023-09-18",
        "reactions": [
          {
            "id": "heart",
            "type": "emoji",
            "count": 1
          }
        ],
        "current_user_reaction": null,
        "reaction_users_count": 1,
        "current_user_used_main_reaction": false,
        "can_accept_answer": false,
        "can_unaccept_answer": false,
        "accepted_answer": false,
        "topic_accepted_answer": true
      },
      {
        "id": 616425,
        "name": "Carlton D'Silva",
        "username": "carlton",
        "avatar_template": "/user_avatar/discourse.onlinedegree.iitm.ac.in/carlton/{size}/56317_2.png",
        "created_at": "2025-04-07T05:53:37.081Z",
        "cooked": "<p>I recommend attending the Tues and Thurs session this week or watching the recordings. Its the same every term, those that attend the session score the best marks. I say this because there is no way for me to convey in a discourse post all the important things to focus on. But I can do that in a 2 hour session.</p>",
        "post_number": 10,
        "post_type": 1,
        "posts_count": 13,
        "updated_at": "2025-04-07T05:54:33.881Z",
        "reply_count": 2,
        "reply_to_post_number": 9,
        "quote_count": 0,
        "incoming_link_count": 8,
        "reads": 148,
        "readers_count": 147,
        "score": 109.2,
        "yours": false,
        "topic_id": 171668,
        "topic_slug": "end-term-tds",
        "display_username": "Carlton D'Silva",
        "primary_group_name": "ds-students",
        "flair_name": "ds-students",
        "flair_url": null,
        "flair_bg_color": "",
        "flair_color": "",
        "flair_group_id": 294,
        "badges_granted": [],
        "version": 1,
        "can_edit": false,
        "can_delete": false,
        "can_recover": false,
        "can_see_hidden_post": false,
        "can_wiki": false,
        "read": false,
        "user_title": "Regular",
        "title_is_group": false,
        "reply_to_user": {
          "id": 21980,
          "username": "23f2004912",
          "name": "ABHIJEET KUMAR ",
          "avatar_template": "/user_avatar/discourse.onlinedegree.iitm.ac.in/23f2004912/{size}/108710_2.png"
        },
        "bookmarked": false,
        "actions_summary": [
          {
            "id": 2,
            "count": 2,
            "can_act": true
          },
          {
            "id": 6,
            "can_act": true
          },
          {
            "id": 3,
            "can_act": true
          },
          {
            "id": 4,
            "can_act": true
          },
          {
            "id": 8,
            "can_act": true
          },
          {
            "id": 10,
            "can_act": true
          },
          {
            "id": 7,
            "can_act": true
          }
        ],
        "moderator": false,
        "admin": false,
        "staff": false,
        "group_moderator": true,
        "user_id": 16094,
        "hidden": false,
        "trust_level": 3,
        "deleted_at": null,
        "user_deleted": false,
        "edit_reason": null,
        "can_view_edit_history": true,
        "wiki": false,
        "post_url": "/t/end-term-tds/171668/10",
        "user_cakedate": "2023-01-25",
        "reactions": [
          {
            "id": "heart",
            "type": "emoji",
            "count": 2
          }
        ],
        "current_user_reaction": null,
        "reaction_users_count": 2,
        "current_user_used_main_reaction": false,
        "can_accept_answer": false,
        "can_unaccept_answer": false,
        "accepted_answer": false,
        "topic_accepted_answer": true
      },
      {
        "id": 616993,
        "name": "Telvin Varghese",
        "username": "22f2001640",
        "avatar_template": "/user_avatar/discourse.onlinedegree.iitm.ac.in/22f2001640/{size}/104_2.png",
        "created_at": "2025-04-08T12:32:20.035Z",
        "cooked": "<p>Practice PYQ Drive link provied in Tuesdays End term revision Session</p><aside class=\"onebox googledocs\" data-onebox-src=\"https://docs.google.com/spreadsheets/d/1x5KAXRlvZLvRjrRfIxFWuNpc8wwboLc21PpYKn8Fv90/edit?usp=drivesdk\">\n  <header class=\"source\">\n\n      <a href=\"https://docs.google.com/spreadsheets/d/1x5KAXRlvZLvRjrRfIxFWuNpc8wwboLc21PpYKn8Fv90/edit?usp=drivesdk\" target=\"_blank\" rel=\"noopener nofollow ugc\">docs.google.com</a>\n  </header>\n\n  <article class=\"onebox-body\">\n    <a href=\"https://docs.google.com/spreadsheets/d/1x5KAXRlvZLvRjrRfIxFWuNpc8wwboLc21PpYKn8Fv90/edit?usp=drivesdk\" target=\"_blank\" rel=\"noopener nofollow ugc\"><span class=\"googledocs-onebox-logo g-sheets-logo\"></span></a>\n\n<h3><a href=\"https://docs.google.com/spreadsheets/d/1x5KAXRlvZLvRjrRfIxFWuNpc8wwboLc21PpYKn8Fv90/edit?usp=drivesdk\" target=\"_blank\" rel=\"noopener nofollow ugc\">PYQ Sheet</a></h3>\n\n<p>This Sheet is private</p>\n\n  </article>\n\n  <div class=\"onebox-metadata\">\n    \n    \n  </div>\n\n  <div style=\"clear: both\"></div>\n</aside>\n",
        "post_number": 11,
        "post_type": 1,
        "posts_count": 13,
        "updated_at": "2025-04-08T12:32:20.035Z",
        "reply_count": 0,
        "reply_to_post_number": 10,
        "quote_count": 0,
        "incoming_link_count": 97,
        "reads": 132,
        "readers_count": 131,
        "score": 541.0,
        "yours": false,
        "topic_id": 171668,
        "topic_slug": "end-term-tds",
        "display_username": "Telvin Varghese",
        "primary_group_name": "ds-students",
        "flair_name": "ds-students",
        "flair_url": null,
        "flair_bg_color": "",
        "flair_color": "",
        "flair_group_id": 294,
        "badges_granted": [],
        "version": 1,
        "can_edit": false,
        "can_delete": false,
        "can_recover": false,
        "can_see_hidden_post": false,
        "can_wiki": false,
        "link_counts": [
          {
            "url": "https://docs.google.com/spreadsheets/d/1x5KAXRlvZLvRjrRfIxFWuNpc8wwboLc21PpYKn8Fv90/edit?usp=drivesdk",
            "internal": false,
            "reflection": false,
            "title": "PYQ Sheet - Google Sheets",
            "clicks": 69
          }
        ],
        "read": false,
        "user_title": null,
        "reply_to_user": {
          "id": 16094,
          "username": "carlton",
          "name": "Carlton D'Silva",
          "avatar_template": "/user_avatar/discourse.onlinedegree.iitm.ac.in/carlton/{size}/56317_2.png"
        },
        "bookmarked": false,
        "actions_summary": [
          {
            "id": 2,
            "count": 2,
            "can_act": true
          },
          {
            "id": 6,
            "can_act": true
          },
          {
            "id": 3,
            "can_act": true
          },
          {
            "id": 4,
            "can_act": true
          },
          {
            "id": 8,
            "can_act": true
          },
          {
            "id": 10,
            "can_act": true
          },
          {
            "id": 7,
            "can_act": true
          }
        ],
        "moderator": false,
        "admin": false,
        "staff": false,
        "user_id": 14992,
        "hidden": false,
        "trust_level": 1,
        "deleted_at": null,
        "user_deleted": false,
        "edit_reason": null,
        "can_view_edit_history": true,
        "wiki": false,
        "post_url": "/t/end-term-tds/171668/11",
        "user_cakedate": "2022-09-10",
        "reactions": [
          {
            "id": "heart",
            "type": "emoji",
            "count": 2
          }
        ],
        "current_user_reaction": null,
        "reaction_users_count": 2,
        "current_user_used_main_reaction": false,
        "can_accept_answer": false,
        "can_unaccept_answer": false,
        "accepted_answer": false,
        "topic_accepted_answer": true
      },
      {
        "id": 617150,
        "name": "A LAKSHMI",
        "username": "A_LAKSHMI",
        "avatar_template": "/user_avatar/discourse.onlinedegree.iitm.ac.in/a_lakshmi/{size}/14204_2.png",
        "created_at": "2025-04-09T03:05:15.184Z",
        "cooked": "<p>Sir could you provide the recording for yesterday’s live session as in youtube its not uploaded yet<br>\nThank you</p>",
        "post_number": 12,
        "post_type": 1,
        "posts_count": 13,
        "updated_at": "2025-04-09T03:05:15.184Z",
        "reply_count": 0,
        "reply_to_post_number": 10,
        "quote_count": 0,
        "incoming_link_count": 0,
        "reads": 84,
        "readers_count": 83,
        "score": 16.0,
        "yours": false,
        "topic_id": 171668,
        "topic_slug": "end-term-tds",
        "display_username": "A LAKSHMI",
        "primary_group_name": "ds-students",
        "flair_name": "ds-students",
        "flair_url": null,
        "flair_bg_color": "",
        "flair_color": "",
        "flair_group_id": 294,
        "badges_granted": [],
        "version": 1,
        "can_edit": false,
        "can_delete": false,
        "can_recover": false,
        "can_see_hidden_post": false,
        "can_wiki": false,
        "read": false,
        "user_title": null,
        "reply_to_user": {
          "id": 16094,
          "username": "carlton",
          "name": "Carlton D'Silva",
          "avatar_template": "/user_avatar/discourse.onlinedegree.iitm.ac.in/carlton/{size}/56317_2.png"
        },
        "bookmarked": false,
        "actions_summary": [
          {
            "id": 2,
            "can_act": true
          },
          {
            "id": 6,
            "can_act": true
          },
          {
            "id": 3,
            "can_act": true
          },
          {
            "id": 4,
            "can_act": true
          },
          {
            "id": 8,
            "can_act": true
          },
          {
            "id": 10,
            "can_act": true
          },
          {
            "id": 7,
            "can_act": true
          }
        ],
        "moderator": false,
        "admin": false,
        "staff": false,
        "user_id": 14374,
        "hidden": false,
        "trust_level": 1,
        "deleted_at": null,
        "user_deleted": false,
        "edit_reason": null,
        "can_view_edit_history": true,
        "wiki": false,
        "post_url": "/t/end-term-tds/171668/12",
        "user_cakedate": "2022-09-04",
        "reactions": [],
        "current_user_reaction": null,
        "reaction_users_count": 0,
        "current_user_used_main_reaction": false,
        "can_accept_answer": false,
        "can_unaccept_answer": false,
        "accepted_answer": false,
        "topic_accepted_answer": true
      },
      {
        "id": 617151,
        "name": "A LAKSHMI",
        "username": "A_LAKSHMI",
        "avatar_template": "/user_avatar/discourse.onlinedegree.iitm.ac.in/a_lakshmi/{size}/14204_2.png",
        "created_at": "2025-04-09T03:06:43.667Z",
        "cooked": "<p>Sir will the recent 3 pyqs be sufficient as the pyqs before 2024 are different compared to the recent ones. Could u pls let us know about it<br>\nThank you</p>",
        "post_number": 13,
        "post_type": 1,
        "posts_count": 13,
        "updated_at": "2025-04-09T03:06:43.667Z",
        "reply_count": 0,
        "reply_to_post_number": 8,
        "quote_count": 0,
        "incoming_link_count": 5,
        "reads": 85,
        "readers_count": 84,
        "score": 41.2,
        "yours": false,
        "topic_id": 171668,
        "topic_slug": "end-term-tds",
        "display_username": "A LAKSHMI",
        "primary_group_name": "ds-students",
        "flair_name": "ds-students",
        "flair_url": null,
        "flair_bg_color": "",
        "flair_color": "",
        "flair_group_id": 294,
        "badges_granted": [],
        "version": 1,
        "can_edit": false,
        "can_delete": false,
        "can_recover": false,
        "can_see_hidden_post": false,
        "can_wiki": false,
        "read": false,
        "user_title": null,
        "reply_to_user": {
          "id": 16094,
          "username": "carlton",
          "name": "Carlton D'Silva",
          "avatar_template": "/user_avatar/discourse.onlinedegree.iitm.ac.in/carlton/{size}/56317_2.png"
        },
        "bookmarked": false,
        "actions_summary": [
          {
            "id": 2,
            "can_act": true
          },
          {
            "id": 6,
            "can_act": true
          },
          {
            "id": 3,
            "can_act": true
          },
          {
            "id": 4,
            "can_act": true
          },
          {
            "id": 8,
            "can_act": true
          },
          {
            "id": 10,
            "can_act": true
          },
          {
            "id": 7,
            "can_act": true
          }
        ],
        "moderator": false,
        "admin": false,
        "staff": false,
        "user_id": 14374,
        "hidden": false,
        "trust_level": 1,
        "deleted_at": null,
        "user_deleted": false,
        "edit_reason": null,
        "can_view_edit_history": true,
        "wiki": false,
        "post_url": "/t/end-term-tds/171668/13",
        "user_cakedate": "2022-09-04",
        "reactions": [],
        "current_user_reaction": null,
        "reaction_users_count": 0,
        "current_user_used_main_reaction": false,
        "can_accept_answer": false,
        "can_unaccept_answer": false,
        "accepted_answer": false,
        "topic_accepted_answer": true
      }
    ],
    "stream": [
      614904,
      614917,
      616352,
      616358,
      616381,
      616386,
      616387,
      616397,
      616415,
      616425,
      616993,
      617150,
      617151
    ]
  },
  "timeline_lookup": [
    [
      1,
      58
    ],
    [
      3,
      55
    ],
    [
      6,
      54
    ],
    [
      11,
      53
    ]
  ],
  "suggested_topics": [
    {
      "id": 173524,
      "title": "GA1 - Development Tools - Discussion Thread [TDS May 2025]",
      "fancy_title": "GA1 - Development Tools - Discussion Thread [TDS May 2025]",
      "slug": "ga1-development-tools-discussion-thread-tds-may-2025",
      "posts_count": 80,
      "reply_count": 51,
      "highest_post_number": 85,
      "image_url": null,
      "created_at": "2025-05-01T11:39:00.734Z",
      "last_posted_at": "2025-05-31T15:34:18.368Z",
      "bumped": true,
      "bumped_at": "2025-05-31T15:34:18.368Z",
      "archetype": "regular",
      "unseen": false,
      "last_read_post_number": 82,
      "unread": 0,
      "new_posts": 3,
      "unread_posts": 3,
      "pinned": false,
      "unpinned": null,
      "visible": true,
      "closed": false,
      "archived": false,
      "notification_level": 2,
      "bookmarked": false,
      "liked": false,
      "tags": [
        "term2-2025",
        "graded-assignment"
      ],
      "tags_descriptions": {},
      "like_count": 25,
      "views": 1155,
      "category_id": 34,
      "featured_link": null,
      "has_accepted_answer": false,
      "posters": [
        {
          "extras": null,
          "description": "Original Poster",
          "user": {
            "id": 9419,
            "username": "s.anand",
            "name": "Anand S",
            "avatar_template": "/user_avatar/discourse.onlinedegree.iitm.ac.in/s.anand/{size}/15264_2.png",
            "primary_group_name": "faculty",
            "flair_name": "faculty",
            "flair_url": "chalkboard-user",
            "flair_bg_color": "f2c26e",
            "flair_color": "000",
            "flair_group_id": 54,
            "trust_level": 4
          }
        },
        {
          "extras": null,
          "description": "Frequent Poster",
          "user": {
            "id": 22472,
            "username": "Advaith52",
            "name": "Advaith Sanil Kumar",
            "avatar_template": "/user_avatar/discourse.onlinedegree.iitm.ac.in/advaith52/{size}/67172_2.png",
            "primary_group_name": "ds-students",
            "flair_name": "ds-students",
            "flair_group_id": 294,
            "trust_level": 1
          }
        },
        {
          "extras": null,
          "description": "Frequent Poster",
          "user": {
            "id": 16094,
            "username": "carlton",
            "name": "Carlton D'Silva",
            "avatar_template": "/user_avatar/discourse.onlinedegree.iitm.ac.in/carlton/{size}/56317_2.png",
            "primary_group_name": "ds-students",
            "flair_name": "ds-students",
            "flair_group_id": 294,
            "trust_level": 3
          }
        },
        {
          "extras": null,
          "description": "Frequent Poster",
          "user": {
            "id": 15658,
            "username": "HritikRoshan_HRM",
            "name": "HRITIK ROSHAN MAURYA",
            "avatar_template": "/user_avatar/discourse.onlinedegree.iitm.ac.in/hritikroshan_hrm/{size}/66975_2.png",
            "primary_group_name": "ds-students",
            "flair_name": "ds-students",
            "flair_group_id": 294,
            "trust_level": 1
          }
        },
        {
          "extras": "latest",
          "description": "Most Recent Poster",
          "user": {
            "id": 12914,
            "username": "iAnimeshS",
            "name": "Animesh",
            "avatar_template": "/user_avatar/discourse.onlinedegree.iitm.ac.in/ianimeshs/{size}/12415_2.png",
            "primary_group_name": "ds-students",
            "flair_name": "ds-students",
            "flair_group_id": 294,
            "trust_level": 1
          }
        }
      ]
    },
    {
      "id": 176789,
      "title": "Vercel deployement error",
      "fancy_title": "Vercel deployement error",
      "slug": "vercel-deployement-error",
      "posts_count": 1,
      "reply_count": 0,
      "highest_post_number": 1,
      "image_url": null,
      "created_at": "2025-05-31T11:55:22.507Z",
      "last_posted_at": "2025-05-31T11:55:22.708Z",
      "bumped": true,
      "bumped_at": "2025-05-31T11:55:22.708Z",
      "archetype": "regular",
      "unseen": true,
      "pinned": false,
      "unpinned": null,
      "visible": true,
      "closed": false,
      "archived": false,
      "bookmarked": null,
      "liked": null,
      "tags": [
        "diploma-level",
        "term2-2025"
      ],
      "tags_descriptions": {},
      "like_count": 0,
      "views": 9,
      "category_id": 34,
      "featured_link": null,
      "has_accepted_answer": false,
      "posters": [
        {
          "extras": "latest single",
          "description": "Original Poster, Most Recent Poster",
          "user": {
            "id": 25506,
            "username": "23f3003724",
            "name": "Vedika Gupta",
            "avatar_template": "/user_avatar/discourse.onlinedegree.iitm.ac.in/23f3003724/{size}/68806_2.png",
            "primary_group_name": "ds-students",
            "flair_name": "ds-students",
            "flair_group_id": 294,
            "trust_level": 1
          }
        }
      ]
    }
  ],
  "tags": [
    "end-term-exam"
  ],
  "tags_descriptions": {},
  "id": 171668,
  "title": "End term TDS",
  "fancy_title": "End term TDS",
  "posts_count": 13,
  "created_at": "2025-04-03T10:14:21.014Z",
  "views": 315,
  "reply_count": 7,
  "like_count": 21,
  "last_posted_at": "2025-04-09T03:06:43.667Z",
  "visible": true,
  "closed": false,
  "archived": false,
  "has_summary": false,
  "archetype": "regular",
  "slug": "end-term-tds",
  "category_id": 34,
  "word_count": 393,
  "deleted_at": null,
  "user_id": 21948,
  "featured_link": null,
  "pinned_globally": false,
  "pinned_at": null,
  "pinned_until": null,
  "image_url": null,
  "slow_mode_seconds": 0,
  "draft": null,
  "draft_key": "topic_171668",
  "draft_sequence": 0,
  "unpinned": null,
  "pinned": false,
  "current_post_number": 1,
  "highest_post_number": 13,
  "deleted_by": null,
  "actions_summary": [
    {
      "id": 4,
      "count": 0,
      "hidden": false,
      "can_act": true
    },
    {
      "id": 8,
      "count": 0,
      "hidden": false,
      "can_act": true
    },
    {
      "id": 10,
      "count": 0,
      "hidden": false,
      "can_act": true
    },
    {
      "id": 7,
      "count": 0,
      "hidden": false,
      "can_act": true
    }
  ],
  "chunk_size": 20,
  "bookmarked": false,
  "topic_timer": null,
  "message_bus_last_id": 0,
  "participant_count": 10,
  "show_read_indicator": false,
  "thumbnails": null,
  "slow_mode_enabled_until": null,
  "tags_disable_ads": false,
  "related_topics": [
    {
      "id": 143625,
      "title": "End term exam prep",
      "fancy_title": "End term exam prep",
      "slug": "end-term-exam-prep",
      "posts_count": 17,
      "reply_count": 12,
      "highest_post_number": 17,
      "image_url": null,
      "created_at": "2024-08-22T06:16:46.387Z",
      "last_posted_at": "2024-08-31T05:42:36.600Z",
      "bumped": true,
      "bumped_at": "2024-08-31T05:42:36.600Z",
      "archetype": "regular",
      "unseen": false,
      "pinned": false,
      "unpinned": null,
      "visible": true,
      "closed": false,
      "archived": false,
      "bookmarked": null,
      "liked": null,
      "tags": [
        "end-term-exam"
      ],
      "tags_descriptions": {},
      "like_count": 42,
      "views": 555,
      "category_id": 34,
      "featured_link": null,
      "has_accepted_answer": true,
      "posters": [
        {
          "extras": null,
          "description": "Original Poster",
          "user": {
            "id": 15826,
            "username": "iitmanupam",
            "name": "Anupam Chandra",
            "avatar_template": "/user_avatar/discourse.onlinedegree.iitm.ac.in/iitmanupam/{size}/56694_2.png",
            "primary_group_name": "ds-students",
            "flair_name": "ds-students",
            "flair_group_id": 294,
            "trust_level": 2
          }
        },
        {
          "extras": null,
          "description": "Accepted Answer",
          "user": {
            "id": 9419,
            "username": "s.anand",
            "name": "Anand S",
            "avatar_template": "/user_avatar/discourse.onlinedegree.iitm.ac.in/s.anand/{size}/15264_2.png",
            "primary_group_name": "faculty",
            "flair_name": "faculty",
            "flair_url": "chalkboard-user",
            "flair_bg_color": "f2c26e",
            "flair_color": "000",
            "flair_group_id": 54,
            "trust_level": 4
          }
        },
        {
          "extras": null,
          "description": "Frequent Poster",
          "user": {
            "id": 12332,
            "username": "amoghanshu",
            "name": "Amogh Anshu N",
            "avatar_template": "/user_avatar/discourse.onlinedegree.iitm.ac.in/amoghanshu/{size}/47979_2.png",
            "primary_group_name": "ds-students",
            "flair_name": "ds-students",
            "flair_group_id": 294,
            "trust_level": 1
          }
        },
        {
          "extras": null,
          "description": "Frequent Poster",
          "user": {
            "id": 13282,
            "username": "22f1001809",
            "name": "Nirmala ",
            "avatar_template": "/user_avatar/discourse.onlinedegree.iitm.ac.in/22f1001809/{size}/15091_2.png",
            "primary_group_name": "ds-students",
            "flair_name": "ds-students",
            "flair_group_id": 294,
            "trust_level": 1
          }
        },
        {
          "extras": "latest",
          "description": "Most Recent Poster",
          "user": {
            "id": 16094,
            "username": "carlton",
            "name": "Carlton D'Silva",
            "avatar_template": "/user_avatar/discourse.onlinedegree.iitm.ac.in/carlton/{size}/56317_2.png",
            "primary_group_name": "ds-students",
            "flair_name": "ds-students",
            "flair_group_id": 294,
            "trust_level": 3
          }
        }
      ]
    },
    {
      "id": 143007,
      "title": "Guidance for End Term Preparation Requested",
      "fancy_title": "Guidance for End Term Preparation Requested",
      "slug": "guidance-for-end-term-preparation-requested",
      "posts_count": 2,
      "reply_count": 0,
      "highest_post_number": 2,
      "image_url": null,
      "created_at": "2024-08-15T09:06:13.243Z",
      "last_posted_at": "2024-08-21T07:01:40.103Z",
      "bumped": true,
      "bumped_at": "2024-08-21T07:01:40.103Z",
      "archetype": "regular",
      "unseen": false,
      "pinned": false,
      "unpinned": null,
      "visible": true,
      "closed": false,
      "archived": false,
      "bookmarked": null,
      "liked": null,
      "tags": [
        "extra-resources",
        "guidelines"
      ],
      "tags_descriptions": {},
      "like_count": 11,
      "views": 172,
      "category_id": 34,
      "featured_link": null,
      "has_accepted_answer": false,
      "posters": [
        {
          "extras": null,
          "description": "Original Poster",
          "user": {
            "id": 17961,
            "username": "23ds2000116",
            "name": "sandhya",
            "avatar_template": "/user_avatar/discourse.onlinedegree.iitm.ac.in/23ds2000116/{size}/66760_2.png",
            "primary_group_name": "ds-students",
            "flair_name": "ds-students",
            "flair_group_id": 294,
            "trust_level": 1
          }
        },
        {
          "extras": "latest",
          "description": "Most Recent Poster",
          "user": {
            "id": 16094,
            "username": "carlton",
            "name": "Carlton D'Silva",
            "avatar_template": "/user_avatar/discourse.onlinedegree.iitm.ac.in/carlton/{size}/56317_2.png",
            "primary_group_name": "ds-students",
            "flair_name": "ds-students",
            "flair_group_id": 294,
            "trust_level": 3
          }
        }
      ]
    },
    {
      "id": 126864,
      "title": "End term guide",
      "fancy_title": "End term guide",
      "slug": "end-term-guide",
      "posts_count": 7,
      "reply_count": 4,
      "highest_post_number": 7,
      "image_url": null,
      "created_at": "2024-04-18T03:54:26.459Z",
      "last_posted_at": "2024-04-27T06:01:28.591Z",
      "bumped": true,
      "bumped_at": "2024-04-27T06:01:28.591Z",
      "archetype": "regular",
      "unseen": false,
      "pinned": false,
      "unpinned": null,
      "visible": true,
      "closed": false,
      "archived": false,
      "bookmarked": null,
      "liked": null,
      "tags": [
        "clarification"
      ],
      "tags_descriptions": {},
      "like_count": 5,
      "views": 189,
      "category_id": 34,
      "featured_link": null,
      "has_accepted_answer": false,
      "posters": [
        {
          "extras": null,
          "description": "Original Poster",
          "user": {
            "id": 12397,
            "username": "22f1001426",
            "name": "Lakshya jain",
            "avatar_template": "https://avatars.discourse-cdn.com/v4/letter/2/7ea924/{size}.png",
            "primary_group_name": "ds-students",
            "flair_name": "ds-students",
            "flair_group_id": 294,
            "trust_level": 1
          }
        },
        {
          "extras": null,
          "description": "Frequent Poster",
          "user": {
            "id": 8015,
            "username": "21f2001138",
            "name": "Ranjith",
            "avatar_template": "/user_avatar/discourse.onlinedegree.iitm.ac.in/21f2001138/{size}/13866_2.png",
            "primary_group_name": "ds-students",
            "flair_name": "ds-students",
            "flair_group_id": 294,
            "trust_level": 1
          }
        },
        {
          "extras": null,
          "description": "Frequent Poster",
          "user": {
            "id": 23581,
            "username": "23ds3000140",
            "name": "Ayushi Desai",
            "avatar_template": "/user_avatar/discourse.onlinedegree.iitm.ac.in/23ds3000140/{size}/66756_2.png",
            "primary_group_name": "ds-students",
            "flair_name": "ds-students",
            "flair_group_id": 294,
            "trust_level": 1
          }
        },
        {
          "extras": null,
          "description": "Frequent Poster",
          "user": {
            "id": 715,
            "username": "Aerobender",
            "name": "Utsa Dastidar",
            "avatar_template": "/user_avatar/discourse.onlinedegree.iitm.ac.in/aerobender/{size}/17036_2.png",
            "primary_group_name": "ds-students",
            "flair_name": "ds-students",
            "flair_group_id": 294,
            "trust_level": 1
          }
        },
        {
          "extras": "latest",
          "description": "Most Recent Poster",
          "user": {
            "id": 9248,
            "username": "21f3001237",
            "name": "Aakanksha Chandrashekhar Dixit",
            "avatar_template": "/user_avatar/discourse.onlinedegree.iitm.ac.in/21f3001237/{size}/14204_2.png",
            "primary_group_name": "ds-students",
            "flair_name": "ds-students",
            "flair_group_id": 294,
            "trust_level": 1
          }
        }
      ]
    },
    {
      "id": 144713,
      "title": "Regarding the end term",
      "fancy_title": "Regarding the end term",
      "slug": "regarding-the-end-term",
      "posts_count": 5,
      "reply_count": 1,
      "highest_post_number": 5,
      "image_url": null,
      "created_at": "2024-09-01T13:19:17.170Z",
      "last_posted_at": "2024-09-01T13:59:58.160Z",
      "bumped": true,
      "bumped_at": "2024-09-01T14:01:47.946Z",
      "archetype": "regular",
      "unseen": false,
      "pinned": false,
      "unpinned": null,
      "visible": true,
      "closed": false,
      "archived": false,
      "bookmarked": null,
      "liked": null,
      "tags": [
        "miscellaneous",
        "term2-2024"
      ],
      "tags_descriptions": {},
      "like_count": 3,
      "views": 59,
      "category_id": 34,
      "featured_link": null,
      "has_accepted_answer": false,
      "posters": [
        {
          "extras": null,
          "description": "Original Poster",
          "user": {
            "id": 16102,
            "username": "22f3001517",
            "name": "Anant Kumar",
            "avatar_template": "/user_avatar/discourse.onlinedegree.iitm.ac.in/22f3001517/{size}/56886_2.png",
            "primary_group_name": "ds-students",
            "flair_name": "ds-students",
            "flair_group_id": 294,
            "trust_level": 1
          }
        },
        {
          "extras": "latest",
          "description": "Most Recent Poster",
          "user": {
            "id": 17669,
            "username": "RajatShenoi",
            "name": "Rajat Shenoi",
            "avatar_template": "/user_avatar/discourse.onlinedegree.iitm.ac.in/rajatshenoi/{size}/66910_2.png",
            "primary_group_name": "ds-students",
            "flair_name": "ds-students",
            "flair_group_id": 294,
            "trust_level": 1
          }
        }
      ]
    },
    {
      "id": 42380,
      "title": "Mock + Sample Questions for end term",
      "fancy_title": "Mock + Sample Questions for end term",
      "slug": "mock-sample-questions-for-end-term",
      "posts_count": 10,
      "reply_count": 7,
      "highest_post_number": 10,
      "image_url": null,
      "created_at": "2022-03-27T19:29:08.852Z",
      "last_posted_at": "2022-04-01T04:00:25.573Z",
      "bumped": true,
      "bumped_at": "2022-04-01T04:00:25.573Z",
      "archetype": "regular",
      "unseen": false,
      "pinned": false,
      "unpinned": null,
      "visible": true,
      "closed": false,
      "archived": false,
      "bookmarked": null,
      "liked": null,
      "tags": [
        "clarification"
      ],
      "tags_descriptions": {},
      "like_count": 8,
      "views": 227,
      "category_id": 34,
      "featured_link": null,
      "has_accepted_answer": false,
      "posters": [
        {
          "extras": null,
          "description": "Original Poster",
          "user": {
            "id": 5337,
            "username": "ss48836",
            "name": "Sumit Sahu",
            "avatar_template": "/user_avatar/discourse.onlinedegree.iitm.ac.in/ss48836/{size}/114_2.png",
            "primary_group_name": "ds-students",
            "flair_name": "ds-students",
            "flair_group_id": 294,
            "trust_level": 1
          }
        },
        {
          "extras": null,
          "description": "Frequent Poster",
          "user": {
            "id": 1970,
            "username": "Ani",
            "name": "Animesh Sharma",
            "avatar_template": "/user_avatar/discourse.onlinedegree.iitm.ac.in/ani/{size}/432_2.png",
            "primary_group_name": "ds-students",
            "flair_name": "ds-students",
            "flair_group_id": 294,
            "trust_level": 1
          }
        },
        {
          "extras": null,
          "description": "Frequent Poster",
          "user": {
            "id": 7906,
            "username": "sathiesh",
            "name": "Sathiesh",
            "avatar_template": "/user_avatar/discourse.onlinedegree.iitm.ac.in/sathiesh/{size}/12463_2.png",
            "primary_group_name": "course_support",
            "flair_name": "course_support",
            "flair_url": "scale-balanced",
            "flair_bg_color": "0040ff",
            "flair_color": "1affc6",
            "flair_group_id": 41,
            "trust_level": 4
          }
        },
        {
          "extras": null,
          "description": "Frequent Poster",
          "user": {
            "id": 3312,
            "username": "PROSTAB_KUNDU",
            "name": "PROSTAB KUNDU",
            "avatar_template": "/user_avatar/discourse.onlinedegree.iitm.ac.in/prostab_kundu/{size}/330_2.png",
            "primary_group_name": "ds-students",
            "flair_name": "ds-students",
            "flair_group_id": 294,
            "trust_level": 1
          }
        },
        {
          "extras": "latest",
          "description": "Most Recent Poster",
          "user": {
            "id": 1062,
            "username": "winterrolls",
            "name": "Kautuk N D",
            "avatar_template": "/user_avatar/discourse.onlinedegree.iitm.ac.in/winterrolls/{size}/24435_2.png",
            "primary_group_name": "ds-students",
            "flair_name": "ds-students",
            "flair_group_id": 294,
            "trust_level": 1
          }
        }
      ]
    }
  ],
  "summarizable": false,
  "valid_reactions": [
    "heart",
    "+1",
    "laughing",
    "open_mouth",
    "clap",
    "confetti_ball",
    "rocket",
    "-1"
  ],
  "accepted_answer": {
    "post_number": 8,
    "username": "carlton",
    "name": null,
    "excerpt": "The Tuesday and the Thursday session will cover end term including a mock. \nEnd term is usually very easy for TDS. A look at prior end terms is a good indicator of how easy they are. \nKind regards",
    "accepter_name": null,
    "accepter_username": "23f2004752"
  },
  "can_vote": false,
  "vote_count": 0,
  "user_voted": false,
  "discourse_zendesk_plugin_zendesk_id": null,
  "discourse_zendesk_plugin_zendesk_url": "https://your-url.zendesk.com/agent/tickets/",
  "details": {
    "can_edit": false,
    "notification_level": 1,
    "can_create_post": true,
    "can_reply_as_new_topic": true,
    "can_flag_topic": true,
    "participants": [
      {
        "id": 16094,
        "username": "carlton",
        "name": "Carlton D'Silva",
        "avatar_template": "/user_avatar/discourse.onlinedegree.iitm.ac.in/carlton/{size}/56317_2.png",
        "post_count": 2,
        "primary_group_name": "ds-students",
        "flair_name": "ds-students",
        "flair_url": null,
        "flair_color": "",
        "flair_bg_color": "",
        "flair_group_id": 294,
        "trust_level": 3
      },
      {
        "id": 40000,
        "username": "Sakshi6479",
        "name": "SAKSHI PATHAK",
        "avatar_template": "/user_avatar/discourse.onlinedegree.iitm.ac.in/sakshi6479/{size}/110446_2.png",
        "post_count": 2,
        "primary_group_name": "ds-students",
        "flair_name": "ds-students",
        "flair_url": null,
        "flair_color": "",
        "flair_bg_color": "",
        "flair_group_id": 294,
        "trust_level": 1
      },
      {
        "id": 14374,
        "username": "A_LAKSHMI",
        "name": "A LAKSHMI",
        "avatar_template": "/user_avatar/discourse.onlinedegree.iitm.ac.in/a_lakshmi/{size}/14204_2.png",
        "post_count": 2,
        "primary_group_name": "ds-students",
        "flair_name": "ds-students",
        "flair_url": null,
        "flair_color": "",
        "flair_bg_color": "",
        "flair_group_id": 294,
        "trust_level": 1
      },
      {
        "id": 14181,
        "username": "22f2001590",
        "name": "Sujay D",
        "avatar_template": "/user_avatar/discourse.onlinedegree.iitm.ac.in/22f2001590/{size}/12401_2.png",
        "post_count": 1,
        "primary_group_name": "ds-students",
        "flair_name": "ds-students",
        "flair_url": null,
        "flair_color": "",
        "flair_bg_color": "",
        "flair_group_id": 294,
        "trust_level": 1
      },
      {
        "id": 21948,
        "username": "23f2004752",
        "name": "Ansh bansal",
        "avatar_template": "/user_avatar/discourse.onlinedegree.iitm.ac.in/23f2004752/{size}/68296_2.png",
        "post_count": 1,
        "primary_group_name": "ds-students",
        "flair_name": "ds-students",
        "flair_url": null,
        "flair_color": "",
        "flair_bg_color": "",
        "flair_group_id": 294,
        "trust_level": 1
      },
      {
        "id": 17483,
        "username": "roy2003",
        "name": "Shouvik Roy ",
        "avatar_template": "/user_avatar/discourse.onlinedegree.iitm.ac.in/roy2003/{size}/66760_2.png",
        "post_count": 1,
        "primary_group_name": "ds-students",
        "flair_name": "ds-students",
        "flair_url": null,
        "flair_color": "",
        "flair_bg_color": "",
        "flair_group_id": 294,
        "trust_level": 1
      },
      {
        "id": 5136,
        "username": "Nomit",
        "name": "Nomit Rawat",
        "avatar_template": "/user_avatar/discourse.onlinedegree.iitm.ac.in/nomit/{size}/5429_2.png",
        "post_count": 1,
        "primary_group_name": "ds-students",
        "flair_name": "ds-students",
        "flair_url": null,
        "flair_color": "",
        "flair_bg_color": "",
        "flair_group_id": 294,
        "trust_level": 1
      },
      {
        "id": 34529,
        "username": "Priya5379",
        "name": "Manu C",
        "avatar_template": "/user_avatar/discourse.onlinedegree.iitm.ac.in/priya5379/{size}/121211_2.png",
        "post_count": 1,
        "primary_group_name": "ds-students",
        "flair_name": "ds-students",
        "flair_url": null,
        "flair_color": "",
        "flair_bg_color": "",
        "flair_group_id": 294,
        "trust_level": 1
      },
      {
        "id": 14992,
        "username": "22f2001640",
        "name": "Telvin Varghese",
        "avatar_template": "/user_avatar/discourse.onlinedegree.iitm.ac.in/22f2001640/{size}/104_2.png",
        "post_count": 1,
        "primary_group_name": "ds-students",
        "flair_name": "ds-students",
        "flair_url": null,
        "flair_color": "",
        "flair_bg_color": "",
        "flair_group_id": 294,
        "trust_level": 1
      },
      {
        "id": 21980,
        "username": "23f2004912",
        "name": "ABHIJEET KUMAR ",
        "avatar_template": "/user_avatar/discourse.onlinedegree.iitm.ac.in/23f2004912/{size}/108710_2.png",
        "post_count": 1,
        "primary_group_name": "ds-students",
        "flair_name": "ds-students",
        "flair_url": null,
        "flair_color": "",
        "flair_bg_color": "",
        "flair_group_id": 294,
        "trust_level": 1
      }
    ],
    "created_by": {
      "id": 21948,
      "username": "23f2004752",
      "name": "Ansh bansal",
      "avatar_template": "/user_avatar/discourse.onlinedegree.iitm.ac.in/23f2004752/{size}/68296_2.png"
    },
    "last_poster": {
      "id": 14374,
      "username": "A_LAKSHMI",
      "name": "A LAKSHMI",
      "avatar_template": "/user_avatar/discourse.onlinedegree.iitm.ac.in/a_lakshmi/{size}/14204_2.png"
    },
    "links": [
      {
        "url": "https://docs.google.com/spreadsheets/d/1x5KAXRlvZLvRjrRfIxFWuNpc8wwboLc21PpYKn8Fv90/edit?usp=drivesdk",
        "title": "PYQ Sheet - Google Sheets",
        "internal": false,
        "attachment": false,
        "reflection": false,
        "clicks": 69,
        "user_id": 14992,
        "domain": "docs.google.com",
        "root_domain": "google.com"
      }
    ]
  },
  "pending_posts": [],
  "bookmarks": []
}