{
  "post_stream": {
    "posts": [
      {
        "id": 586492,
        "name": "Muthupalaniappan",
        "username": "Muthupalaniappan",
        "avatar_template": "/user_avatar/discourse.onlinedegree.iitm.ac.in/muthupalaniappan/{size}/18686_2.png",
        "created_at": "2025-01-26T19:31:14.825Z",
        "cooked": "<p>Hello,</p>\n<p>I submitted my graded assignment for TDS course. But unfortunately I did not see the question in the portal asking if I have seen all questions and attended the exam. Can someone please clarify if it shall be graded still?</p>\n<p><a class=\"mention\" href=\"/u/carlton\">@carlton</a> <a class=\"mention\" href=\"/u/jivraj\">@Jivraj</a></p>\n<p><div class=\"lightbox-wrapper\"><a class=\"lightbox\" href=\"https://europe1.discourse-cdn.com/flex013/uploads/iitm/original/3X/0/2/02d5c238cb5d933e537ef2c236c52132ffcfa333.png\" data-download-href=\"/uploads/short-url/p4VHZoTbsn8Xtzzx3Ln8HSYZvt.png?dl=1\" title=\"image\" rel=\"noopener nofollow ugc\"><img src=\"https://europe1.discourse-cdn.com/flex013/uploads/iitm/optimized/3X/0/2/02d5c238cb5d933e537ef2c236c52132ffcfa333_2_690x271.png\" alt=\"image\" data-base62-sha1=\"p4VHZoTbsn8Xtzzx3Ln8HSYZvt\" width=\"690\" height=\"271\" srcset=\"https://europe1.discourse-cdn.com/flex013/uploads/iitm/optimized/3X/0/2/02d5c238cb5d933e537ef2c236c52132ffcfa333_2_690x271.png, https://europe1.discourse-cdn.com/flex013/uploads/iitm/optimized/3X/0/2/02d5c238cb5d933e537ef2c236c52132ffcfa333_2_1035x406.png 1.5x, https://europe1.discourse-cdn.com/flex013/uploads/iitm/original/3X/0/2/02d5c238cb5d933e537ef2c236c52132ffcfa333.png 2x\" data-dominant-color=\"E5E3E3\"><div class=\"meta\"><svg class=\"fa d-icon d-icon-far-image svg-icon\" aria-hidden=\"true\"><use href=\"#far-image\"></use></svg><span class=\"filename\">image</span><span class=\"informations\">1340×527 17.9 KB</span><svg class=\"fa d-icon d-icon-discourse-expand svg-icon\" aria-hidden=\"true\"><use href=\"#discourse-expand\"></use></svg></div></a></div></p>\n<p><div class=\"lightbox-wrapper\"><a class=\"lightbox\" href=\"https://europe1.discourse-cdn.com/flex013/uploads/iitm/original/3X/7/6/76ef23eb9260d3e215c3ebb09afd1dc74baae294.png\" data-download-href=\"/uploads/short-url/gY8HejgjRYk5eCKBIJagMVFet8M.png?dl=1\" title=\"image\" rel=\"noopener nofollow ugc\"><img src=\"https://europe1.discourse-cdn.com/flex013/uploads/iitm/optimized/3X/7/6/76ef23eb9260d3e215c3ebb09afd1dc74baae294_2_690x385.png\" alt=\"image\" data-base62-sha1=\"gY8HejgjRYk5eCKBIJagMVFet8M\" width=\"690\" height=\"385\" srcset=\"https://europe1.discourse-cdn.com/flex013/uploads/iitm/optimized/3X/7/6/76ef23eb9260d3e215c3ebb09afd1dc74baae294_2_690x385.png, https://europe1.discourse-cdn.com/flex013/uploads/iitm/original/3X/7/6/76ef23eb9260d3e215c3ebb09afd1dc74baae294.png 1.5x, https://europe1.discourse-cdn.com/flex013/uploads/iitm/original/3X/7/6/76ef23eb9260d3e215c3ebb09afd1dc74baae294.png 2x\" data-dominant-color=\"F5F5F6\"><div class=\"meta\"><svg class=\"fa d-icon d-icon-far-image svg-icon\" aria-hidden=\"true\"><use href=\"#far-image\"></use></svg><span class=\"filename\">image</span><span class=\"informations\">1002×560 51.4 KB</span><svg class=\"fa d-icon d-icon-discourse-expand svg-icon\" aria-hidden=\"true\"><use href=\"#discourse-expand\"></use></svg></div></a></div></p>",
        "post_number": 1,
        "post_type": 1,
        "posts_count": 24,
        "updated_at": "2025-01-26T19:32:22.556Z",
        "reply_count": 0,
        "reply_to_post_number": null,
        "quote_count": 0,
        "incoming_link_count": 0,
        "reads": 63,
        "readers_count": 62,
        "score": 12.2,
        "yours": false,
        "topic_id": 165396,
        "topic_slug": "graded-assignment-1-submission-not-shown",
        "display_username": "Muthupalaniappan",
        "primary_group_name": "ds-students",
        "flair_name": "ds-students",
        "flair_url": null,
        "flair_bg_color": "",
        "flair_color": "",
        "flair_group_id": 294,
        "badges_granted": [],
        "version": 1,
        "can_edit": false,
        "can_delete": false,
        "can_recover": false,
        "can_see_hidden_post": false,
        "can_wiki": false,
        "read": false,
        "user_title": null,
        "bookmarked": false,
        "actions_summary": [
          {
            "id": 2,
            "can_act": true
          },
          {
            "id": 6,
            "can_act": true
          },
          {
            "id": 3,
            "can_act": true
          },
          {
            "id": 4,
            "can_act": true
          },
          {
            "id": 8,
            "can_act": true
          },
          {
            "id": 10,
            "can_act": true
          },
          {
            "id": 7,
            "can_act": true
          }
        ],
        "moderator": false,
        "admin": false,
        "staff": false,
        "user_id": 11218,
        "hidden": false,
        "trust_level": 1,
        "deleted_at": null,
        "user_deleted": false,
        "edit_reason": null,
        "can_view_edit_history": true,
        "wiki": false,
        "post_url": "/t/graded-assignment-1-submission-not-shown/165396/1",
        "user_cakedate": "2022-01-07",
        "reactions": [],
        "current_user_reaction": null,
        "reaction_users_count": 0,
        "current_user_used_main_reaction": false,
        "can_accept_answer": false,
        "can_unaccept_answer": false,
        "accepted_answer": false,
        "topic_accepted_answer": null,
        "can_vote": false
      },
      {
        "id": 586525,
        "name": "Carlton D'Silva",
        "username": "carlton",
        "avatar_template": "/user_avatar/discourse.onlinedegree.iitm.ac.in/carlton/{size}/56317_2.png",
        "created_at": "2025-01-27T03:13:25.884Z",
        "cooked": "<p><a class=\"mention\" href=\"/u/muthupalaniappan\">@Muthupalaniappan</a></p>\n<p>It is saying you did not attempt it because you did not answer the seek portal question.</p>\n<p>You are not graded on the seek portal question. It only exists to make sure you saw the GA and attempted it. You are only graded on your submission of GA1 on the actual assignment page where your last saved submission is used for grading.</p>\n<p>Kind regards</p>",
        "post_number": 2,
        "post_type": 1,
        "posts_count": 24,
        "updated_at": "2025-01-27T03:13:25.884Z",
        "reply_count": 4,
        "reply_to_post_number": null,
        "quote_count": 0,
        "incoming_link_count": 2,
        "reads": 55,
        "readers_count": 54,
        "score": 40.8,
        "yours": false,
        "topic_id": 165396,
        "topic_slug": "graded-assignment-1-submission-not-shown",
        "display_username": "Carlton D'Silva",
        "primary_group_name": "ds-students",
        "flair_name": "ds-students",
        "flair_url": null,
        "flair_bg_color": "",
        "flair_color": "",
        "flair_group_id": 294,
        "badges_granted": [],
        "version": 1,
        "can_edit": false,
        "can_delete": false,
        "can_recover": false,
        "can_see_hidden_post": false,
        "can_wiki": false,
        "read": false,
        "user_title": "Regular",
        "title_is_group": false,
        "bookmarked": false,
        "actions_summary": [
          {
            "id": 2,
            "can_act": true
          },
          {
            "id": 6,
            "can_act": true
          },
          {
            "id": 3,
            "can_act": true
          },
          {
            "id": 4,
            "can_act": true
          },
          {
            "id": 8,
            "can_act": true
          },
          {
            "id": 10,
            "can_act": true
          },
          {
            "id": 7,
            "can_act": true
          }
        ],
        "moderator": false,
        "admin": false,
        "staff": false,
        "group_moderator": true,
        "user_id": 16094,
        "hidden": false,
        "trust_level": 3,
        "deleted_at": null,
        "user_deleted": false,
        "edit_reason": null,
        "can_view_edit_history": true,
        "wiki": false,
        "post_url": "/t/graded-assignment-1-submission-not-shown/165396/2",
        "user_cakedate": "2023-01-25",
        "reactions": [],
        "current_user_reaction": null,
        "reaction_users_count": 0,
        "current_user_used_main_reaction": false,
        "can_accept_answer": false,
        "can_unaccept_answer": false,
        "accepted_answer": false,
        "topic_accepted_answer": null
      },
      {
        "id": 586571,
        "name": "Kundan Kumar",
        "username": "21f3000599",
        "avatar_template": "/user_avatar/discourse.onlinedegree.iitm.ac.in/21f3000599/{size}/981_2.png",
        "created_at": "2025-01-27T05:29:27.718Z",
        "cooked": "<p>Dear Sir,<br>\nI encountered the same issue as mentioned. Could you please confirm whether GA 1 will still be evaluated under this condition, and if we will receive our actual score based on the last saved submission on the assignment page?</p>",
        "post_number": 3,
        "post_type": 1,
        "posts_count": 24,
        "updated_at": "2025-01-27T05:29:27.718Z",
        "reply_count": 1,
        "reply_to_post_number": 2,
        "quote_count": 0,
        "incoming_link_count": 0,
        "reads": 52,
        "readers_count": 51,
        "score": 15.2,
        "yours": false,
        "topic_id": 165396,
        "topic_slug": "graded-assignment-1-submission-not-shown",
        "display_username": "Kundan Kumar",
        "primary_group_name": "ds-students",
        "flair_name": "ds-students",
        "flair_url": null,
        "flair_bg_color": "",
        "flair_color": "",
        "flair_group_id": 294,
        "badges_granted": [],
        "version": 1,
        "can_edit": false,
        "can_delete": false,
        "can_recover": false,
        "can_see_hidden_post": false,
        "can_wiki": false,
        "read": false,
        "user_title": null,
        "reply_to_user": {
          "id": 16094,
          "username": "carlton",
          "name": "Carlton D'Silva",
          "avatar_template": "/user_avatar/discourse.onlinedegree.iitm.ac.in/carlton/{size}/56317_2.png"
        },
        "bookmarked": false,
        "actions_summary": [
          {
            "id": 2,
            "can_act": true
          },
          {
            "id": 6,
            "can_act": true
          },
          {
            "id": 3,
            "can_act": true
          },
          {
            "id": 4,
            "can_act": true
          },
          {
            "id": 8,
            "can_act": true
          },
          {
            "id": 10,
            "can_act": true
          },
          {
            "id": 7,
            "can_act": true
          }
        ],
        "moderator": false,
        "admin": false,
        "staff": false,
        "user_id": 7762,
        "hidden": false,
        "trust_level": 1,
        "deleted_at": null,
        "user_deleted": false,
        "edit_reason": null,
        "can_view_edit_history": true,
        "wiki": false,
        "post_url": "/t/graded-assignment-1-submission-not-shown/165396/3",
        "user_cakedate": "2021-10-11",
        "reactions": [],
        "current_user_reaction": null,
        "reaction_users_count": 0,
        "current_user_used_main_reaction": false,
        "can_accept_answer": false,
        "can_unaccept_answer": false,
        "accepted_answer": false,
        "topic_accepted_answer": null
      },
      {
        "id": 586577,
        "name": "VENKATESWARLU THATHA ",
        "username": "Venkatesh_2k01",
        "avatar_template": "/user_avatar/discourse.onlinedegree.iitm.ac.in/venkatesh_2k01/{size}/119822_2.png",
        "created_at": "2025-01-27T05:39:41.812Z",
        "cooked": "<p>sir can you please allow us to submit it . like open the seek portal for a few mins . because we have worked hard to finished the assignment and all our hardwork will be in vain … please</p>",
        "post_number": 4,
        "post_type": 1,
        "posts_count": 24,
        "updated_at": "2025-01-27T05:39:41.812Z",
        "reply_count": 0,
        "reply_to_post_number": 2,
        "quote_count": 0,
        "incoming_link_count": 0,
        "reads": 47,
        "readers_count": 46,
        "score": 9.2,
        "yours": false,
        "topic_id": 165396,
        "topic_slug": "graded-assignment-1-submission-not-shown",
        "display_username": "VENKATESWARLU THATHA ",
        "primary_group_name": "ds-students",
        "flair_name": "ds-students",
        "flair_url": null,
        "flair_bg_color": "",
        "flair_color": "",
        "flair_group_id": 294,
        "badges_granted": [],
        "version": 1,
        "can_edit": false,
        "can_delete": false,
        "can_recover": false,
        "can_see_hidden_post": false,
        "can_wiki": false,
        "read": false,
        "user_title": null,
        "reply_to_user": {
          "id": 16094,
          "username": "carlton",
          "name": "Carlton D'Silva",
          "avatar_template": "/user_avatar/discourse.onlinedegree.iitm.ac.in/carlton/{size}/56317_2.png"
        },
        "bookmarked": false,
        "actions_summary": [
          {
            "id": 2,
            "can_act": true
          },
          {
            "id": 6,
            "can_act": true
          },
          {
            "id": 3,
            "can_act": true
          },
          {
            "id": 4,
            "can_act": true
          },
          {
            "id": 8,
            "can_act": true
          },
          {
            "id": 10,
            "can_act": true
          },
          {
            "id": 7,
            "can_act": true
          }
        ],
        "moderator": false,
        "admin": false,
        "staff": false,
        "user_id": 22552,
        "hidden": false,
        "trust_level": 1,
        "deleted_at": null,
        "user_deleted": false,
        "edit_reason": null,
        "can_view_edit_history": true,
        "wiki": false,
        "post_url": "/t/graded-assignment-1-submission-not-shown/165396/4",
        "user_cakedate": "2023-09-23",
        "reactions": [],
        "current_user_reaction": null,
        "reaction_users_count": 0,
        "current_user_used_main_reaction": false,
        "can_accept_answer": false,
        "can_unaccept_answer": false,
        "accepted_answer": false,
        "topic_accepted_answer": null
      },
      {
        "id": 586589,
        "name": "Carlton D'Silva",
        "username": "carlton",
        "avatar_template": "/user_avatar/discourse.onlinedegree.iitm.ac.in/carlton/{size}/56317_2.png",
        "created_at": "2025-01-27T06:12:53.024Z",
        "cooked": "<aside class=\"quote group-ds-students\" data-username=\"carlton\" data-post=\"2\" data-topic=\"165396\">\n<div class=\"title\">\n<div class=\"quote-controls\"></div>\n<img alt=\"\" width=\"24\" height=\"24\" src=\"https://dub1.discourse-cdn.com/flex013/user_avatar/discourse.onlinedegree.iitm.ac.in/carlton/48/56317_2.png\" class=\"avatar\"> carlton:</div>\n<blockquote>\n<p>You are only graded on your submission of GA1 on the actual assignment page where your last saved submission is used for grading.</p>\n</blockquote>\n</aside>\n<p><a class=\"mention\" href=\"/u/venkatesh_2k01\">@Venkatesh_2k01</a> <a class=\"mention\" href=\"/u/21f3000599\">@21f3000599</a><br>\nPlease refer to above reply</p>",
        "post_number": 5,
        "post_type": 1,
        "posts_count": 24,
        "updated_at": "2025-01-27T06:13:50.025Z",
        "reply_count": 0,
        "reply_to_post_number": 3,
        "quote_count": 1,
        "incoming_link_count": 0,
        "reads": 46,
        "readers_count": 45,
        "score": 9.0,
        "yours": false,
        "topic_id": 165396,
        "topic_slug": "graded-assignment-1-submission-not-shown",
        "display_username": "Carlton D'Silva",
        "primary_group_name": "ds-students",
        "flair_name": "ds-students",
        "flair_url": null,
        "flair_bg_color": "",
        "flair_color": "",
        "flair_group_id": 294,
        "badges_granted": [],
        "version": 1,
        "can_edit": false,
        "can_delete": false,
        "can_recover": false,
        "can_see_hidden_post": false,
        "can_wiki": false,
        "read": false,
        "user_title": "Regular",
        "title_is_group": false,
        "reply_to_user": {
          "id": 7762,
          "username": "21f3000599",
          "name": "Kundan Kumar",
          "avatar_template": "/user_avatar/discourse.onlinedegree.iitm.ac.in/21f3000599/{size}/981_2.png"
        },
        "bookmarked": false,
        "actions_summary": [
          {
            "id": 2,
            "can_act": true
          },
          {
            "id": 6,
            "can_act": true
          },
          {
            "id": 3,
            "can_act": true
          },
          {
            "id": 4,
            "can_act": true
          },
          {
            "id": 8,
            "can_act": true
          },
          {
            "id": 10,
            "can_act": true
          },
          {
            "id": 7,
            "can_act": true
          }
        ],
        "moderator": false,
        "admin": false,
        "staff": false,
        "group_moderator": true,
        "user_id": 16094,
        "hidden": false,
        "trust_level": 3,
        "deleted_at": null,
        "user_deleted": false,
        "edit_reason": null,
        "can_view_edit_history": true,
        "wiki": false,
        "post_url": "/t/graded-assignment-1-submission-not-shown/165396/5",
        "user_cakedate": "2023-01-25",
        "reactions": [],
        "current_user_reaction": null,
        "reaction_users_count": 0,
        "current_user_used_main_reaction": false,
        "can_accept_answer": false,
        "can_unaccept_answer": false,
        "accepted_answer": false,
        "topic_accepted_answer": null
      },
      {
        "id": 586590,
        "name": "Kundan Kumar",
        "username": "21f3000599",
        "avatar_template": "/user_avatar/discourse.onlinedegree.iitm.ac.in/21f3000599/{size}/981_2.png",
        "created_at": "2025-01-27T05:21:53.338Z",
        "cooked": "<p>Hello,<br>\nI accessed the assignment through the provided link and attempted and saved it. But unfortunately I forgot to submit it on my course LMS. I have put in a lot of effort to complete this and I scored 9,  so I kindly request you to consider it and provide your clarification on the matter.</p>",
        "post_number": 6,
        "post_type": 1,
        "posts_count": 24,
        "updated_at": "2025-01-27T06:16:00.573Z",
        "reply_count": 0,
        "reply_to_post_number": null,
        "quote_count": 0,
        "incoming_link_count": 1,
        "reads": 42,
        "readers_count": 41,
        "score": 13.2,
        "yours": false,
        "topic_id": 165396,
        "topic_slug": "graded-assignment-1-submission-not-shown",
        "display_username": "Kundan Kumar",
        "primary_group_name": "ds-students",
        "flair_name": "ds-students",
        "flair_url": null,
        "flair_bg_color": "",
        "flair_color": "",
        "flair_group_id": 294,
        "badges_granted": [],
        "version": 1,
        "can_edit": false,
        "can_delete": false,
        "can_recover": false,
        "can_see_hidden_post": false,
        "can_wiki": false,
        "read": false,
        "user_title": null,
        "bookmarked": false,
        "actions_summary": [
          {
            "id": 2,
            "can_act": true
          },
          {
            "id": 6,
            "can_act": true
          },
          {
            "id": 3,
            "can_act": true
          },
          {
            "id": 4,
            "can_act": true
          },
          {
            "id": 8,
            "can_act": true
          },
          {
            "id": 10,
            "can_act": true
          },
          {
            "id": 7,
            "can_act": true
          }
        ],
        "moderator": false,
        "admin": false,
        "staff": false,
        "user_id": 7762,
        "hidden": false,
        "trust_level": 1,
        "deleted_at": null,
        "user_deleted": false,
        "edit_reason": null,
        "can_view_edit_history": true,
        "wiki": false,
        "post_url": "/t/graded-assignment-1-submission-not-shown/165396/6",
        "user_cakedate": "2021-10-11",
        "reactions": [],
        "current_user_reaction": null,
        "reaction_users_count": 0,
        "current_user_used_main_reaction": false,
        "can_accept_answer": false,
        "can_unaccept_answer": false,
        "accepted_answer": false,
        "topic_accepted_answer": null
      },
      {
        "id": 586663,
        "name": "Khushi Shah",
        "username": "23f2005471",
        "avatar_template": "/user_avatar/discourse.onlinedegree.iitm.ac.in/23f2005471/{size}/68610_2.png",
        "created_at": "2025-01-27T09:52:32.240Z",
        "cooked": "<p>Respected Sir,<br>\nI made the similar mistake of not selecting a yes on the seek IITM portal<br>\nAccording to your previous replies, does it imply that only the answers submitted through the link provided will be considered for evaluation regardless of the seek portal selection for this time?<br>\nThanks</p>",
        "post_number": 7,
        "post_type": 1,
        "posts_count": 24,
        "updated_at": "2025-01-27T09:52:32.240Z",
        "reply_count": 1,
        "reply_to_post_number": null,
        "quote_count": 0,
        "incoming_link_count": 0,
        "reads": 38,
        "readers_count": 37,
        "score": 12.4,
        "yours": false,
        "topic_id": 165396,
        "topic_slug": "graded-assignment-1-submission-not-shown",
        "display_username": "Khushi Shah",
        "primary_group_name": "ds-students",
        "flair_name": "ds-students",
        "flair_url": null,
        "flair_bg_color": "",
        "flair_color": "",
        "flair_group_id": 294,
        "badges_granted": [],
        "version": 1,
        "can_edit": false,
        "can_delete": false,
        "can_recover": false,
        "can_see_hidden_post": false,
        "can_wiki": false,
        "read": false,
        "user_title": null,
        "bookmarked": false,
        "actions_summary": [
          {
            "id": 2,
            "can_act": true
          },
          {
            "id": 6,
            "can_act": true
          },
          {
            "id": 3,
            "can_act": true
          },
          {
            "id": 4,
            "can_act": true
          },
          {
            "id": 8,
            "can_act": true
          },
          {
            "id": 10,
            "can_act": true
          },
          {
            "id": 7,
            "can_act": true
          }
        ],
        "moderator": false,
        "admin": false,
        "staff": false,
        "user_id": 26496,
        "hidden": false,
        "trust_level": 1,
        "deleted_at": null,
        "user_deleted": false,
        "edit_reason": null,
        "can_view_edit_history": true,
        "wiki": false,
        "post_url": "/t/graded-assignment-1-submission-not-shown/165396/7",
        "user_cakedate": "2024-01-31",
        "reactions": [],
        "current_user_reaction": null,
        "reaction_users_count": 0,
        "current_user_used_main_reaction": false,
        "can_accept_answer": false,
        "can_unaccept_answer": false,
        "accepted_answer": false,
        "topic_accepted_answer": null
      },
      {
        "id": 586677,
        "name": "Carlton D'Silva",
        "username": "carlton",
        "avatar_template": "/user_avatar/discourse.onlinedegree.iitm.ac.in/carlton/{size}/56317_2.png",
        "created_at": "2025-01-27T10:30:47.309Z",
        "cooked": "<p><a class=\"mention\" href=\"/u/23f2005471\">@23f2005471</a></p>\n<p>Correct! Only scores that were saved in your actual last submission on the ga page itself will be evaluated (the portal question is just to make sure you were aware of the GA and confirm that you attempted it).</p>\n<p>Kind regards</p>",
        "post_number": 8,
        "post_type": 1,
        "posts_count": 24,
        "updated_at": "2025-01-27T10:30:56.392Z",
        "reply_count": 0,
        "reply_to_post_number": 7,
        "quote_count": 0,
        "incoming_link_count": 0,
        "reads": 40,
        "readers_count": 39,
        "score": 7.8,
        "yours": false,
        "topic_id": 165396,
        "topic_slug": "graded-assignment-1-submission-not-shown",
        "display_username": "Carlton D'Silva",
        "primary_group_name": "ds-students",
        "flair_name": "ds-students",
        "flair_url": null,
        "flair_bg_color": "",
        "flair_color": "",
        "flair_group_id": 294,
        "badges_granted": [],
        "version": 1,
        "can_edit": false,
        "can_delete": false,
        "can_recover": false,
        "can_see_hidden_post": false,
        "can_wiki": false,
        "read": false,
        "user_title": "Regular",
        "title_is_group": false,
        "reply_to_user": {
          "id": 26496,
          "username": "23f2005471",
          "name": "Khushi Shah",
          "avatar_template": "/user_avatar/discourse.onlinedegree.iitm.ac.in/23f2005471/{size}/68610_2.png"
        },
        "bookmarked": false,
        "actions_summary": [
          {
            "id": 2,
            "can_act": true
          },
          {
            "id": 6,
            "can_act": true
          },
          {
            "id": 3,
            "can_act": true
          },
          {
            "id": 4,
            "can_act": true
          },
          {
            "id": 8,
            "can_act": true
          },
          {
            "id": 10,
            "can_act": true
          },
          {
            "id": 7,
            "can_act": true
          }
        ],
        "moderator": false,
        "admin": false,
        "staff": false,
        "group_moderator": true,
        "user_id": 16094,
        "hidden": false,
        "trust_level": 3,
        "deleted_at": null,
        "user_deleted": false,
        "edit_reason": null,
        "can_view_edit_history": true,
        "wiki": false,
        "post_url": "/t/graded-assignment-1-submission-not-shown/165396/8",
        "user_cakedate": "2023-01-25",
        "reactions": [],
        "current_user_reaction": null,
        "reaction_users_count": 0,
        "current_user_used_main_reaction": false,
        "can_accept_answer": false,
        "can_unaccept_answer": false,
        "accepted_answer": false,
        "topic_accepted_answer": null
      },
      {
        "id": 586747,
        "name": "Atharva Athawale",
        "username": "22f3002539",
        "avatar_template": "/user_avatar/discourse.onlinedegree.iitm.ac.in/22f3002539/{size}/67405_2.png",
        "created_at": "2025-01-27T11:52:15.849Z",
        "cooked": "<p>Respected Sir/Madam,</p>\n<p>I have submitted the TDS GA 1 assignment but failed to submit the Yes or NO option in the checkbox<br>\nI request you to please consider my submission as I have scored 6/10 marks in the assignment<br>\nand if you won’t my whole efforts will be lost just because of this<br>\n<div class=\"lightbox-wrapper\"><a class=\"lightbox\" href=\"https://europe1.discourse-cdn.com/flex013/uploads/iitm/original/3X/5/e/5e679a390c2c28452082014cf26d1200083f2ec4.png\" data-download-href=\"/uploads/short-url/dt8QF8sISAriY7H4IhOUlzPrSvO.png?dl=1\" title=\"image\" rel=\"noopener nofollow ugc\"><img src=\"https://europe1.discourse-cdn.com/flex013/uploads/iitm/optimized/3X/5/e/5e679a390c2c28452082014cf26d1200083f2ec4_2_690x374.png\" alt=\"image\" data-base62-sha1=\"dt8QF8sISAriY7H4IhOUlzPrSvO\" width=\"690\" height=\"374\" srcset=\"https://europe1.discourse-cdn.com/flex013/uploads/iitm/optimized/3X/5/e/5e679a390c2c28452082014cf26d1200083f2ec4_2_690x374.png, https://europe1.discourse-cdn.com/flex013/uploads/iitm/optimized/3X/5/e/5e679a390c2c28452082014cf26d1200083f2ec4_2_1035x561.png 1.5x, https://europe1.discourse-cdn.com/flex013/uploads/iitm/optimized/3X/5/e/5e679a390c2c28452082014cf26d1200083f2ec4_2_1380x748.png 2x\" data-dominant-color=\"F6F6F7\"><div class=\"meta\"><svg class=\"fa d-icon d-icon-far-image svg-icon\" aria-hidden=\"true\"><use href=\"#far-image\"></use></svg><span class=\"filename\">image</span><span class=\"informations\">1463×795 64.3 KB</span><svg class=\"fa d-icon d-icon-discourse-expand svg-icon\" aria-hidden=\"true\"><use href=\"#discourse-expand\"></use></svg></div></a></div></p>",
        "post_number": 9,
        "post_type": 1,
        "posts_count": 24,
        "updated_at": "2025-01-27T12:33:06.536Z",
        "reply_count": 0,
        "reply_to_post_number": null,
        "quote_count": 0,
        "incoming_link_count": 0,
        "reads": 38,
        "readers_count": 37,
        "score": 7.4,
        "yours": false,
        "topic_id": 165396,
        "topic_slug": "graded-assignment-1-submission-not-shown",
        "display_username": "Atharva Athawale",
        "primary_group_name": "ds-students",
        "flair_name": "ds-students",
        "flair_url": null,
        "flair_bg_color": "",
        "flair_color": "",
        "flair_group_id": 294,
        "badges_granted": [],
        "version": 1,
        "can_edit": false,
        "can_delete": false,
        "can_recover": false,
        "can_see_hidden_post": false,
        "can_wiki": false,
        "read": false,
        "user_title": null,
        "bookmarked": false,
        "actions_summary": [
          {
            "id": 2,
            "can_act": true
          },
          {
            "id": 6,
            "can_act": true
          },
          {
            "id": 3,
            "can_act": true
          },
          {
            "id": 4,
            "can_act": true
          },
          {
            "id": 8,
            "can_act": true
          },
          {
            "id": 10,
            "can_act": true
          },
          {
            "id": 7,
            "can_act": true
          }
        ],
        "moderator": false,
        "admin": false,
        "staff": false,
        "user_id": 16427,
        "hidden": false,
        "trust_level": 1,
        "deleted_at": null,
        "user_deleted": false,
        "edit_reason": null,
        "can_view_edit_history": true,
        "wiki": false,
        "post_url": "/t/graded-assignment-1-submission-not-shown/165396/9",
        "user_cakedate": "2023-01-27",
        "reactions": [],
        "current_user_reaction": null,
        "reaction_users_count": 0,
        "current_user_used_main_reaction": false,
        "can_accept_answer": false,
        "can_unaccept_answer": false,
        "accepted_answer": false,
        "topic_accepted_answer": null
      },
      {
        "id": 586750,
        "name": "Carlton D'Silva",
        "username": "carlton",
        "avatar_template": "/user_avatar/discourse.onlinedegree.iitm.ac.in/carlton/{size}/56317_2.png",
        "created_at": "2025-01-27T12:34:17.956Z",
        "cooked": "<aside class=\"quote group-ds-students\" data-username=\"carlton\" data-post=\"2\" data-topic=\"165396\">\n<div class=\"title\">\n<div class=\"quote-controls\"></div>\n<img alt=\"\" width=\"24\" height=\"24\" src=\"https://dub1.discourse-cdn.com/flex013/user_avatar/discourse.onlinedegree.iitm.ac.in/carlton/48/56317_2.png\" class=\"avatar\"> carlton:</div>\n<blockquote>\n<p>You are not graded on the seek portal question. It only exists to make sure you saw the GA and attempted it. You are only graded on your submission of GA1 on the actual assignment page where your last saved submission is used for grading.</p>\n</blockquote>\n</aside>\n<p><a class=\"mention\" href=\"/u/22f3002539\">@22f3002539</a> Please refer to above reply.</p>\n<p>Kind regards</p>",
        "post_number": 10,
        "post_type": 1,
        "posts_count": 24,
        "updated_at": "2025-01-27T12:34:17.956Z",
        "reply_count": 0,
        "reply_to_post_number": 2,
        "quote_count": 1,
        "incoming_link_count": 0,
        "reads": 37,
        "readers_count": 36,
        "score": 7.2,
        "yours": false,
        "topic_id": 165396,
        "topic_slug": "graded-assignment-1-submission-not-shown",
        "display_username": "Carlton D'Silva",
        "primary_group_name": "ds-students",
        "flair_name": "ds-students",
        "flair_url": null,
        "flair_bg_color": "",
        "flair_color": "",
        "flair_group_id": 294,
        "badges_granted": [],
        "version": 1,
        "can_edit": false,
        "can_delete": false,
        "can_recover": false,
        "can_see_hidden_post": false,
        "can_wiki": false,
        "read": false,
        "user_title": "Regular",
        "title_is_group": false,
        "bookmarked": false,
        "actions_summary": [
          {
            "id": 2,
            "can_act": true
          },
          {
            "id": 6,
            "can_act": true
          },
          {
            "id": 3,
            "can_act": true
          },
          {
            "id": 4,
            "can_act": true
          },
          {
            "id": 8,
            "can_act": true
          },
          {
            "id": 10,
            "can_act": true
          },
          {
            "id": 7,
            "can_act": true
          }
        ],
        "moderator": false,
        "admin": false,
        "staff": false,
        "group_moderator": true,
        "user_id": 16094,
        "hidden": false,
        "trust_level": 3,
        "deleted_at": null,
        "user_deleted": false,
        "edit_reason": null,
        "can_view_edit_history": true,
        "wiki": false,
        "post_url": "/t/graded-assignment-1-submission-not-shown/165396/10",
        "user_cakedate": "2023-01-25",
        "reactions": [],
        "current_user_reaction": null,
        "reaction_users_count": 0,
        "current_user_used_main_reaction": false,
        "can_accept_answer": false,
        "can_unaccept_answer": false,
        "accepted_answer": false,
        "topic_accepted_answer": null
      },
      {
        "id": 587073,
        "name": "Thinesh Kumar S",
        "username": "Thinesh",
        "avatar_template": "/user_avatar/discourse.onlinedegree.iitm.ac.in/thinesh/{size}/112079_2.png",
        "created_at": "2025-01-28T07:54:54.088Z",
        "cooked": "<p>Dear <a class=\"mention\" href=\"/u/s.anand\">@s.anand</a> sir,<br>\nFor the TDS week 1 assignment, I have submitted it in the link (this link) that was mentioned in the graded assignment but I did not submit yes in the portal tab. Can you please help me out this one time??</p>\n<p>I will make sure I submit it in both places next time.</p>\n<p>I kindly request you to help me out this one time, as this will really impact my grade particularly as of this course.<br>\nI got a total of 9.5 in this assignment but as you can see in the image attached below I erred up with this submission<br>\n<div class=\"lightbox-wrapper\"><a class=\"lightbox\" href=\"https://europe1.discourse-cdn.com/flex013/uploads/iitm/original/3X/0/6/06e671d604773ce8d8708608a4ec889ac8d28621.png\" data-download-href=\"/uploads/short-url/Z2AAWl6K2WMrUgBsI1v8f98mVb.png?dl=1\" title=\"image\" rel=\"noopener nofollow ugc\"><img src=\"https://europe1.discourse-cdn.com/flex013/uploads/iitm/optimized/3X/0/6/06e671d604773ce8d8708608a4ec889ac8d28621_2_690x436.png\" alt=\"image\" data-base62-sha1=\"Z2AAWl6K2WMrUgBsI1v8f98mVb\" width=\"690\" height=\"436\" srcset=\"https://europe1.discourse-cdn.com/flex013/uploads/iitm/optimized/3X/0/6/06e671d604773ce8d8708608a4ec889ac8d28621_2_690x436.png, https://europe1.discourse-cdn.com/flex013/uploads/iitm/original/3X/0/6/06e671d604773ce8d8708608a4ec889ac8d28621.png 1.5x, https://europe1.discourse-cdn.com/flex013/uploads/iitm/original/3X/0/6/06e671d604773ce8d8708608a4ec889ac8d28621.png 2x\" data-dominant-color=\"FCFCFC\"><div class=\"meta\"><svg class=\"fa d-icon d-icon-far-image svg-icon\" aria-hidden=\"true\"><use href=\"#far-image\"></use></svg><span class=\"filename\">image</span><span class=\"informations\">747×473 15 KB</span><svg class=\"fa d-icon d-icon-discourse-expand svg-icon\" aria-hidden=\"true\"><use href=\"#discourse-expand\"></use></svg></div></a></div></p>",
        "post_number": 11,
        "post_type": 1,
        "posts_count": 24,
        "updated_at": "2025-01-28T08:02:46.053Z",
        "reply_count": 1,
        "reply_to_post_number": null,
        "quote_count": 0,
        "incoming_link_count": 1,
        "reads": 33,
        "readers_count": 32,
        "score": 16.4,
        "yours": false,
        "topic_id": 165396,
        "topic_slug": "graded-assignment-1-submission-not-shown",
        "display_username": "Thinesh Kumar S",
        "primary_group_name": "ds-students",
        "flair_name": "ds-students",
        "flair_url": null,
        "flair_bg_color": "",
        "flair_color": "",
        "flair_group_id": 294,
        "badges_granted": [],
        "version": 1,
        "can_edit": false,
        "can_delete": false,
        "can_recover": false,
        "can_see_hidden_post": false,
        "can_wiki": false,
        "read": false,
        "user_title": null,
        "bookmarked": false,
        "actions_summary": [
          {
            "id": 2,
            "can_act": true
          },
          {
            "id": 6,
            "can_act": true
          },
          {
            "id": 3,
            "can_act": true
          },
          {
            "id": 4,
            "can_act": true
          },
          {
            "id": 8,
            "can_act": true
          },
          {
            "id": 10,
            "can_act": true
          },
          {
            "id": 7,
            "can_act": true
          }
        ],
        "moderator": false,
        "admin": false,
        "staff": false,
        "user_id": 27901,
        "hidden": false,
        "trust_level": 0,
        "deleted_at": null,
        "user_deleted": false,
        "edit_reason": null,
        "can_view_edit_history": true,
        "wiki": false,
        "post_url": "/t/graded-assignment-1-submission-not-shown/165396/11",
        "user_cakedate": "2024-02-20",
        "reactions": [],
        "current_user_reaction": null,
        "reaction_users_count": 0,
        "current_user_used_main_reaction": false,
        "can_accept_answer": false,
        "can_unaccept_answer": false,
        "accepted_answer": false,
        "topic_accepted_answer": null
      },
      {
        "id": 587076,
        "name": "Carlton D'Silva",
        "username": "carlton",
        "avatar_template": "/user_avatar/discourse.onlinedegree.iitm.ac.in/carlton/{size}/56317_2.png",
        "created_at": "2025-01-28T08:03:25.925Z",
        "cooked": "<p><a class=\"mention\" href=\"/u/thinesh\">@Thinesh</a> please refer to the above response.</p>\n<p>Kind regards</p>",
        "post_number": 12,
        "post_type": 1,
        "posts_count": 24,
        "updated_at": "2025-01-28T08:03:25.925Z",
        "reply_count": 0,
        "reply_to_post_number": 11,
        "quote_count": 0,
        "incoming_link_count": 0,
        "reads": 32,
        "readers_count": 31,
        "score": 6.2,
        "yours": false,
        "topic_id": 165396,
        "topic_slug": "graded-assignment-1-submission-not-shown",
        "display_username": "Carlton D'Silva",
        "primary_group_name": "ds-students",
        "flair_name": "ds-students",
        "flair_url": null,
        "flair_bg_color": "",
        "flair_color": "",
        "flair_group_id": 294,
        "badges_granted": [],
        "version": 1,
        "can_edit": false,
        "can_delete": false,
        "can_recover": false,
        "can_see_hidden_post": false,
        "can_wiki": false,
        "read": false,
        "user_title": "Regular",
        "title_is_group": false,
        "reply_to_user": {
          "id": 27901,
          "username": "Thinesh",
          "name": "Thinesh Kumar S",
          "avatar_template": "/user_avatar/discourse.onlinedegree.iitm.ac.in/thinesh/{size}/112079_2.png"
        },
        "bookmarked": false,
        "actions_summary": [
          {
            "id": 2,
            "can_act": true
          },
          {
            "id": 6,
            "can_act": true
          },
          {
            "id": 3,
            "can_act": true
          },
          {
            "id": 4,
            "can_act": true
          },
          {
            "id": 8,
            "can_act": true
          },
          {
            "id": 10,
            "can_act": true
          },
          {
            "id": 7,
            "can_act": true
          }
        ],
        "moderator": false,
        "admin": false,
        "staff": false,
        "group_moderator": true,
        "user_id": 16094,
        "hidden": false,
        "trust_level": 3,
        "deleted_at": null,
        "user_deleted": false,
        "edit_reason": null,
        "can_view_edit_history": true,
        "wiki": false,
        "post_url": "/t/graded-assignment-1-submission-not-shown/165396/12",
        "user_cakedate": "2023-01-25",
        "reactions": [],
        "current_user_reaction": null,
        "reaction_users_count": 0,
        "current_user_used_main_reaction": false,
        "can_accept_answer": false,
        "can_unaccept_answer": false,
        "accepted_answer": false,
        "topic_accepted_answer": null
      },
      {
        "id": 586827,
        "name": "Pranaav",
        "username": "23f1002223",
        "avatar_template": "/user_avatar/discourse.onlinedegree.iitm.ac.in/23f1002223/{size}/68963_2.png",
        "created_at": "2025-01-27T15:06:04.056Z",
        "cooked": "<p>Good evening, I have submitted my GA1 in the ex website<br>\n<div class=\"lightbox-wrapper\"><a class=\"lightbox\" href=\"https://europe1.discourse-cdn.com/flex013/uploads/iitm/original/3X/2/4/248ba6ca7a631c6575fff25f803101db067308f7.png\" data-download-href=\"/uploads/short-url/5dioeP31iCKnQvXXnXFCwPM0t3F.png?dl=1\" title=\"image\" rel=\"noopener nofollow ugc\"><img src=\"https://europe1.discourse-cdn.com/flex013/uploads/iitm/optimized/3X/2/4/248ba6ca7a631c6575fff25f803101db067308f7_2_690x322.png\" alt=\"image\" data-base62-sha1=\"5dioeP31iCKnQvXXnXFCwPM0t3F\" width=\"690\" height=\"322\" srcset=\"https://europe1.discourse-cdn.com/flex013/uploads/iitm/optimized/3X/2/4/248ba6ca7a631c6575fff25f803101db067308f7_2_690x322.png, https://europe1.discourse-cdn.com/flex013/uploads/iitm/optimized/3X/2/4/248ba6ca7a631c6575fff25f803101db067308f7_2_1035x483.png 1.5x, https://europe1.discourse-cdn.com/flex013/uploads/iitm/optimized/3X/2/4/248ba6ca7a631c6575fff25f803101db067308f7_2_1380x644.png 2x\" data-dominant-color=\"25292C\"><div class=\"meta\"><svg class=\"fa d-icon d-icon-far-image svg-icon\" aria-hidden=\"true\"><use href=\"#far-image\"></use></svg><span class=\"filename\">image</span><span class=\"informations\">1895×885 65.2 KB</span><svg class=\"fa d-icon d-icon-discourse-expand svg-icon\" aria-hidden=\"true\"><use href=\"#discourse-expand\"></use></svg></div></a></div>I<br>\nhowever, I was unable to submit [press the yes] on the iitm TDS coursework site.<br>\nI just wanted to confirm that my assignment will be graded and taken into consideration.<br>\nThank you</p>",
        "post_number": 13,
        "post_type": 1,
        "posts_count": 24,
        "updated_at": "2025-01-28T08:04:54.101Z",
        "reply_count": 2,
        "reply_to_post_number": null,
        "quote_count": 0,
        "incoming_link_count": 0,
        "reads": 35,
        "readers_count": 34,
        "score": 16.8,
        "yours": false,
        "topic_id": 165396,
        "topic_slug": "graded-assignment-1-submission-not-shown",
        "display_username": "Pranaav",
        "primary_group_name": "ds-students",
        "flair_name": "ds-students",
        "flair_url": null,
        "flair_bg_color": "",
        "flair_color": "",
        "flair_group_id": 294,
        "badges_granted": [],
        "version": 1,
        "can_edit": false,
        "can_delete": false,
        "can_recover": false,
        "can_see_hidden_post": false,
        "can_wiki": false,
        "link_counts": [
          {
            "url": "https://discourse.onlinedegree.iitm.ac.in/t/ga1-development-tools-discussion-thread-tds-jan-2025/161083/126",
            "internal": true,
            "reflection": true,
            "title": "GA1 - Development Tools - Discussion Thread [TDS Jan 2025]",
            "clicks": 0
          }
        ],
        "read": false,
        "user_title": null,
        "bookmarked": false,
        "actions_summary": [
          {
            "id": 2,
            "can_act": true
          },
          {
            "id": 6,
            "can_act": true
          },
          {
            "id": 3,
            "can_act": true
          },
          {
            "id": 4,
            "can_act": true
          },
          {
            "id": 8,
            "can_act": true
          },
          {
            "id": 10,
            "can_act": true
          },
          {
            "id": 7,
            "can_act": true
          }
        ],
        "moderator": false,
        "admin": false,
        "staff": false,
        "user_id": 17135,
        "hidden": false,
        "trust_level": 1,
        "deleted_at": null,
        "user_deleted": false,
        "edit_reason": null,
        "can_view_edit_history": true,
        "wiki": false,
        "post_url": "/t/graded-assignment-1-submission-not-shown/165396/13",
        "user_cakedate": "2023-06-02",
        "reactions": [],
        "current_user_reaction": null,
        "reaction_users_count": 0,
        "current_user_used_main_reaction": false,
        "can_accept_answer": false,
        "can_unaccept_answer": false,
        "accepted_answer": false,
        "topic_accepted_answer": null
      },
      {
        "id": 586882,
        "name": "Kevin Jose Edacheril",
        "username": "22f3001365",
        "avatar_template": "/user_avatar/discourse.onlinedegree.iitm.ac.in/22f3001365/{size}/67184_2.png",
        "created_at": "2025-01-27T17:53:42.723Z",
        "cooked": "<p>hi<br>\neven i have faced the same issue</p>",
        "post_number": 14,
        "post_type": 1,
        "posts_count": 24,
        "updated_at": "2025-01-28T08:04:54.105Z",
        "reply_count": 0,
        "reply_to_post_number": 13,
        "quote_count": 0,
        "incoming_link_count": 0,
        "reads": 34,
        "readers_count": 33,
        "score": 6.6,
        "yours": false,
        "topic_id": 165396,
        "topic_slug": "graded-assignment-1-submission-not-shown",
        "display_username": "Kevin Jose Edacheril",
        "primary_group_name": "ds-students",
        "flair_name": "ds-students",
        "flair_url": null,
        "flair_bg_color": "",
        "flair_color": "",
        "flair_group_id": 294,
        "badges_granted": [],
        "version": 1,
        "can_edit": false,
        "can_delete": false,
        "can_recover": false,
        "can_see_hidden_post": false,
        "can_wiki": false,
        "read": false,
        "user_title": null,
        "reply_to_user": {
          "id": 17135,
          "username": "23f1002223",
          "name": "Pranaav",
          "avatar_template": "/user_avatar/discourse.onlinedegree.iitm.ac.in/23f1002223/{size}/68963_2.png"
        },
        "bookmarked": false,
        "actions_summary": [
          {
            "id": 2,
            "can_act": true
          },
          {
            "id": 6,
            "can_act": true
          },
          {
            "id": 3,
            "can_act": true
          },
          {
            "id": 4,
            "can_act": true
          },
          {
            "id": 8,
            "can_act": true
          },
          {
            "id": 10,
            "can_act": true
          },
          {
            "id": 7,
            "can_act": true
          }
        ],
        "moderator": false,
        "admin": false,
        "staff": false,
        "user_id": 17673,
        "hidden": false,
        "trust_level": 1,
        "deleted_at": null,
        "user_deleted": false,
        "edit_reason": null,
        "can_view_edit_history": true,
        "wiki": false,
        "post_url": "/t/graded-assignment-1-submission-not-shown/165396/14",
        "user_cakedate": "2023-06-03",
        "reactions": [],
        "current_user_reaction": null,
        "reaction_users_count": 0,
        "current_user_used_main_reaction": false,
        "can_accept_answer": false,
        "can_unaccept_answer": false,
        "accepted_answer": false,
        "topic_accepted_answer": null
      },
      {
        "id": 587009,
        "name": "Anshuman Dave",
        "username": "Anshuman_Dave",
        "avatar_template": "/user_avatar/discourse.onlinedegree.iitm.ac.in/anshuman_dave/{size}/66858_2.png",
        "created_at": "2025-01-28T06:14:06.723Z",
        "cooked": "<p><a class=\"mention\" href=\"/u/jivraj\">@Jivraj</a> <a class=\"mention\" href=\"/u/carlton\">@carlton</a> I had made my submission for GA1 on the website and also secured 9/10, image attached as shown. But in the course dashboard i missed out on the trivial step of clicking Yes. Since i am also logged in from my email on the evaluatio website and my score is saved, can iT PLEASE be considered for evaluation.<br>\n<div class=\"lightbox-wrapper\"><a class=\"lightbox\" href=\"https://europe1.discourse-cdn.com/flex013/uploads/iitm/original/3X/a/1/a19db9b2ea7ddf2313099689f75e46080efce62e.png\" data-download-href=\"/uploads/short-url/n3INsPMuX4ocV8MF14C19a948to.png?dl=1\" title=\"image\" rel=\"noopener nofollow ugc\"><img src=\"https://europe1.discourse-cdn.com/flex013/uploads/iitm/optimized/3X/a/1/a19db9b2ea7ddf2313099689f75e46080efce62e_2_617x500.png\" alt=\"image\" data-base62-sha1=\"n3INsPMuX4ocV8MF14C19a948to\" width=\"617\" height=\"500\" srcset=\"https://europe1.discourse-cdn.com/flex013/uploads/iitm/optimized/3X/a/1/a19db9b2ea7ddf2313099689f75e46080efce62e_2_617x500.png, https://europe1.discourse-cdn.com/flex013/uploads/iitm/original/3X/a/1/a19db9b2ea7ddf2313099689f75e46080efce62e.png 1.5x, https://europe1.discourse-cdn.com/flex013/uploads/iitm/original/3X/a/1/a19db9b2ea7ddf2313099689f75e46080efce62e.png 2x\" data-dominant-color=\"858B8A\"><div class=\"meta\"><svg class=\"fa d-icon d-icon-far-image svg-icon\" aria-hidden=\"true\"><use href=\"#far-image\"></use></svg><span class=\"filename\">image</span><span class=\"informations\">856×693 86.9 KB</span><svg class=\"fa d-icon d-icon-discourse-expand svg-icon\" aria-hidden=\"true\"><use href=\"#discourse-expand\"></use></svg></div></a></div></p>",
        "post_number": 15,
        "post_type": 1,
        "posts_count": 24,
        "updated_at": "2025-01-28T08:04:54.108Z",
        "reply_count": 0,
        "reply_to_post_number": null,
        "quote_count": 0,
        "incoming_link_count": 0,
        "reads": 32,
        "readers_count": 31,
        "score": 6.2,
        "yours": false,
        "topic_id": 165396,
        "topic_slug": "graded-assignment-1-submission-not-shown",
        "display_username": "Anshuman Dave",
        "primary_group_name": "ds-students",
        "flair_name": "ds-students",
        "flair_url": null,
        "flair_bg_color": "",
        "flair_color": "",
        "flair_group_id": 294,
        "badges_granted": [],
        "version": 1,
        "can_edit": false,
        "can_delete": false,
        "can_recover": false,
        "can_see_hidden_post": false,
        "can_wiki": false,
        "read": false,
        "user_title": null,
        "bookmarked": false,
        "actions_summary": [
          {
            "id": 2,
            "can_act": true
          },
          {
            "id": 6,
            "can_act": true
          },
          {
            "id": 3,
            "can_act": true
          },
          {
            "id": 4,
            "can_act": true
          },
          {
            "id": 8,
            "can_act": true
          },
          {
            "id": 10,
            "can_act": true
          },
          {
            "id": 7,
            "can_act": true
          }
        ],
        "moderator": false,
        "admin": false,
        "staff": false,
        "user_id": 21217,
        "hidden": false,
        "trust_level": 0,
        "deleted_at": null,
        "user_deleted": false,
        "edit_reason": null,
        "can_view_edit_history": true,
        "wiki": false,
        "post_url": "/t/graded-assignment-1-submission-not-shown/165396/15",
        "user_cakedate": "2023-06-28",
        "reactions": [],
        "current_user_reaction": null,
        "reaction_users_count": 0,
        "current_user_used_main_reaction": false,
        "can_accept_answer": false,
        "can_unaccept_answer": false,
        "accepted_answer": false,
        "topic_accepted_answer": null
      },
      {
        "id": 587078,
        "name": "Carlton D'Silva",
        "username": "carlton",
        "avatar_template": "/user_avatar/discourse.onlinedegree.iitm.ac.in/carlton/{size}/56317_2.png",
        "created_at": "2025-01-28T08:06:59.187Z",
        "cooked": "<p><a class=\"mention\" href=\"/u/thinesh\">@Thinesh</a> <a class=\"mention\" href=\"/u/23f1002223\">@23f1002223</a> <a class=\"mention\" href=\"/u/22f3001365\">@22f3001365</a> <a class=\"mention\" href=\"/u/anshuman_dave\">@Anshuman_Dave</a></p>\n<aside class=\"quote\" data-post=\"2\" data-topic=\"165396\">\n  <div class=\"title\">\n    <div class=\"quote-controls\"></div>\n    <img alt=\"\" width=\"24\" height=\"24\" src=\"https://dub1.discourse-cdn.com/flex013/user_avatar/discourse.onlinedegree.iitm.ac.in/carlton/48/56317_2.png\" class=\"avatar\">\n    <a href=\"https://discourse.onlinedegree.iitm.ac.in/t/graded-assignment-1-submission-not-shown/165396/2\">Graded assignment 1 - Submission not shown</a> <a class=\"badge-category__wrapper \" href=\"/c/courses/tds-kb/34\"><span data-category-id=\"34\" style=\"--category-badge-color: #0088CC; --category-badge-text-color: #FFFFFF; --parent-category-badge-color: #3AB54A;\" data-parent-category-id=\"9\" data-drop-close=\"true\" class=\"badge-category --has-parent\" title=\"This category is created to address subject-specific queries related to Tools in Data Science\"><span class=\"badge-category__name\">Tools in Data Science</span></span></a>\n  </div>\n  <blockquote>\n    <a class=\"mention\" href=\"/u/muthupalaniappan\">@Muthupalaniappan</a> \nIt is saying you did not attempt it because you did not answer the seek portal question. \nYou are not graded on the seek portal question. It only exists to make sure you saw the GA and attempted it. You are only graded on your submission of GA1 on the actual assignment page where your last saved submission is used for grading. \nKind regards\n  </blockquote>\n</aside>\n\n<p>Please refer to this post.</p>\n<p>Kind regards</p>",
        "post_number": 16,
        "post_type": 1,
        "posts_count": 24,
        "updated_at": "2025-01-28T08:06:59.187Z",
        "reply_count": 0,
        "reply_to_post_number": 13,
        "quote_count": 0,
        "incoming_link_count": 0,
        "reads": 27,
        "readers_count": 26,
        "score": 35.2,
        "yours": false,
        "topic_id": 165396,
        "topic_slug": "graded-assignment-1-submission-not-shown",
        "display_username": "Carlton D'Silva",
        "primary_group_name": "ds-students",
        "flair_name": "ds-students",
        "flair_url": null,
        "flair_bg_color": "",
        "flair_color": "",
        "flair_group_id": 294,
        "badges_granted": [],
        "version": 1,
        "can_edit": false,
        "can_delete": false,
        "can_recover": false,
        "can_see_hidden_post": false,
        "can_wiki": false,
        "read": false,
        "user_title": "Regular",
        "title_is_group": false,
        "reply_to_user": {
          "id": 17135,
          "username": "23f1002223",
          "name": "Pranaav",
          "avatar_template": "/user_avatar/discourse.onlinedegree.iitm.ac.in/23f1002223/{size}/68963_2.png"
        },
        "bookmarked": false,
        "actions_summary": [
          {
            "id": 2,
            "count": 2,
            "can_act": true
          },
          {
            "id": 6,
            "can_act": true
          },
          {
            "id": 3,
            "can_act": true
          },
          {
            "id": 4,
            "can_act": true
          },
          {
            "id": 8,
            "can_act": true
          },
          {
            "id": 10,
            "can_act": true
          },
          {
            "id": 7,
            "can_act": true
          }
        ],
        "moderator": false,
        "admin": false,
        "staff": false,
        "group_moderator": true,
        "user_id": 16094,
        "hidden": false,
        "trust_level": 3,
        "deleted_at": null,
        "user_deleted": false,
        "edit_reason": null,
        "can_view_edit_history": true,
        "wiki": false,
        "post_url": "/t/graded-assignment-1-submission-not-shown/165396/16",
        "user_cakedate": "2023-01-25",
        "reactions": [
          {
            "id": "heart",
            "type": "emoji",
            "count": 2
          }
        ],
        "current_user_reaction": null,
        "reaction_users_count": 2,
        "current_user_used_main_reaction": false,
        "can_accept_answer": false,
        "can_unaccept_answer": false,
        "accepted_answer": false,
        "topic_accepted_answer": null
      },
      {
        "id": 587730,
        "name": "MANAN SHAH",
        "username": "Mandy",
        "avatar_template": "/user_avatar/discourse.onlinedegree.iitm.ac.in/mandy/{size}/119300_2.png",
        "created_at": "2025-01-29T19:53:05.212Z",
        "cooked": "<p><div class=\"lightbox-wrapper\"><a class=\"lightbox\" href=\"https://europe1.discourse-cdn.com/flex013/uploads/iitm/original/3X/5/b/5b76445eee9ba8c37095e6283e8a59cdcfa92a63.png\" data-download-href=\"/uploads/short-url/d36POZP6aGSBQsL8gJyTyUtRfgv.png?dl=1\" title=\"image\" rel=\"noopener nofollow ugc\"><img src=\"https://europe1.discourse-cdn.com/flex013/uploads/iitm/optimized/3X/5/b/5b76445eee9ba8c37095e6283e8a59cdcfa92a63_2_554x499.png\" alt=\"image\" data-base62-sha1=\"d36POZP6aGSBQsL8gJyTyUtRfgv\" width=\"554\" height=\"499\" srcset=\"https://europe1.discourse-cdn.com/flex013/uploads/iitm/optimized/3X/5/b/5b76445eee9ba8c37095e6283e8a59cdcfa92a63_2_554x499.png, https://europe1.discourse-cdn.com/flex013/uploads/iitm/optimized/3X/5/b/5b76445eee9ba8c37095e6283e8a59cdcfa92a63_2_831x748.png 1.5x, https://europe1.discourse-cdn.com/flex013/uploads/iitm/original/3X/5/b/5b76445eee9ba8c37095e6283e8a59cdcfa92a63.png 2x\" data-dominant-color=\"F0ECED\"><div class=\"meta\"><svg class=\"fa d-icon d-icon-far-image svg-icon\" aria-hidden=\"true\"><use href=\"#far-image\"></use></svg><span class=\"filename\">image</span><span class=\"informations\">941×849 35.1 KB</span><svg class=\"fa d-icon d-icon-discourse-expand svg-icon\" aria-hidden=\"true\"><use href=\"#discourse-expand\"></use></svg></div></a></div></p>",
        "post_number": 17,
        "post_type": 1,
        "posts_count": 24,
        "updated_at": "2025-01-30T03:58:49.840Z",
        "reply_count": 0,
        "reply_to_post_number": null,
        "quote_count": 0,
        "incoming_link_count": 0,
        "reads": 16,
        "readers_count": 15,
        "score": 3.0,
        "yours": false,
        "topic_id": 165396,
        "topic_slug": "graded-assignment-1-submission-not-shown",
        "display_username": "MANAN SHAH",
        "primary_group_name": "ds-students",
        "flair_name": "ds-students",
        "flair_url": null,
        "flair_bg_color": "",
        "flair_color": "",
        "flair_group_id": 294,
        "badges_granted": [],
        "version": 1,
        "can_edit": false,
        "can_delete": false,
        "can_recover": false,
        "can_see_hidden_post": false,
        "can_wiki": false,
        "read": false,
        "user_title": null,
        "bookmarked": false,
        "actions_summary": [
          {
            "id": 2,
            "can_act": true
          },
          {
            "id": 6,
            "can_act": true
          },
          {
            "id": 3,
            "can_act": true
          },
          {
            "id": 4,
            "can_act": true
          },
          {
            "id": 8,
            "can_act": true
          },
          {
            "id": 10,
            "can_act": true
          },
          {
            "id": 7,
            "can_act": true
          }
        ],
        "moderator": false,
        "admin": false,
        "staff": false,
        "user_id": 27512,
        "hidden": false,
        "trust_level": 0,
        "deleted_at": null,
        "user_deleted": false,
        "edit_reason": null,
        "can_view_edit_history": true,
        "wiki": false,
        "post_url": "/t/graded-assignment-1-submission-not-shown/165396/17",
        "user_cakedate": "2024-02-06",
        "reactions": [],
        "current_user_reaction": null,
        "reaction_users_count": 0,
        "current_user_used_main_reaction": false,
        "can_accept_answer": false,
        "can_unaccept_answer": false,
        "accepted_answer": false,
        "topic_accepted_answer": null
      },
      {
        "id": 587729,
        "name": "Carlton D'Silva",
        "username": "carlton",
        "avatar_template": "/user_avatar/discourse.onlinedegree.iitm.ac.in/carlton/{size}/56317_2.png",
        "created_at": "2025-01-30T03:58:21.931Z",
        "cooked": "<p>Hi Mandy,</p>\n<p>Your scores will be pushed to the Dashboard from your saved submissions. Ignore the seek Portal result (that was a placeholder question to make students aware that GA had been released).</p>\n<p>Kind regards</p>",
        "post_number": 18,
        "post_type": 1,
        "posts_count": 24,
        "updated_at": "2025-01-30T03:58:49.995Z",
        "reply_count": 1,
        "reply_to_post_number": null,
        "quote_count": 0,
        "incoming_link_count": 0,
        "reads": 17,
        "readers_count": 16,
        "score": 8.2,
        "yours": false,
        "topic_id": 165396,
        "topic_slug": "graded-assignment-1-submission-not-shown",
        "display_username": "Carlton D'Silva",
        "primary_group_name": "ds-students",
        "flair_name": "ds-students",
        "flair_url": null,
        "flair_bg_color": "",
        "flair_color": "",
        "flair_group_id": 294,
        "badges_granted": [],
        "version": 1,
        "can_edit": false,
        "can_delete": false,
        "can_recover": false,
        "can_see_hidden_post": false,
        "can_wiki": false,
        "read": false,
        "user_title": "Regular",
        "title_is_group": false,
        "bookmarked": false,
        "actions_summary": [
          {
            "id": 2,
            "can_act": true
          },
          {
            "id": 6,
            "can_act": true
          },
          {
            "id": 3,
            "can_act": true
          },
          {
            "id": 4,
            "can_act": true
          },
          {
            "id": 8,
            "can_act": true
          },
          {
            "id": 10,
            "can_act": true
          },
          {
            "id": 7,
            "can_act": true
          }
        ],
        "moderator": false,
        "admin": false,
        "staff": false,
        "group_moderator": true,
        "user_id": 16094,
        "hidden": false,
        "trust_level": 3,
        "deleted_at": null,
        "user_deleted": false,
        "edit_reason": null,
        "can_view_edit_history": true,
        "wiki": false,
        "post_url": "/t/graded-assignment-1-submission-not-shown/165396/18",
        "user_cakedate": "2023-01-25",
        "reactions": [],
        "current_user_reaction": null,
        "reaction_users_count": 0,
        "current_user_used_main_reaction": false,
        "can_accept_answer": false,
        "can_unaccept_answer": false,
        "accepted_answer": false,
        "topic_accepted_answer": null
      },
      {
        "id": 587858,
        "name": "Shikha",
        "username": "23ds2000134",
        "avatar_template": "/user_avatar/discourse.onlinedegree.iitm.ac.in/23ds2000134/{size}/67327_2.png",
        "created_at": "2025-01-30T11:29:14.181Z",
        "cooked": "<p>I have done my GA1 and scored 10/10 still it’s showing 0 on my dashboard.<br>\n<div class=\"lightbox-wrapper\"><a class=\"lightbox\" href=\"https://europe1.discourse-cdn.com/flex013/uploads/iitm/original/3X/f/2/f243581ee96bbe3cf7d61045cac975ed7e2c662d.jpeg\" data-download-href=\"/uploads/short-url/yz9PATmpvHfJujLPkMGcJWUqk4R.jpeg?dl=1\" title=\"GA1\" rel=\"noopener nofollow ugc\"><img src=\"https://europe1.discourse-cdn.com/flex013/uploads/iitm/optimized/3X/f/2/f243581ee96bbe3cf7d61045cac975ed7e2c662d_2_690x362.jpeg\" alt=\"GA1\" data-base62-sha1=\"yz9PATmpvHfJujLPkMGcJWUqk4R\" width=\"690\" height=\"362\" srcset=\"https://europe1.discourse-cdn.com/flex013/uploads/iitm/optimized/3X/f/2/f243581ee96bbe3cf7d61045cac975ed7e2c662d_2_690x362.jpeg, https://europe1.discourse-cdn.com/flex013/uploads/iitm/optimized/3X/f/2/f243581ee96bbe3cf7d61045cac975ed7e2c662d_2_1035x543.jpeg 1.5x, https://europe1.discourse-cdn.com/flex013/uploads/iitm/optimized/3X/f/2/f243581ee96bbe3cf7d61045cac975ed7e2c662d_2_1380x724.jpeg 2x\" data-dominant-color=\"525C79\"><div class=\"meta\"><svg class=\"fa d-icon d-icon-far-image svg-icon\" aria-hidden=\"true\"><use href=\"#far-image\"></use></svg><span class=\"filename\">GA1</span><span class=\"informations\">1519×799 75.2 KB</span><svg class=\"fa d-icon d-icon-discourse-expand svg-icon\" aria-hidden=\"true\"><use href=\"#discourse-expand\"></use></svg></div></a></div></p>",
        "post_number": 19,
        "post_type": 1,
        "posts_count": 24,
        "updated_at": "2025-01-30T11:29:14.181Z",
        "reply_count": 1,
        "reply_to_post_number": 18,
        "quote_count": 0,
        "incoming_link_count": 0,
        "reads": 17,
        "readers_count": 16,
        "score": 7.8,
        "yours": false,
        "topic_id": 165396,
        "topic_slug": "graded-assignment-1-submission-not-shown",
        "display_username": "Shikha",
        "primary_group_name": "ds-students",
        "flair_name": "ds-students",
        "flair_url": null,
        "flair_bg_color": "",
        "flair_color": "",
        "flair_group_id": 294,
        "badges_granted": [],
        "version": 1,
        "can_edit": false,
        "can_delete": false,
        "can_recover": false,
        "can_see_hidden_post": false,
        "can_wiki": false,
        "read": false,
        "user_title": null,
        "reply_to_user": {
          "id": 16094,
          "username": "carlton",
          "name": "Carlton D'Silva",
          "avatar_template": "/user_avatar/discourse.onlinedegree.iitm.ac.in/carlton/{size}/56317_2.png"
        },
        "bookmarked": false,
        "actions_summary": [
          {
            "id": 2,
            "can_act": true
          },
          {
            "id": 6,
            "can_act": true
          },
          {
            "id": 3,
            "can_act": true
          },
          {
            "id": 4,
            "can_act": true
          },
          {
            "id": 8,
            "can_act": true
          },
          {
            "id": 10,
            "can_act": true
          },
          {
            "id": 7,
            "can_act": true
          }
        ],
        "moderator": false,
        "admin": false,
        "staff": false,
        "user_id": 25551,
        "hidden": false,
        "trust_level": 0,
        "deleted_at": null,
        "user_deleted": false,
        "edit_reason": null,
        "can_view_edit_history": true,
        "wiki": false,
        "post_url": "/t/graded-assignment-1-submission-not-shown/165396/19",
        "user_cakedate": "2024-01-21",
        "reactions": [],
        "current_user_reaction": null,
        "reaction_users_count": 0,
        "current_user_used_main_reaction": false,
        "can_accept_answer": false,
        "can_unaccept_answer": false,
        "accepted_answer": false,
        "topic_accepted_answer": null
      },
      {
        "id": 587859,
        "name": "Shikha",
        "username": "23ds2000134",
        "avatar_template": "/user_avatar/discourse.onlinedegree.iitm.ac.in/23ds2000134/{size}/67327_2.png",
        "created_at": "2025-01-30T11:30:13.099Z",
        "cooked": "<p><div class=\"lightbox-wrapper\"><a class=\"lightbox\" href=\"https://europe1.discourse-cdn.com/flex013/uploads/iitm/original/3X/8/1/81b642f0e6a2339dc3c900958ff5255f59b79243.jpeg\" data-download-href=\"/uploads/short-url/ivu5oUw0W30mJy1VC3JIJoVT74n.jpeg?dl=1\" title=\"TDS GA1\" rel=\"noopener nofollow ugc\"><img src=\"https://europe1.discourse-cdn.com/flex013/uploads/iitm/optimized/3X/8/1/81b642f0e6a2339dc3c900958ff5255f59b79243_2_690x237.jpeg\" alt=\"TDS GA1\" data-base62-sha1=\"ivu5oUw0W30mJy1VC3JIJoVT74n\" width=\"690\" height=\"237\" srcset=\"https://europe1.discourse-cdn.com/flex013/uploads/iitm/optimized/3X/8/1/81b642f0e6a2339dc3c900958ff5255f59b79243_2_690x237.jpeg, https://europe1.discourse-cdn.com/flex013/uploads/iitm/optimized/3X/8/1/81b642f0e6a2339dc3c900958ff5255f59b79243_2_1035x355.jpeg 1.5x, https://europe1.discourse-cdn.com/flex013/uploads/iitm/original/3X/8/1/81b642f0e6a2339dc3c900958ff5255f59b79243.jpeg 2x\" data-dominant-color=\"F6F6F7\"><div class=\"meta\"><svg class=\"fa d-icon d-icon-far-image svg-icon\" aria-hidden=\"true\"><use href=\"#far-image\"></use></svg><span class=\"filename\">TDS GA1</span><span class=\"informations\">1080×371 18.9 KB</span><svg class=\"fa d-icon d-icon-discourse-expand svg-icon\" aria-hidden=\"true\"><use href=\"#discourse-expand\"></use></svg></div></a></div><br>\nWrong GA1 score on my dashboard</p>",
        "post_number": 20,
        "post_type": 1,
        "posts_count": 24,
        "updated_at": "2025-01-30T11:30:13.099Z",
        "reply_count": 1,
        "reply_to_post_number": 19,
        "quote_count": 0,
        "incoming_link_count": 0,
        "reads": 18,
        "readers_count": 17,
        "score": 8.0,
        "yours": false,
        "topic_id": 165396,
        "topic_slug": "graded-assignment-1-submission-not-shown",
        "display_username": "Shikha",
        "primary_group_name": "ds-students",
        "flair_name": "ds-students",
        "flair_url": null,
        "flair_bg_color": "",
        "flair_color": "",
        "flair_group_id": 294,
        "badges_granted": [],
        "version": 1,
        "can_edit": false,
        "can_delete": false,
        "can_recover": false,
        "can_see_hidden_post": false,
        "can_wiki": false,
        "read": false,
        "user_title": null,
        "reply_to_user": {
          "id": 25551,
          "username": "23ds2000134",
          "name": "Shikha",
          "avatar_template": "/user_avatar/discourse.onlinedegree.iitm.ac.in/23ds2000134/{size}/67327_2.png"
        },
        "bookmarked": false,
        "actions_summary": [
          {
            "id": 2,
            "can_act": true
          },
          {
            "id": 6,
            "can_act": true
          },
          {
            "id": 3,
            "can_act": true
          },
          {
            "id": 4,
            "can_act": true
          },
          {
            "id": 8,
            "can_act": true
          },
          {
            "id": 10,
            "can_act": true
          },
          {
            "id": 7,
            "can_act": true
          }
        ],
        "moderator": false,
        "admin": false,
        "staff": false,
        "user_id": 25551,
        "hidden": false,
        "trust_level": 0,
        "deleted_at": null,
        "user_deleted": false,
        "edit_reason": null,
        "can_view_edit_history": true,
        "wiki": false,
        "post_url": "/t/graded-assignment-1-submission-not-shown/165396/20",
        "user_cakedate": "2024-01-21",
        "reactions": [],
        "current_user_reaction": null,
        "reaction_users_count": 0,
        "current_user_used_main_reaction": false,
        "can_accept_answer": false,
        "can_unaccept_answer": false,
        "accepted_answer": false,
        "topic_accepted_answer": null
      },
      {
        "id": 587860,
        "name": "Carlton D'Silva",
        "username": "carlton",
        "avatar_template": "/user_avatar/discourse.onlinedegree.iitm.ac.in/carlton/{size}/56317_2.png",
        "created_at": "2025-01-30T11:31:53.516Z",
        "cooked": "<p>Thats not the dashboard.</p>\n<p>We have checked your submissions. Unfortunately your last submission was 0 (on the 19th of Jan). Only the last submission is considered for evaluation not the previous ones.</p>\n<p>Kind regards</p>",
        "post_number": 21,
        "post_type": 1,
        "posts_count": 24,
        "updated_at": "2025-01-30T12:02:21.906Z",
        "reply_count": 0,
        "reply_to_post_number": 20,
        "quote_count": 0,
        "incoming_link_count": 1,
        "reads": 17,
        "readers_count": 16,
        "score": 7.8,
        "yours": false,
        "topic_id": 165396,
        "topic_slug": "graded-assignment-1-submission-not-shown",
        "display_username": "Carlton D'Silva",
        "primary_group_name": "ds-students",
        "flair_name": "ds-students",
        "flair_url": null,
        "flair_bg_color": "",
        "flair_color": "",
        "flair_group_id": 294,
        "badges_granted": [],
        "version": 2,
        "can_edit": false,
        "can_delete": false,
        "can_recover": false,
        "can_see_hidden_post": false,
        "can_wiki": false,
        "read": false,
        "user_title": "Regular",
        "title_is_group": false,
        "reply_to_user": {
          "id": 25551,
          "username": "23ds2000134",
          "name": "Shikha",
          "avatar_template": "/user_avatar/discourse.onlinedegree.iitm.ac.in/23ds2000134/{size}/67327_2.png"
        },
        "bookmarked": false,
        "actions_summary": [
          {
            "id": 2,
            "can_act": true
          },
          {
            "id": 6,
            "can_act": true
          },
          {
            "id": 3,
            "can_act": true
          },
          {
            "id": 4,
            "can_act": true
          },
          {
            "id": 8,
            "can_act": true
          },
          {
            "id": 10,
            "can_act": true
          },
          {
            "id": 7,
            "can_act": true
          }
        ],
        "moderator": false,
        "admin": false,
        "staff": false,
        "group_moderator": true,
        "user_id": 16094,
        "hidden": false,
        "trust_level": 3,
        "deleted_at": null,
        "user_deleted": false,
        "edit_reason": null,
        "can_view_edit_history": true,
        "wiki": false,
        "post_url": "/t/graded-assignment-1-submission-not-shown/165396/21",
        "user_cakedate": "2023-01-25",
        "reactions": [],
        "current_user_reaction": null,
        "reaction_users_count": 0,
        "current_user_used_main_reaction": false,
        "can_accept_answer": false,
        "can_unaccept_answer": false,
        "accepted_answer": false,
        "topic_accepted_answer": null
      },
      {
        "id": 587866,
        "name": "Shikha",
        "username": "23ds2000134",
        "avatar_template": "/user_avatar/discourse.onlinedegree.iitm.ac.in/23ds2000134/{size}/67327_2.png",
        "created_at": "2025-01-30T11:45:10.879Z",
        "cooked": "<p><div class=\"lightbox-wrapper\"><a class=\"lightbox\" href=\"https://europe1.discourse-cdn.com/flex013/uploads/iitm/original/3X/5/a/5a311ce46fe67e4ff4d6ace921923ea879a0ad16.png\" data-download-href=\"/uploads/short-url/cRSca2d57PNl1eLs7rxCWBrHkmW.png?dl=1\" title=\"Screenshot 2025-01-30 171404\" rel=\"noopener nofollow ugc\"><img src=\"https://europe1.discourse-cdn.com/flex013/uploads/iitm/original/3X/5/a/5a311ce46fe67e4ff4d6ace921923ea879a0ad16.png\" alt=\"Screenshot 2025-01-30 171404\" data-base62-sha1=\"cRSca2d57PNl1eLs7rxCWBrHkmW\" width=\"432\" height=\"321\"><div class=\"meta\"><svg class=\"fa d-icon d-icon-far-image svg-icon\" aria-hidden=\"true\"><use href=\"#far-image\"></use></svg><span class=\"filename\">Screenshot 2025-01-30 171404</span><span class=\"informations\">432×321 16.6 KB</span><svg class=\"fa d-icon d-icon-discourse-expand svg-icon\" aria-hidden=\"true\"><use href=\"#discourse-expand\"></use></svg></div></a></div></p>",
        "post_number": 22,
        "post_type": 1,
        "posts_count": 24,
        "updated_at": "2025-01-30T11:45:10.879Z",
        "reply_count": 1,
        "reply_to_post_number": 21,
        "quote_count": 0,
        "incoming_link_count": 7,
        "reads": 15,
        "readers_count": 14,
        "score": 42.8,
        "yours": false,
        "topic_id": 165396,
        "topic_slug": "graded-assignment-1-submission-not-shown",
        "display_username": "Shikha",
        "primary_group_name": "ds-students",
        "flair_name": "ds-students",
        "flair_url": null,
        "flair_bg_color": "",
        "flair_color": "",
        "flair_group_id": 294,
        "badges_granted": [],
        "version": 1,
        "can_edit": false,
        "can_delete": false,
        "can_recover": false,
        "can_see_hidden_post": false,
        "can_wiki": false,
        "read": false,
        "user_title": null,
        "reply_to_user": {
          "id": 16094,
          "username": "carlton",
          "name": "Carlton D'Silva",
          "avatar_template": "/user_avatar/discourse.onlinedegree.iitm.ac.in/carlton/{size}/56317_2.png"
        },
        "bookmarked": false,
        "actions_summary": [
          {
            "id": 2,
            "can_act": true
          },
          {
            "id": 6,
            "can_act": true
          },
          {
            "id": 3,
            "can_act": true
          },
          {
            "id": 4,
            "can_act": true
          },
          {
            "id": 8,
            "can_act": true
          },
          {
            "id": 10,
            "can_act": true
          },
          {
            "id": 7,
            "can_act": true
          }
        ],
        "moderator": false,
        "admin": false,
        "staff": false,
        "user_id": 25551,
        "hidden": false,
        "trust_level": 0,
        "deleted_at": null,
        "user_deleted": false,
        "edit_reason": null,
        "can_view_edit_history": true,
        "wiki": false,
        "post_url": "/t/graded-assignment-1-submission-not-shown/165396/22",
        "user_cakedate": "2024-01-21",
        "reactions": [],
        "current_user_reaction": null,
        "reaction_users_count": 0,
        "current_user_used_main_reaction": false,
        "can_accept_answer": false,
        "can_unaccept_answer": false,
        "accepted_answer": false,
        "topic_accepted_answer": null
      },
      {
        "id": 588259,
        "name": "Yogesh",
        "username": "Yogesh1",
        "avatar_template": "/user_avatar/discourse.onlinedegree.iitm.ac.in/yogesh1/{size}/32697_2.png",
        "created_at": "2025-01-31T12:49:22.938Z",
        "cooked": "<p><a class=\"mention\" href=\"/u/carlton\">@carlton</a> Why is there a mismatch between the scores?</p>\n<p><div class=\"lightbox-wrapper\"><a class=\"lightbox\" href=\"https://europe1.discourse-cdn.com/flex013/uploads/iitm/original/3X/0/2/02869c5a9b4b5d0439001d17a510bd9c32affa85.webp\" data-download-href=\"/uploads/short-url/mlm8UX7qD18XXPinIerdLrpmXr.webp?dl=1\" title=\"Capture\" rel=\"noopener nofollow ugc\"><img src=\"https://europe1.discourse-cdn.com/flex013/uploads/iitm/original/3X/0/2/02869c5a9b4b5d0439001d17a510bd9c32affa85.webp\" alt=\"Capture\" data-base62-sha1=\"mlm8UX7qD18XXPinIerdLrpmXr\" width=\"690\" height=\"110\" data-dominant-color=\"D5E8E0\"><div class=\"meta\"><svg class=\"fa d-icon d-icon-far-image svg-icon\" aria-hidden=\"true\"><use href=\"#far-image\"></use></svg><span class=\"filename\">Capture</span><span class=\"informations\">1348×216 3.75 KB</span><svg class=\"fa d-icon d-icon-discourse-expand svg-icon\" aria-hidden=\"true\"><use href=\"#discourse-expand\"></use></svg></div></a></div><br>\n<div class=\"lightbox-wrapper\"><a class=\"lightbox\" href=\"https://europe1.discourse-cdn.com/flex013/uploads/iitm/original/3X/4/f/4f00a86242ce2eeb6033fa33314eded01f78a0c3.webp\" data-download-href=\"/uploads/short-url/bgT81mwXfQjqgfwWFOQivllvQHh.webp?dl=1\" title=\"Capture2\" rel=\"noopener nofollow ugc\"><img src=\"https://europe1.discourse-cdn.com/flex013/uploads/iitm/original/3X/4/f/4f00a86242ce2eeb6033fa33314eded01f78a0c3.webp\" alt=\"Capture2\" data-base62-sha1=\"bgT81mwXfQjqgfwWFOQivllvQHh\" width=\"446\" height=\"240\"><div class=\"meta\"><svg class=\"fa d-icon d-icon-far-image svg-icon\" aria-hidden=\"true\"><use href=\"#far-image\"></use></svg><span class=\"filename\">Capture2</span><span class=\"informations\">446×240 12.6 KB</span><svg class=\"fa d-icon d-icon-discourse-expand svg-icon\" aria-hidden=\"true\"><use href=\"#discourse-expand\"></use></svg></div></a></div></p>",
        "post_number": 23,
        "post_type": 1,
        "posts_count": 24,
        "updated_at": "2025-01-31T12:49:22.938Z",
        "reply_count": 1,
        "reply_to_post_number": 22,
        "quote_count": 0,
        "incoming_link_count": 3,
        "reads": 14,
        "readers_count": 13,
        "score": 22.4,
        "yours": false,
        "topic_id": 165396,
        "topic_slug": "graded-assignment-1-submission-not-shown",
        "display_username": "Yogesh",
        "primary_group_name": "ds-students",
        "flair_name": "ds-students",
        "flair_url": null,
        "flair_bg_color": "",
        "flair_color": "",
        "flair_group_id": 294,
        "badges_granted": [],
        "version": 1,
        "can_edit": false,
        "can_delete": false,
        "can_recover": false,
        "can_see_hidden_post": false,
        "can_wiki": false,
        "read": false,
        "user_title": null,
        "reply_to_user": {
          "id": 25551,
          "username": "23ds2000134",
          "name": "Shikha",
          "avatar_template": "/user_avatar/discourse.onlinedegree.iitm.ac.in/23ds2000134/{size}/67327_2.png"
        },
        "bookmarked": false,
        "actions_summary": [
          {
            "id": 2,
            "can_act": true
          },
          {
            "id": 6,
            "can_act": true
          },
          {
            "id": 3,
            "can_act": true
          },
          {
            "id": 4,
            "can_act": true
          },
          {
            "id": 8,
            "can_act": true
          },
          {
            "id": 10,
            "can_act": true
          },
          {
            "id": 7,
            "can_act": true
          }
        ],
        "moderator": false,
        "admin": false,
        "staff": false,
        "user_id": 7795,
        "hidden": false,
        "trust_level": 1,
        "deleted_at": null,
        "user_deleted": false,
        "edit_reason": null,
        "can_view_edit_history": true,
        "wiki": false,
        "post_url": "/t/graded-assignment-1-submission-not-shown/165396/23",
        "user_cakedate": "2021-10-14",
        "reactions": [],
        "current_user_reaction": null,
        "reaction_users_count": 0,
        "current_user_used_main_reaction": false,
        "can_accept_answer": false,
        "can_unaccept_answer": false,
        "accepted_answer": false,
        "topic_accepted_answer": null
      },
      {
        "id": 588270,
        "name": "Carlton D'Silva",
        "username": "carlton",
        "avatar_template": "/user_avatar/discourse.onlinedegree.iitm.ac.in/carlton/{size}/56317_2.png",
        "created_at": "2025-01-31T13:42:02.551Z",
        "cooked": "<p>Hi Yogesh,</p>\n<p>There is no discrepancy, your last submission <em>before</em> the deadline was on 22nd Jan 8:14 pm. You scored 7.25, exactly as mentioned in your recent saves.</p>\n<p>The higher score was on the 27th of Jan <em>after</em> the deadline.</p>\n<p>Kind regards</p>",
        "post_number": 24,
        "post_type": 1,
        "posts_count": 24,
        "updated_at": "2025-01-31T13:42:20.157Z",
        "reply_count": 0,
        "reply_to_post_number": 23,
        "quote_count": 0,
        "incoming_link_count": 4,
        "reads": 15,
        "readers_count": 14,
        "score": 22.4,
        "yours": false,
        "topic_id": 165396,
        "topic_slug": "graded-assignment-1-submission-not-shown",
        "display_username": "Carlton D'Silva",
        "primary_group_name": "ds-students",
        "flair_name": "ds-students",
        "flair_url": null,
        "flair_bg_color": "",
        "flair_color": "",
        "flair_group_id": 294,
        "badges_granted": [],
        "version": 1,
        "can_edit": false,
        "can_delete": false,
        "can_recover": false,
        "can_see_hidden_post": false,
        "can_wiki": false,
        "read": false,
        "user_title": "Regular",
        "title_is_group": false,
        "reply_to_user": {
          "id": 7795,
          "username": "Yogesh1",
          "name": "Yogesh",
          "avatar_template": "/user_avatar/discourse.onlinedegree.iitm.ac.in/yogesh1/{size}/32697_2.png"
        },
        "bookmarked": false,
        "actions_summary": [
          {
            "id": 2,
            "can_act": true
          },
          {
            "id": 6,
            "can_act": true
          },
          {
            "id": 3,
            "can_act": true
          },
          {
            "id": 4,
            "can_act": true
          },
          {
            "id": 8,
            "can_act": true
          },
          {
            "id": 10,
            "can_act": true
          },
          {
            "id": 7,
            "can_act": true
          }
        ],
        "moderator": false,
        "admin": false,
        "staff": false,
        "group_moderator": true,
        "user_id": 16094,
        "hidden": false,
        "trust_level": 3,
        "deleted_at": null,
        "user_deleted": false,
        "edit_reason": null,
        "can_view_edit_history": true,
        "wiki": false,
        "post_url": "/t/graded-assignment-1-submission-not-shown/165396/24",
        "user_cakedate": "2023-01-25",
        "reactions": [],
        "current_user_reaction": null,
        "reaction_users_count": 0,
        "current_user_used_main_reaction": false,
        "can_accept_answer": false,
        "can_unaccept_answer": false,
        "accepted_answer": false,
        "topic_accepted_answer": null
      }
    ],
    "stream": [
      586492,
      586525,
      586571,
      586577,
      586589,
      586590,
      586663,
      586677,
      586747,
      586750,
      587073,
      587076,
      586827,
      586882,
      587009,
      587078,
      587730,
      587729,
      587858,
      587859,
      587860,
      587866,
      588259,
      588270
    ]
  },
  "timeline_lookup": [
    [
      1,
      125
    ],
    [
      3,
      124
    ],
    [
      11,
      123
    ],
    [
      13,
      124
    ],
    [
      15,
      123
    ],
    [
      17,
      122
    ],
    [
      18,
      121
    ],
    [
      23,
      120
    ]
  ],
  "tags": [
    "clarification",
    "operational",
    "course-selection",
    "diploma-level"
  ],
  "tags_descriptions": {},
  "id": 165396,
  "title": "Graded assignment 1 - Submission not shown",
  "fancy_title": "Graded assignment 1 - Submission not shown",
  "posts_count": 24,
  "created_at": "2025-01-26T19:31:14.591Z",
  "views": 116,
  "reply_count": 13,
  "like_count": 2,
  "last_posted_at": "2025-01-31T13:42:02.551Z",
  "visible": true,
  "closed": false,
  "archived": false,
  "has_summary": false,
  "archetype": "regular",
  "slug": "graded-assignment-1-submission-not-shown",
  "category_id": 34,
  "word_count": 948,
  "deleted_at": null,
  "user_id": 11218,
  "featured_link": null,
  "pinned_globally": false,
  "pinned_at": null,
  "pinned_until": null,
  "image_url": "https://europe1.discourse-cdn.com/flex013/uploads/iitm/optimized/3X/0/2/02d5c238cb5d933e537ef2c236c52132ffcfa333_2_1024x402.png",
  "slow_mode_seconds": 0,
  "draft": null,
  "draft_key": "topic_165396",
  "draft_sequence": 0,
  "unpinned": null,
  "pinned": false,
  "current_post_number": 1,
  "highest_post_number": 24,
  "deleted_by": null,
  "actions_summary": [
    {
      "id": 4,
      "count": 0,
      "hidden": false,
      "can_act": true
    },
    {
      "id": 8,
      "count": 0,
      "hidden": false,
      "can_act": true
    },
    {
      "id": 10,
      "count": 0,
      "hidden": false,
      "can_act": true
    },
    {
      "id": 7,
      "count": 0,
      "hidden": false,
      "can_act": true
    }
  ],
  "chunk_size": 20,
  "bookmarked": false,
  "topic_timer": null,
  "message_bus_last_id": 0,
  "participant_count": 13,
  "show_read_indicator": false,
  "thumbnails": [
    {
      "max_width": null,
      "max_height": null,
      "width": 1340,
      "height": 527,
      "url": "https://europe1.discourse-cdn.com/flex013/uploads/iitm/original/3X/0/2/02d5c238cb5d933e537ef2c236c52132ffcfa333.png"
    },
    {
      "max_width": 1024,
      "max_height": 1024,
      "width": 1024,
      "height": 402,
      "url": "https://europe1.discourse-cdn.com/flex013/uploads/iitm/optimized/3X/0/2/02d5c238cb5d933e537ef2c236c52132ffcfa333_2_1024x402.png"
    }
  ],
  "slow_mode_enabled_until": null,
  "tags_disable_ads": false,
  "related_topics": null,
  "summarizable": false,
  "valid_reactions": [
    "heart",
    "+1",
    "laughing",
    "open_mouth",
    "clap",
    "confetti_ball",
    "rocket",
    "-1"
  ],
  "can_vote": false,
  "vote_count": 0,
  "user_voted": false,
  "discourse_zendesk_plugin_zendesk_id": null,
  "discourse_zendesk_plugin_zendesk_url": "https://your-url.zendesk.com/agent/tickets/",
  "details": {
    "can_edit": false,
    "notification_level": 1,
    "can_create_post": true,
    "can_reply_as_new_topic": true,
    "can_flag_topic": true,
    "participants": [
      {
        "id": 16094,
        "username": "carlton",
        "name": "Carlton D'Silva",
        "avatar_template": "/user_avatar/discourse.onlinedegree.iitm.ac.in/carlton/{size}/56317_2.png",
        "post_count": 9,
        "primary_group_name": "ds-students",
        "flair_name": "ds-students",
        "flair_url": null,
        "flair_color": "",
        "flair_bg_color": "",
        "flair_group_id": 294,
        "trust_level": 3
      },
      {
        "id": 25551,
        "username": "23ds2000134",
        "name": "Shikha",
        "avatar_template": "/user_avatar/discourse.onlinedegree.iitm.ac.in/23ds2000134/{size}/67327_2.png",
        "post_count": 3,
        "primary_group_name": "ds-students",
        "flair_name": "ds-students",
        "flair_url": null,
        "flair_color": "",
        "flair_bg_color": "",
        "flair_group_id": 294,
        "trust_level": 0
      },
      {
        "id": 7762,
        "username": "21f3000599",
        "name": "Kundan Kumar",
        "avatar_template": "/user_avatar/discourse.onlinedegree.iitm.ac.in/21f3000599/{size}/981_2.png",
        "post_count": 2,
        "primary_group_name": "ds-students",
        "flair_name": "ds-students",
        "flair_url": null,
        "flair_color": "",
        "flair_bg_color": "",
        "flair_group_id": 294,
        "trust_level": 1
      },
      {
        "id": 11218,
        "username": "Muthupalaniappan",
        "name": "Muthupalaniappan",
        "avatar_template": "/user_avatar/discourse.onlinedegree.iitm.ac.in/muthupalaniappan/{size}/18686_2.png",
        "post_count": 1,
        "primary_group_name": "ds-students",
        "flair_name": "ds-students",
        "flair_url": null,
        "flair_color": "",
        "flair_bg_color": "",
        "flair_group_id": 294,
        "trust_level": 1
      },
      {
        "id": 17135,
        "username": "23f1002223",
        "name": "Pranaav",
        "avatar_template": "/user_avatar/discourse.onlinedegree.iitm.ac.in/23f1002223/{size}/68963_2.png",
        "post_count": 1,
        "primary_group_name": "ds-students",
        "flair_name": "ds-students",
        "flair_url": null,
        "flair_color": "",
        "flair_bg_color": "",
        "flair_group_id": 294,
        "trust_level": 1
      },
      {
        "id": 27901,
        "username": "Thinesh",
        "name": "Thinesh Kumar S",
        "avatar_template": "/user_avatar/discourse.onlinedegree.iitm.ac.in/thinesh/{size}/112079_2.png",
        "post_count": 1,
        "primary_group_name": "ds-students",
        "flair_name": "ds-students",
        "flair_url": null,
        "flair_color": "",
        "flair_bg_color": "",
        "flair_group_id": 294,
        "trust_level": 0
      },
      {
        "id": 16427,
        "username": "22f3002539",
        "name": "Atharva Athawale",
        "avatar_template": "/user_avatar/discourse.onlinedegree.iitm.ac.in/22f3002539/{size}/67405_2.png",
        "post_count": 1,
        "primary_group_name": "ds-students",
        "flair_name": "ds-students",
        "flair_url": null,
        "flair_color": "",
        "flair_bg_color": "",
        "flair_group_id": 294,
        "trust_level": 1
      },
      {
        "id": 21217,
        "username": "Anshuman_Dave",
        "name": "Anshuman Dave",
        "avatar_template": "/user_avatar/discourse.onlinedegree.iitm.ac.in/anshuman_dave/{size}/66858_2.png",
        "post_count": 1,
        "primary_group_name": "ds-students",
        "flair_name": "ds-students",
        "flair_url": null,
        "flair_color": "",
        "flair_bg_color": "",
        "flair_group_id": 294,
        "trust_level": 0
      },
      {
        "id": 26496,
        "username": "23f2005471",
        "name": "Khushi Shah",
        "avatar_template": "/user_avatar/discourse.onlinedegree.iitm.ac.in/23f2005471/{size}/68610_2.png",
        "post_count": 1,
        "primary_group_name": "ds-students",
        "flair_name": "ds-students",
        "flair_url": null,
        "flair_color": "",
        "flair_bg_color": "",
        "flair_group_id": 294,
        "trust_level": 1
      },
      {
        "id": 22552,
        "username": "Venkatesh_2k01",
        "name": "VENKATESWARLU THATHA ",
        "avatar_template": "/user_avatar/discourse.onlinedegree.iitm.ac.in/venkatesh_2k01/{size}/119822_2.png",
        "post_count": 1,
        "primary_group_name": "ds-students",
        "flair_name": "ds-students",
        "flair_url": null,
        "flair_color": "",
        "flair_bg_color": "",
        "flair_group_id": 294,
        "trust_level": 1
      },
      {
        "id": 17673,
        "username": "22f3001365",
        "name": "Kevin Jose Edacheril",
        "avatar_template": "/user_avatar/discourse.onlinedegree.iitm.ac.in/22f3001365/{size}/67184_2.png",
        "post_count": 1,
        "primary_group_name": "ds-students",
        "flair_name": "ds-students",
        "flair_url": null,
        "flair_color": "",
        "flair_bg_color": "",
        "flair_group_id": 294,
        "trust_level": 1
      },
      {
        "id": 7795,
        "username": "Yogesh1",
        "name": "Yogesh",
        "avatar_template": "/user_avatar/discourse.onlinedegree.iitm.ac.in/yogesh1/{size}/32697_2.png",
        "post_count": 1,
        "primary_group_name": "ds-students",
        "flair_name": "ds-students",
        "flair_url": null,
        "flair_color": "",
        "flair_bg_color": "",
        "flair_group_id": 294,
        "trust_level": 1
      },
      {
        "id": 27512,
        "username": "Mandy",
        "name": "MANAN SHAH",
        "avatar_template": "/user_avatar/discourse.onlinedegree.iitm.ac.in/mandy/{size}/119300_2.png",
        "post_count": 1,
        "primary_group_name": "ds-students",
        "flair_name": "ds-students",
        "flair_url": null,
        "flair_color": "",
        "flair_bg_color": "",
        "flair_group_id": 294,
        "trust_level": 0
      }
    ],
    "created_by": {
      "id": 11218,
      "username": "Muthupalaniappan",
      "name": "Muthupalaniappan",
      "avatar_template": "/user_avatar/discourse.onlinedegree.iitm.ac.in/muthupalaniappan/{size}/18686_2.png"
    },
    "last_poster": {
      "id": 16094,
      "username": "carlton",
      "name": "Carlton D'Silva",
      "avatar_template": "/user_avatar/discourse.onlinedegree.iitm.ac.in/carlton/{size}/56317_2.png"
    }
  },
  "pending_posts": [],
  "bookmarks": []
}