{
  "post_stream": {
    "posts": [
      {
        "id": 607882,
        "name": "SAKSHI PATHAK",
        "username": "Sakshi6479",
        "avatar_template": "/user_avatar/discourse.onlinedegree.iitm.ac.in/sakshi6479/{size}/110446_2.png",
        "created_at": "2025-03-17T17:58:43.946Z",
        "cooked": "<p>Sir,<br>\nI haven’t received bonus marks in ga4 as, i posted queries in discourse regarding ga4. I have scored 8 marks in ga4, but after bonus marks it should be 9, but in dashboard it is showing only 80 marks.<br>\nKindly, update my marks in dashboard.<br>\n<a class=\"mention\" href=\"/u/carlton\">@carlton</a> , <a class=\"mention\" href=\"/u/jivraj\">@Jivraj</a> , <a class=\"mention\" href=\"/u/saransh_saini\">@Saransh_Saini</a></p>",
        "post_number": 1,
        "post_type": 1,
        "posts_count": 2,
        "updated_at": "2025-03-19T23:18:11.501Z",
        "reply_count": 0,
        "reply_to_post_number": null,
        "quote_count": 0,
        "incoming_link_count": 1,
        "reads": 51,
        "readers_count": 50,
        "score": 14.0,
        "yours": false,
        "topic_id": 170309,
        "topic_slug": "ga4-bonus-marks",
        "display_username": "SAKSHI PATHAK",
        "primary_group_name": "ds-students",
        "flair_name": "ds-students",
        "flair_url": null,
        "flair_bg_color": "",
        "flair_color": "",
        "flair_group_id": 294,
        "badges_granted": [],
        "version": 2,
        "can_edit": false,
        "can_delete": false,
        "can_recover": false,
        "can_see_hidden_post": false,
        "can_wiki": false,
        "read": false,
        "user_title": null,
        "bookmarked": false,
        "actions_summary": [
          {
            "id": 2,
            "can_act": true
          },
          {
            "id": 6,
            "can_act": true
          },
          {
            "id": 3,
            "can_act": true
          },
          {
            "id": 4,
            "can_act": true
          },
          {
            "id": 8,
            "can_act": true
          },
          {
            "id": 10,
            "can_act": true
          },
          {
            "id": 7,
            "can_act": true
          }
        ],
        "moderator": false,
        "admin": false,
        "staff": false,
        "user_id": 40000,
        "hidden": false,
        "trust_level": 1,
        "deleted_at": null,
        "user_deleted": false,
        "edit_reason": null,
        "can_view_edit_history": true,
        "wiki": false,
        "post_url": "/t/ga4-bonus-marks/170309/1",
        "user_cakedate": "2024-10-04",
        "reactions": [],
        "current_user_reaction": null,
        "reaction_users_count": 0,
        "current_user_used_main_reaction": false,
        "can_accept_answer": false,
        "can_unaccept_answer": false,
        "accepted_answer": false,
        "topic_accepted_answer": true,
        "can_vote": false
      },
      {
        "id": 607968,
        "name": "Carlton D'Silva",
        "username": "carlton",
        "avatar_template": "/user_avatar/discourse.onlinedegree.iitm.ac.in/carlton/{size}/56317_2.png",
        "created_at": "2025-03-18T05:33:25.025Z",
        "cooked": "<p>Hi <a class=\"mention\" href=\"/u/sakshi6479\">@Sakshi6479</a>,</p>\n<p>You have not followed the instruction in GA4 for the bonus mark.</p>\n<p><div class=\"lightbox-wrapper\"><a class=\"lightbox\" href=\"https://europe1.discourse-cdn.com/flex013/uploads/iitm/original/3X/3/2/3205507ea43e03c25e60cdefccf830d9e1a803ed.png\" data-download-href=\"/uploads/short-url/78vg63NQeOCt2TA1QPF7QmnHAiF.png?dl=1\" title=\"Screenshot 2025-03-18 at 11.02.31 am\"><img src=\"https://europe1.discourse-cdn.com/flex013/uploads/iitm/optimized/3X/3/2/3205507ea43e03c25e60cdefccf830d9e1a803ed_2_689x60.png\" alt=\"Screenshot 2025-03-18 at 11.02.31 am\" data-base62-sha1=\"78vg63NQeOCt2TA1QPF7QmnHAiF\" width=\"689\" height=\"60\" srcset=\"https://europe1.discourse-cdn.com/flex013/uploads/iitm/optimized/3X/3/2/3205507ea43e03c25e60cdefccf830d9e1a803ed_2_689x60.png, https://europe1.discourse-cdn.com/flex013/uploads/iitm/optimized/3X/3/2/3205507ea43e03c25e60cdefccf830d9e1a803ed_2_1033x90.png 1.5x, https://europe1.discourse-cdn.com/flex013/uploads/iitm/optimized/3X/3/2/3205507ea43e03c25e60cdefccf830d9e1a803ed_2_1378x120.png 2x\" data-dominant-color=\"C7D9D1\"><div class=\"meta\"><svg class=\"fa d-icon d-icon-far-image svg-icon\" aria-hidden=\"true\"><use href=\"#far-image\"></use></svg><span class=\"filename\">Screenshot 2025-03-18 at 11.02.31 am</span><span class=\"informations\">2566×224 23.2 KB</span><svg class=\"fa d-icon d-icon-discourse-expand svg-icon\" aria-hidden=\"true\"><use href=\"#discourse-expand\"></use></svg></div></a></div></p>\n<p>We were given the list by Anand for all those that followed this instruction.</p>\n<p>That is why you have not received the bonus mark for GA4.</p>\n<p>Kind regards</p>",
        "post_number": 2,
        "post_type": 1,
        "posts_count": 2,
        "updated_at": "2025-03-18T05:33:25.025Z",
        "reply_count": 0,
        "reply_to_post_number": null,
        "quote_count": 0,
        "incoming_link_count": 0,
        "reads": 45,
        "readers_count": 44,
        "score": 22.8,
        "yours": false,
        "topic_id": 170309,
        "topic_slug": "ga4-bonus-marks",
        "display_username": "Carlton D'Silva",
        "primary_group_name": "ds-students",
        "flair_name": "ds-students",
        "flair_url": null,
        "flair_bg_color": "",
        "flair_color": "",
        "flair_group_id": 294,
        "badges_granted": [],
        "version": 1,
        "can_edit": false,
        "can_delete": false,
        "can_recover": false,
        "can_see_hidden_post": false,
        "can_wiki": false,
        "read": false,
        "user_title": "Regular",
        "title_is_group": false,
        "bookmarked": false,
        "actions_summary": [
          {
            "id": 2,
            "count": 1,
            "can_act": true
          },
          {
            "id": 6,
            "can_act": true
          },
          {
            "id": 3,
            "can_act": true
          },
          {
            "id": 4,
            "can_act": true
          },
          {
            "id": 8,
            "can_act": true
          },
          {
            "id": 10,
            "can_act": true
          },
          {
            "id": 7,
            "can_act": true
          }
        ],
        "moderator": false,
        "admin": false,
        "staff": false,
        "group_moderator": true,
        "user_id": 16094,
        "hidden": false,
        "trust_level": 3,
        "deleted_at": null,
        "user_deleted": false,
        "edit_reason": null,
        "can_view_edit_history": true,
        "wiki": false,
        "post_url": "/t/ga4-bonus-marks/170309/2",
        "user_cakedate": "2023-01-25",
        "reactions": [
          {
            "id": "heart",
            "type": "emoji",
            "count": 1
          }
        ],
        "current_user_reaction": null,
        "reaction_users_count": 1,
        "current_user_used_main_reaction": false,
        "can_accept_answer": false,
        "can_unaccept_answer": false,
        "accepted_answer": true,
        "topic_accepted_answer": true
      }
    ],
    "stream": [
      607882,
      607968
    ]
  },
  "timeline_lookup": [
    [
      1,
      75
    ],
    [
      2,
      74
    ]
  ],
  "suggested_topics": [
    {
      "id": 173524,
      "title": "GA1 - Development Tools - Discussion Thread [TDS May 2025]",
      "fancy_title": "GA1 - Development Tools - Discussion Thread [TDS May 2025]",
      "slug": "ga1-development-tools-discussion-thread-tds-may-2025",
      "posts_count": 80,
      "reply_count": 51,
      "highest_post_number": 85,
      "image_url": null,
      "created_at": "2025-05-01T11:39:00.734Z",
      "last_posted_at": "2025-05-31T15:34:18.368Z",
      "bumped": true,
      "bumped_at": "2025-05-31T15:34:18.368Z",
      "archetype": "regular",
      "unseen": false,
      "last_read_post_number": 82,
      "unread": 0,
      "new_posts": 3,
      "unread_posts": 3,
      "pinned": false,
      "unpinned": null,
      "visible": true,
      "closed": false,
      "archived": false,
      "notification_level": 2,
      "bookmarked": false,
      "liked": false,
      "tags": [
        "term2-2025",
        "graded-assignment"
      ],
      "tags_descriptions": {},
      "like_count": 25,
      "views": 1155,
      "category_id": 34,
      "featured_link": null,
      "has_accepted_answer": false,
      "posters": [
        {
          "extras": null,
          "description": "Original Poster",
          "user": {
            "id": 9419,
            "username": "s.anand",
            "name": "Anand S",
            "avatar_template": "/user_avatar/discourse.onlinedegree.iitm.ac.in/s.anand/{size}/15264_2.png",
            "primary_group_name": "faculty",
            "flair_name": "faculty",
            "flair_url": "chalkboard-user",
            "flair_bg_color": "f2c26e",
            "flair_color": "000",
            "flair_group_id": 54,
            "trust_level": 4
          }
        },
        {
          "extras": null,
          "description": "Frequent Poster",
          "user": {
            "id": 22472,
            "username": "Advaith52",
            "name": "Advaith Sanil Kumar",
            "avatar_template": "/user_avatar/discourse.onlinedegree.iitm.ac.in/advaith52/{size}/67172_2.png",
            "primary_group_name": "ds-students",
            "flair_name": "ds-students",
            "flair_group_id": 294,
            "trust_level": 1
          }
        },
        {
          "extras": null,
          "description": "Frequent Poster",
          "user": {
            "id": 16094,
            "username": "carlton",
            "name": "Carlton D'Silva",
            "avatar_template": "/user_avatar/discourse.onlinedegree.iitm.ac.in/carlton/{size}/56317_2.png",
            "primary_group_name": "ds-students",
            "flair_name": "ds-students",
            "flair_group_id": 294,
            "trust_level": 3
          }
        },
        {
          "extras": null,
          "description": "Frequent Poster",
          "user": {
            "id": 15658,
            "username": "HritikRoshan_HRM",
            "name": "HRITIK ROSHAN MAURYA",
            "avatar_template": "/user_avatar/discourse.onlinedegree.iitm.ac.in/hritikroshan_hrm/{size}/66975_2.png",
            "primary_group_name": "ds-students",
            "flair_name": "ds-students",
            "flair_group_id": 294,
            "trust_level": 1
          }
        },
        {
          "extras": "latest",
          "description": "Most Recent Poster",
          "user": {
            "id": 12914,
            "username": "iAnimeshS",
            "name": "Animesh",
            "avatar_template": "/user_avatar/discourse.onlinedegree.iitm.ac.in/ianimeshs/{size}/12415_2.png",
            "primary_group_name": "ds-students",
            "flair_name": "ds-students",
            "flair_group_id": 294,
            "trust_level": 1
          }
        }
      ]
    },
    {
      "id": 176789,
      "title": "Vercel deployement error",
      "fancy_title": "Vercel deployement error",
      "slug": "vercel-deployement-error",
      "posts_count": 1,
      "reply_count": 0,
      "highest_post_number": 1,
      "image_url": null,
      "created_at": "2025-05-31T11:55:22.507Z",
      "last_posted_at": "2025-05-31T11:55:22.708Z",
      "bumped": true,
      "bumped_at": "2025-05-31T11:55:22.708Z",
      "archetype": "regular",
      "unseen": true,
      "pinned": false,
      "unpinned": null,
      "visible": true,
      "closed": false,
      "archived": false,
      "bookmarked": null,
      "liked": null,
      "tags": [
        "diploma-level",
        "term2-2025"
      ],
      "tags_descriptions": {},
      "like_count": 0,
      "views": 9,
      "category_id": 34,
      "featured_link": null,
      "has_accepted_answer": false,
      "posters": [
        {
          "extras": "latest single",
          "description": "Original Poster, Most Recent Poster",
          "user": {
            "id": 25506,
            "username": "23f3003724",
            "name": "Vedika Gupta",
            "avatar_template": "/user_avatar/discourse.onlinedegree.iitm.ac.in/23f3003724/{size}/68806_2.png",
            "primary_group_name": "ds-students",
            "flair_name": "ds-students",
            "flair_group_id": 294,
            "trust_level": 1
          }
        }
      ]
    }
  ],
  "tags": [
    "clarification",
    "term1-2025",
    "graded-assignment",
    "week-4"
  ],
  "tags_descriptions": {},
  "id": 170309,
  "title": "GA4 bonus marks",
  "fancy_title": "GA4 bonus marks",
  "posts_count": 2,
  "created_at": "2025-03-17T17:58:43.761Z",
  "views": 58,
  "reply_count": 0,
  "like_count": 1,
  "last_posted_at": "2025-03-18T05:33:25.025Z",
  "visible": true,
  "closed": false,
  "archived": false,
  "has_summary": false,
  "archetype": "regular",
  "slug": "ga4-bonus-marks",
  "category_id": 34,
  "word_count": 105,
  "deleted_at": null,
  "user_id": 40000,
  "featured_link": null,
  "pinned_globally": false,
  "pinned_at": null,
  "pinned_until": null,
  "image_url": null,
  "slow_mode_seconds": 0,
  "draft": null,
  "draft_key": "topic_170309",
  "draft_sequence": 0,
  "unpinned": null,
  "pinned": false,
  "current_post_number": 1,
  "highest_post_number": 2,
  "deleted_by": null,
  "actions_summary": [
    {
      "id": 4,
      "count": 0,
      "hidden": false,
      "can_act": true
    },
    {
      "id": 8,
      "count": 0,
      "hidden": false,
      "can_act": true
    },
    {
      "id": 10,
      "count": 0,
      "hidden": false,
      "can_act": true
    },
    {
      "id": 7,
      "count": 0,
      "hidden": false,
      "can_act": true
    }
  ],
  "chunk_size": 20,
  "bookmarked": false,
  "topic_timer": null,
  "message_bus_last_id": 0,
  "participant_count": 2,
  "show_read_indicator": false,
  "thumbnails": null,
  "slow_mode_enabled_until": null,
  "tags_disable_ads": false,
  "related_topics": [
    {
      "id": 172246,
      "title": "Bonus Marks in TDS for Jan 25",
      "fancy_title": "Bonus Marks in TDS for Jan 25",
      "slug": "bonus-marks-in-tds-for-jan-25",
      "posts_count": 52,
      "reply_count": 36,
      "highest_post_number": 56,
      "image_url": null,
      "created_at": "2025-04-09T13:03:21.636Z",
      "last_posted_at": "2025-04-19T08:58:39.763Z",
      "bumped": true,
      "bumped_at": "2025-04-19T08:58:39.763Z",
      "archetype": "regular",
      "unseen": false,
      "pinned": false,
      "unpinned": null,
      "visible": true,
      "closed": false,
      "archived": false,
      "bookmarked": null,
      "liked": null,
      "tags": [
        "clarification"
      ],
      "tags_descriptions": {},
      "like_count": 218,
      "views": 654,
      "category_id": 34,
      "featured_link": null,
      "has_accepted_answer": false,
      "posters": [
        {
          "extras": null,
          "description": "Original Poster",
          "user": {
            "id": 21840,
            "username": "23f2004636",
            "name": "Akshit Mittal",
            "avatar_template": "/user_avatar/discourse.onlinedegree.iitm.ac.in/23f2004636/{size}/86136_2.png",
            "primary_group_name": "ds-students",
            "flair_name": "ds-students",
            "flair_group_id": 294,
            "trust_level": 1
          }
        },
        {
          "extras": null,
          "description": "Frequent Poster",
          "user": {
            "id": 1,
            "username": "jkmadathil",
            "name": "Jayakrishnan",
            "avatar_template": "/user_avatar/discourse.onlinedegree.iitm.ac.in/jkmadathil/{size}/100121_2.png",
            "primary_group_name": "ds-students",
            "flair_name": "course_support",
            "flair_url": "scale-balanced",
            "flair_bg_color": "0040ff",
            "flair_color": "1affc6",
            "flair_group_id": 41,
            "admin": true,
            "trust_level": 4
          }
        },
        {
          "extras": null,
          "description": "Frequent Poster",
          "user": {
            "id": 14172,
            "username": "akashkunwar",
            "name": "Akash Kumar",
            "avatar_template": "/user_avatar/discourse.onlinedegree.iitm.ac.in/akashkunwar/{size}/45300_2.png",
            "primary_group_name": "ds-students",
            "flair_name": "ds-students",
            "flair_group_id": 294,
            "trust_level": 1
          }
        },
        {
          "extras": null,
          "description": "Frequent Poster",
          "user": {
            "id": 27771,
            "username": "23F300327",
            "name": "Mishkat Chougule",
            "avatar_template": "/user_avatar/discourse.onlinedegree.iitm.ac.in/23f300327/{size}/91361_2.png",
            "primary_group_name": "ds-students",
            "flair_name": "ds-students",
            "flair_group_id": 294,
            "trust_level": 1
          }
        },
        {
          "extras": "latest",
          "description": "Most Recent Poster",
          "user": {
            "id": 18875,
            "username": "23f2000983",
            "name": "Aindree Chatterjee",
            "avatar_template": "/user_avatar/discourse.onlinedegree.iitm.ac.in/23f2000983/{size}/67405_2.png",
            "primary_group_name": "ds-students",
            "flair_name": "ds-students",
            "flair_group_id": 294,
            "trust_level": 1
          }
        }
      ]
    },
    {
      "id": 85860,
      "title": "Bonus marks still not added",
      "fancy_title": "Bonus marks still not added",
      "slug": "bonus-marks-still-not-added",
      "posts_count": 1,
      "reply_count": 0,
      "highest_post_number": 1,
      "image_url": null,
      "created_at": "2023-05-08T12:39:25.784Z",
      "last_posted_at": "2023-05-08T12:39:26.034Z",
      "bumped": true,
      "bumped_at": "2023-05-08T12:39:26.034Z",
      "archetype": "regular",
      "unseen": false,
      "pinned": false,
      "unpinned": null,
      "visible": true,
      "closed": false,
      "archived": false,
      "bookmarked": null,
      "liked": null,
      "tags": [
        "clarification",
        "operational"
      ],
      "tags_descriptions": {},
      "like_count": 2,
      "views": 34,
      "category_id": 34,
      "featured_link": null,
      "has_accepted_answer": false,
      "posters": [
        {
          "extras": "latest single",
          "description": "Original Poster, Most Recent Poster",
          "user": {
            "id": 3074,
            "username": "dhruvg",
            "name": "Dhruv Gupta",
            "avatar_template": "/user_avatar/discourse.onlinedegree.iitm.ac.in/dhruvg/{size}/66667_2.png",
            "primary_group_name": "ds-students",
            "flair_name": "ds-students",
            "flair_group_id": 294,
            "trust_level": 1
          }
        }
      ]
    },
    {
      "id": 160773,
      "title": "Where are my bonus marks?",
      "fancy_title": "Where are my bonus marks?",
      "slug": "where-are-my-bonus-marks",
      "posts_count": 9,
      "reply_count": 8,
      "highest_post_number": 10,
      "image_url": null,
      "created_at": "2024-12-28T18:40:55.912Z",
      "last_posted_at": "2024-12-31T08:25:03.343Z",
      "bumped": true,
      "bumped_at": "2024-12-31T08:25:03.343Z",
      "archetype": "regular",
      "unseen": false,
      "pinned": false,
      "unpinned": null,
      "visible": true,
      "closed": false,
      "archived": false,
      "bookmarked": null,
      "liked": null,
      "tags": [
        "diploma-level"
      ],
      "tags_descriptions": {},
      "like_count": 6,
      "views": 173,
      "category_id": 34,
      "featured_link": null,
      "has_accepted_answer": true,
      "posters": [
        {
          "extras": "latest",
          "description": "Original Poster, Most Recent Poster",
          "user": {
            "id": 15475,
            "username": "22f3002293",
            "name": "Rajat Goel",
            "avatar_template": "/user_avatar/discourse.onlinedegree.iitm.ac.in/22f3002293/{size}/92210_2.png",
            "primary_group_name": "ds-students",
            "flair_name": "ds-students",
            "flair_group_id": 294,
            "trust_level": 2
          }
        },
        {
          "extras": null,
          "description": "Frequent Poster, Accepted Answer",
          "user": {
            "id": 1,
            "username": "jkmadathil",
            "name": "Jayakrishnan",
            "avatar_template": "/user_avatar/discourse.onlinedegree.iitm.ac.in/jkmadathil/{size}/100121_2.png",
            "primary_group_name": "ds-students",
            "flair_name": "course_support",
            "flair_url": "scale-balanced",
            "flair_bg_color": "0040ff",
            "flair_color": "1affc6",
            "flair_group_id": 41,
            "admin": true,
            "trust_level": 4
          }
        },
        {
          "extras": null,
          "description": "Frequent Poster",
          "user": {
            "id": 15669,
            "username": "23f1000996",
            "name": "MD IRSHAD ANWAR",
            "avatar_template": "https://avatars.discourse-cdn.com/v4/letter/2/779978/{size}.png",
            "primary_group_name": "ds-students",
            "flair_name": "ds-students",
            "flair_group_id": 294,
            "trust_level": 1
          }
        },
        {
          "extras": null,
          "description": "Frequent Poster",
          "user": {
            "id": 15651,
            "username": "Jivraj",
            "name": "Jivraj Singh Shekhawat",
            "avatar_template": "https://avatars.discourse-cdn.com/v4/letter/j/b9bd4f/{size}.png",
            "primary_group_name": "ds-students",
            "flair_name": "ds-students",
            "flair_group_id": 294,
            "trust_level": 2
          }
        },
        {
          "extras": null,
          "description": "Frequent Poster",
          "user": {
            "id": 16094,
            "username": "carlton",
            "name": "Carlton D'Silva",
            "avatar_template": "/user_avatar/discourse.onlinedegree.iitm.ac.in/carlton/{size}/56317_2.png",
            "primary_group_name": "ds-students",
            "flair_name": "ds-students",
            "flair_group_id": 294,
            "trust_level": 3
          }
        }
      ]
    },
    {
      "id": 128190,
      "title": "Bonus marks calculated wrong",
      "fancy_title": "Bonus marks calculated wrong",
      "slug": "bonus-marks-calculated-wrong",
      "posts_count": 4,
      "reply_count": 0,
      "highest_post_number": 4,
      "image_url": "https://europe1.discourse-cdn.com/flex013/uploads/iitm/original/3X/b/6/b6104367bdf7c74201bc032adf83d63000a0dfbb.png",
      "created_at": "2024-05-06T04:56:28.286Z",
      "last_posted_at": "2024-05-09T14:08:48.298Z",
      "bumped": true,
      "bumped_at": "2024-05-09T14:08:48.298Z",
      "archetype": "regular",
      "unseen": false,
      "pinned": false,
      "unpinned": null,
      "visible": true,
      "closed": false,
      "archived": false,
      "bookmarked": null,
      "liked": null,
      "tags": [
        "clarification",
        "course-portal"
      ],
      "tags_descriptions": {},
      "like_count": 0,
      "views": 106,
      "category_id": 30,
      "featured_link": null,
      "has_accepted_answer": false,
      "posters": [
        {
          "extras": null,
          "description": "Original Poster",
          "user": {
            "id": 24343,
            "username": "ShivaKumar",
            "name": "Gunda Shiva Kumar",
            "avatar_template": "/user_avatar/discourse.onlinedegree.iitm.ac.in/shivakumar/{size}/68306_2.png",
            "primary_group_name": "ds-students",
            "flair_name": "ds-students",
            "flair_group_id": 294,
            "trust_level": 1
          }
        },
        {
          "extras": null,
          "description": "Frequent Poster",
          "user": {
            "id": 24072,
            "username": "23f1001611",
            "name": "Arjun Dwarakesh Janarthanan",
            "avatar_template": "/user_avatar/discourse.onlinedegree.iitm.ac.in/23f1001611/{size}/67277_2.png",
            "primary_group_name": "ds-students",
            "flair_name": "ds-students",
            "flair_group_id": 294,
            "trust_level": 1
          }
        },
        {
          "extras": null,
          "description": "Frequent Poster",
          "user": {
            "id": 7332,
            "username": "21f3000872",
            "name": "Abhit Kumar Tyagi",
            "avatar_template": "/user_avatar/discourse.onlinedegree.iitm.ac.in/21f3000872/{size}/169_2.png",
            "primary_group_name": "ds-students",
            "flair_name": "ds-students",
            "flair_group_id": 294,
            "trust_level": 1
          }
        },
        {
          "extras": "latest",
          "description": "Most Recent Poster",
          "user": {
            "id": 21005,
            "username": "23f2003089",
            "name": "VISHAL S",
            "avatar_template": "/user_avatar/discourse.onlinedegree.iitm.ac.in/23f2003089/{size}/67268_2.png",
            "primary_group_name": "ds-students",
            "flair_name": "ds-students",
            "flair_group_id": 294,
            "trust_level": 1
          }
        }
      ]
    },
    {
      "id": 158034,
      "title": "GA-5 marks",
      "fancy_title": "GA-5 marks",
      "slug": "ga-5-marks",
      "posts_count": 3,
      "reply_count": 0,
      "highest_post_number": 3,
      "image_url": null,
      "created_at": "2024-12-04T10:34:21.607Z",
      "last_posted_at": "2024-12-04T16:17:02.975Z",
      "bumped": true,
      "bumped_at": "2024-12-04T16:17:02.975Z",
      "archetype": "regular",
      "unseen": false,
      "pinned": false,
      "unpinned": null,
      "visible": true,
      "closed": false,
      "archived": false,
      "bookmarked": null,
      "liked": null,
      "tags": [
        "graded-assignment"
      ],
      "tags_descriptions": {},
      "like_count": 4,
      "views": 69,
      "category_id": 34,
      "featured_link": null,
      "has_accepted_answer": false,
      "posters": [
        {
          "extras": null,
          "description": "Original Poster",
          "user": {
            "id": 17736,
            "username": "23f2000573",
            "name": "B R GIRI SUBRAHMANYA",
            "avatar_template": "/user_avatar/discourse.onlinedegree.iitm.ac.in/23f2000573/{size}/68306_2.png",
            "primary_group_name": "ds-students",
            "flair_name": "ds-students",
            "flair_group_id": 294,
            "trust_level": 1
          }
        },
        {
          "extras": null,
          "description": "Frequent Poster",
          "user": {
            "id": 29417,
            "username": "lifelonglearner",
            "name": "Prasad",
            "avatar_template": "/user_avatar/discourse.onlinedegree.iitm.ac.in/lifelonglearner/{size}/67019_2.png",
            "primary_group_name": "ds-students",
            "flair_name": "ds-students",
            "flair_group_id": 294,
            "trust_level": 1
          }
        },
        {
          "extras": "latest",
          "description": "Most Recent Poster",
          "user": {
            "id": 16094,
            "username": "carlton",
            "name": "Carlton D'Silva",
            "avatar_template": "/user_avatar/discourse.onlinedegree.iitm.ac.in/carlton/{size}/56317_2.png",
            "primary_group_name": "ds-students",
            "flair_name": "ds-students",
            "flair_group_id": 294,
            "trust_level": 3
          }
        }
      ]
    }
  ],
  "summarizable": false,
  "valid_reactions": [
    "heart",
    "+1",
    "laughing",
    "open_mouth",
    "clap",
    "confetti_ball",
    "rocket",
    "-1"
  ],
  "accepted_answer": {
    "post_number": 2,
    "username": "carlton",
    "name": null,
    "excerpt": "Hi <a class=\"mention\" href=\"/u/sakshi6479\">@Sakshi6479</a>, \nYou have not followed the instruction in GA4 for the bonus mark. \n <a class=\"lightbox\" href=\"https://europe1.discourse-cdn.com/flex013/uploads/iitm/original/3X/3/2/3205507ea43e03c25e60cdefccf830d9e1a803ed.png\" data-download-href=\"/uploads/short-url/78vg63NQeOCt2TA1QPF7QmnHAiF.png?dl=1\" title=\"Screenshot 2025-03-18 at 11.02.31 am\">[Screenshot 2025-03-18 at 11.02.31 am]</a> \nWe were given the list by Anand for all those that followed this instruction. \nThat is why you have not received the bonus mark for GA4. \nKind regards",
    "accepter_name": null,
    "accepter_username": "Jivraj"
  },
  "can_vote": false,
  "vote_count": 0,
  "user_voted": false,
  "discourse_zendesk_plugin_zendesk_id": null,
  "discourse_zendesk_plugin_zendesk_url": "https://your-url.zendesk.com/agent/tickets/",
  "details": {
    "can_edit": false,
    "notification_level": 1,
    "can_create_post": true,
    "can_reply_as_new_topic": true,
    "can_flag_topic": true,
    "participants": [
      {
        "id": 16094,
        "username": "carlton",
        "name": "Carlton D'Silva",
        "avatar_template": "/user_avatar/discourse.onlinedegree.iitm.ac.in/carlton/{size}/56317_2.png",
        "post_count": 1,
        "primary_group_name": "ds-students",
        "flair_name": "ds-students",
        "flair_url": null,
        "flair_color": "",
        "flair_bg_color": "",
        "flair_group_id": 294,
        "trust_level": 3
      },
      {
        "id": 40000,
        "username": "Sakshi6479",
        "name": "SAKSHI PATHAK",
        "avatar_template": "/user_avatar/discourse.onlinedegree.iitm.ac.in/sakshi6479/{size}/110446_2.png",
        "post_count": 1,
        "primary_group_name": "ds-students",
        "flair_name": "ds-students",
        "flair_url": null,
        "flair_color": "",
        "flair_bg_color": "",
        "flair_group_id": 294,
        "trust_level": 1
      }
    ],
    "created_by": {
      "id": 40000,
      "username": "Sakshi6479",
      "name": "SAKSHI PATHAK",
      "avatar_template": "/user_avatar/discourse.onlinedegree.iitm.ac.in/sakshi6479/{size}/110446_2.png"
    },
    "last_poster": {
      "id": 16094,
      "username": "carlton",
      "name": "Carlton D'Silva",
      "avatar_template": "/user_avatar/discourse.onlinedegree.iitm.ac.in/carlton/{size}/56317_2.png"
    }
  },
  "pending_posts": [],
  "bookmarks": []
}